0.000000000000000000e+00,8.241758241758241968e-03,1.098901098901098987e-02,1.153846153846153910e-01,6.868131868131868711e-02,2.472527472527472417e-02,1.510989010989010894e-01,1.373626373626373603e-02,0.000000000000000000e+00,5.494505494505494934e-03,5.494505494505494934e-03,2.747252747252747467e-03,1.098901098901098883e-01,5.494505494505494414e-02,5.494505494505494934e-03,1.373626373626373603e-02,2.747252747252747467e-03,3.571428571428571230e-02,0.000000000000000000e+00,2.747252747252747467e-03,0.000000000000000000e+00,6.868131868131868711e-02,2.747252747252747467e-03,2.747252747252747467e-03,8.241758241758241968e-03,2.747252747252747207e-02,8.241758241758241968e-03,0.000000000000000000e+00,1.373626373626373603e-02,2.747252747252747207e-02,3.571428571428571230e-02,0.000000000000000000e+00,2.747252747252747467e-03,5.219780219780219971e-02,3.021978021978021997e-02,0.000000000000000000e+00,8.241758241758241968e-03,0.000000000000000000e+00,0.000000000000000000e+00,5.494505494505494934e-03,5.494505494505494934e-03,2.472527472527472417e-02,0.000000000000000000e+00,2.747252747252747467e-03,0.000000000000000000e+00,1.373626373626373603e-02,0.000000000000000000e+00,0.000000000000000000e+00,0.000000000000000000e+00,0.000000000000000000e+00,2.472527472527472417e-02,0.000000000000000000e+00,2.747252747252747467e-03
2.982107355864811044e-02,0.000000000000000000e+00,1.471172962226640069e-01,2.584493041749503020e-02,1.888667992047713684e-01,1.471172962226640069e-01,7.952286282306162205e-03,3.976143141153081102e-03,1.590457256461232441e-02,0.000000000000000000e+00,1.988071570576540811e-02,2.783300198807157205e-02,1.789264413518886626e-02,3.976143141153081102e-03,0.000000000000000000e+00,7.952286282306162205e-03,9.940357852882704057e-03,2.186878727634194997e-02,1.988071570576540551e-03,0.000000000000000000e+00,1.391650099403578603e-02,3.180914512922464882e-02,1.391650099403578603e-02,1.789264413518886626e-02,1.988071570576540551e-03,3.976143141153081102e-03,1.192842942345924417e-02,5.765407554671968249e-02,6.361829025844929764e-02,0.000000000000000000e+00,2.783300198807157205e-02,0.000000000000000000e+00,1.988071570576540551e-03,1.789264413518886626e-02,4.771371769383697670e-02,0.000000000000000000e+00,0.000000000000000000e+00,0.000000000000000000e+00,0.000000000000000000e+00,0.000000000000000000e+00,0.000000000000000000e+00,0.000000000000000000e+00,0.000000000000000000e+00,0.000000000000000000e+00,0.000000000000000000e+00,0.000000000000000000e+00,0.000000000000000000e+00,0.000000000000000000e+00,0.000000000000000000e+00,7.952286282306162205e-03,1.988071570576540551e-03,0.000000000000000000e+00,0.000000000000000000e+00
2.212389380530973421e-03,8.628318584070795993e-02,0.000000000000000000e+00,6.637168141592920956e-02,3.982300884955752157e-02,9.734513274336283051e-02,1.194690265486725717e-01,3.982300884955752157e-02,1.106194690265486710e-02,2.212389380530973421e-03,4.424778761061946841e-03,6.637168141592920262e-03,4.424778761061946841e-02,1.991150442477876079e-02,8.849557522123893682e-03,2.212389380530973421e-03,1.769911504424778736e-02,1.769911504424778736e-02,2.212389380530973421e-03,0.000000000000000000e+00,1.106194690265486710e-02,2.101769911504424715e-01,0.000000000000000000e+00,0.000000000000000000e+00,1.769911504424778736e-02,4.424778761061946841e-03,0.000000000000000000e+00,6.637168141592920262e-03,0.000000000000000000e+00,4.203539823008849846e-02,2.212389380530973421e-03,0.000000000000000000e+00,0.000000000000000000e+00,1.548672566371681394e-02,2.433628318584070763e-02,0.000000000000000000e+00,2.212389380530973421e-03,0.000000000000000000e+00,0.000000000000000000e+00,0.000000000000000000e+00,8.849557522123893682e-03,2.212389380530973421e-02,2.212389380530973421e-03,0.000000000000000000e+00,0.000000000000000000e+00,1.769911504424778736e-02,0.000000000000000000e+00,0.000000000000000000e+00,0.000000000000000000e+00,0.000000000000000000e+00,4.424778761061946841e-03,2.212389380530973421e-03,1.769911504424778736e-02
5.514157973174366872e-02,2.980625931445603574e-03,1.937406855439642236e-02,0.000000000000000000e+00,2.980625931445603574e-03,4.769001490312965719e-02,1.490312965722801787e-03,1.415797317436661706e-01,5.365126676602086780e-02,1.937406855439642236e-02,1.788375558867362144e-02,1.192250372578241430e-02,7.749627421758568946e-02,5.961251862891207148e-03,0.000000000000000000e+00,1.490312965722801787e-03,2.086438152011922675e-02,2.533532041728762951e-02,0.000000000000000000e+00,0.000000000000000000e+00,8.792846497764530977e-02,8.941877794336810722e-03,0.000000000000000000e+00,1.192250372578241430e-02,2.831594634873323482e-02,0.000000000000000000e+00,1.192250372578241430e-02,3.874813710879284473e-02,4.023845007451564565e-02,0.000000000000000000e+00,8.941877794336810722e-03,5.961251862891207148e-03,2.831594634873323482e-02,8.941877794336810722e-03,7.451564828614008935e-03,0.000000000000000000e+00,0.000000000000000000e+00,0.000000000000000000e+00,1.400894187779433697e-01,0.000000000000000000e+00,0.000000000000000000e+00,7.451564828614008935e-03,0.000000000000000000e+00,1.490312965722801787e-03,0.000000000000000000e+00,0.000000000000000000e+00,0.000000000000000000e+00,2.980625931445603574e-02,0.000000000000000000e+00,2.831594634873323482e-02,0.000000000000000000e+00,0.000000000000000000e+00,0.000000000000000000e+00
3.255813953488372048e-02,2.093023255813953598e-01,4.806201550387596833e-02,3.100775193798449569e-03,0.000000000000000000e+00,9.612403100775193665e-02,0.000000000000000000e+00,2.325581395348837177e-02,7.751937984496123923e-03,0.000000000000000000e+00,6.201550387596899139e-03,3.410852713178294526e-02,1.240310077519379828e-02,1.550387596899224785e-03,0.000000000000000000e+00,1.395348837209302306e-02,2.480620155038759655e-02,3.410852713178294526e-02,1.550387596899224785e-03,0.000000000000000000e+00,3.100775193798449569e-03,2.480620155038759655e-02,1.550387596899224785e-03,2.170542635658914699e-02,1.550387596899224785e-03,0.000000000000000000e+00,2.480620155038759655e-02,3.255813953488372048e-02,7.596899224806201445e-02,0.000000000000000000e+00,1.240310077519379828e-02,1.550387596899224785e-03,1.550387596899224785e-03,3.100775193798449569e-03,5.426356589147286746e-02,0.000000000000000000e+00,0.000000000000000000e+00,0.000000000000000000e+00,1.627906976744186163e-01,0.000000000000000000e+00,0.000000000000000000e+00,2.325581395348837177e-02,0.000000000000000000e+00,0.000000000000000000e+00,0.000000000000000000e+00,0.000000000000000000e+00,0.000000000000000000e+00,0.000000000000000000e+00,0.000000000000000000e+00,0.000000000000000000e+00,4.651162790697674354e-03,0.000000000000000000e+00,1.550387596899224785e-03
1.311881188118811936e-01,1.089108910891089105e-01,6.930693069306931298e-02,5.693069306930693269e-02,1.287128712871287162e-01,0.000000000000000000e+00,4.455445544554455239e-02,8.415841584158416377e-02,3.465346534653465649e-02,7.425742574257425399e-03,1.237623762376237682e-02,2.970297029702970160e-02,1.980198019801980222e-02,3.465346534653465649e-02,0.000000000000000000e+00,7.425742574257425399e-03,3.712871287128712700e-02,4.702970297029702984e-02,0.000000000000000000e+00,0.000000000000000000e+00,2.475247524752475278e-03,1.237623762376237682e-02,2.722772277227722762e-02,2.475247524752475278e-03,2.475247524752475278e-03,0.000000000000000000e+00,7.425742574257425399e-03,1.485148514851485080e-02,1.732673267326732824e-02,0.000000000000000000e+00,2.475247524752475364e-02,0.000000000000000000e+00,0.000000000000000000e+00,1.237623762376237682e-02,1.237623762376237682e-02,0.000000000000000000e+00,0.000000000000000000e+00,0.000000000000000000e+00,0.000000000000000000e+00,0.000000000000000000e+00,0.000000000000000000e+00,2.475247524752475278e-03,0.000000000000000000e+00,0.000000000000000000e+00,0.000000000000000000e+00,0.000000000000000000e+00,0.000000000000000000e+00,0.000000000000000000e+00,0.000000000000000000e+00,0.000000000000000000e+00,4.950495049504950555e-03,2.475247524752475278e-03,0.000000000000000000e+00
0.000000000000000000e+00,2.415458937198067518e-03,0.000000000000000000e+00,2.415458937198067518e-03,0.000000000000000000e+00,0.000000000000000000e+00,0.000000000000000000e+00,0.000000000000000000e+00,0.000000000000000000e+00,7.246376811594202987e-03,0.000000000000000000e+00,0.000000000000000000e+00,7.246376811594202987e-03,0.000000000000000000e+00,0.000000000000000000e+00,2.415458937198067518e-03,0.000000000000000000e+00,1.690821256038647219e-02,1.207729468599033802e-02,1.449275362318840597e-02,0.000000000000000000e+00,0.000000000000000000e+00,0.000000000000000000e+00,0.000000000000000000e+00,0.000000000000000000e+00,0.000000000000000000e+00,0.000000000000000000e+00,0.000000000000000000e+00,0.000000000000000000e+00,0.000000000000000000e+00,0.000000000000000000e+00,4.830917874396135035e-03,0.000000000000000000e+00,0.000000000000000000e+00,2.415458937198067518e-03,3.429951690821256283e-01,7.246376811594202987e-03,1.038647342995169115e-01,0.000000000000000000e+00,0.000000000000000000e+00,2.415458937198067518e-03,2.415458937198067518e-03,0.000000000000000000e+00,8.212560386473430341e-02,3.164251207729468773e-01,0.000000000000000000e+00,2.415458937198067518e-03,0.000000000000000000e+00,4.830917874396135035e-03,0.000000000000000000e+00,3.623188405797101580e-02,7.246376811594202987e-03,1.932367149758454014e-02
9.625668449197860577e-02,2.673796791443850112e-03,6.149732620320855908e-02,1.417112299465240755e-01,4.545454545454545581e-02,1.016042780748663138e-01,0.000000000000000000e+00,0.000000000000000000e+00,2.406417112299465144e-02,2.673796791443850199e-02,1.336898395721925099e-02,1.604278074866310327e-02,2.139037433155080090e-02,4.545454545454545581e-02,0.000000000000000000e+00,1.336898395721925099e-02,1.336898395721925099e-02,3.475935828877005362e-02,0.000000000000000000e+00,0.000000000000000000e+00,3.208556149732620655e-02,1.336898395721925099e-02,2.673796791443850112e-03,8.021390374331551637e-03,5.614973262032085799e-02,0.000000000000000000e+00,2.673796791443850199e-02,1.336898395721925099e-02,4.812834224598930288e-02,0.000000000000000000e+00,7.754010695187166236e-02,2.673796791443850112e-03,8.021390374331551637e-03,3.208556149732620655e-02,2.673796791443850112e-03,0.000000000000000000e+00,0.000000000000000000e+00,0.000000000000000000e+00,0.000000000000000000e+00,0.000000000000000000e+00,0.000000000000000000e+00,1.069518716577540045e-02,0.000000000000000000e+00,0.000000000000000000e+00,0.000000000000000000e+00,0.000000000000000000e+00,0.000000000000000000e+00,8.021390374331551637e-03,0.000000000000000000e+00,0.000000000000000000e+00,0.000000000000000000e+00,0.000000000000000000e+00,0.000000000000000000e+00
0.000000000000000000e+00,5.514705882352941534e-03,9.191176470588235600e-03,3.125000000000000000e-02,1.654411764705882373e-02,2.757352941176470507e-02,1.029411764705882304e-01,5.514705882352941534e-03,0.000000000000000000e+00,1.838235294117647033e-03,0.000000000000000000e+00,0.000000000000000000e+00,3.125000000000000000e-02,1.838235294117647033e-03,1.838235294117647033e-03,0.000000000000000000e+00,1.397058823529411797e-01,4.595588235294117974e-02,9.191176470588235600e-03,0.000000000000000000e+00,8.088235294117647467e-02,7.352941176470588133e-03,0.000000000000000000e+00,0.000000000000000000e+00,1.838235294117647033e-03,0.000000000000000000e+00,0.000000000000000000e+00,8.088235294117647467e-02,0.000000000000000000e+00,1.102941176470588307e-02,1.286764705882352880e-02,3.676470588235294067e-03,0.000000000000000000e+00,4.044117647058823733e-02,6.985294117647058987e-02,0.000000000000000000e+00,3.676470588235294067e-03,0.000000000000000000e+00,0.000000000000000000e+00,0.000000000000000000e+00,1.176470588235294101e-01,0.000000000000000000e+00,0.000000000000000000e+00,3.676470588235294067e-03,0.000000000000000000e+00,1.838235294117647033e-03,0.000000000000000000e+00,0.000000000000000000e+00,7.352941176470588133e-03,9.742647058823529493e-02,2.757352941176470507e-02,0.000000000000000000e+00,1.838235294117647033e-03
1.716738197424892698e-02,0.000000000000000000e+00,4.291845493562231745e-03,3.004291845493562221e-02,0.000000000000000000e+00,4.291845493562231745e-03,2.961373390557939800e-01,3.862660944206008917e-02,2.145922746781115872e-02,0.000000000000000000e+00,0.000000000000000000e+00,0.000000000000000000e+00,3.862660944206008917e-02,6.866952789699570792e-02,0.000000000000000000e+00,0.000000000000000000e+00,3.433476394849785396e-02,6.437768240343347270e-02,0.000000000000000000e+00,4.291845493562231745e-03,4.721030042918455266e-02,8.583690987124463490e-03,0.000000000000000000e+00,0.000000000000000000e+00,3.433476394849785396e-02,8.583690987124463490e-03,0.000000000000000000e+00,0.000000000000000000e+00,0.000000000000000000e+00,3.004291845493562221e-02,1.716738197424892698e-02,0.000000000000000000e+00,0.000000000000000000e+00,0.000000000000000000e+00,1.716738197424892698e-02,0.000000000000000000e+00,1.630901287553647994e-01,0.000000000000000000e+00,0.000000000000000000e+00,0.000000000000000000e+00,0.000000000000000000e+00,8.583690987124463490e-03,0.000000000000000000e+00,0.000000000000000000e+00,0.000000000000000000e+00,4.291845493562231745e-03,0.000000000000000000e+00,0.000000000000000000e+00,0.000000000000000000e+00,0.000000000000000000e+00,3.004291845493562221e-02,8.583690987124463490e-03,0.000000000000000000e+00
5.479452054794520591e-03,2.191780821917808236e-02,5.479452054794520591e-03,8.219178082191780019e-03,3.287671232876712007e-02,1.917808219178082293e-02,6.027397260273972823e-02,5.479452054794520591e-03,0.000000000000000000e+00,0.000000000000000000e+00,0.000000000000000000e+00,5.753424657534246534e-02,1.095890410958904118e-02,6.301369863013699113e-02,2.739726027397260295e-03,1.780821917808219079e-01,0.000000000000000000e+00,4.109589041095890183e-02,0.000000000000000000e+00,0.000000000000000000e+00,0.000000000000000000e+00,0.000000000000000000e+00,5.479452054794520591e-03,0.000000000000000000e+00,2.739726027397260295e-03,1.698630136986301331e-01,5.479452054794520591e-03,0.000000000000000000e+00,0.000000000000000000e+00,2.739726027397260295e-03,2.739726027397260295e-03,0.000000000000000000e+00,6.301369863013699113e-02,8.219178082191780019e-03,0.000000000000000000e+00,0.000000000000000000e+00,1.643835616438356004e-02,0.000000000000000000e+00,0.000000000000000000e+00,2.739726027397260295e-03,0.000000000000000000e+00,1.452054794520547809e-01,0.000000000000000000e+00,0.000000000000000000e+00,0.000000000000000000e+00,4.109589041095890183e-02,0.000000000000000000e+00,0.000000000000000000e+00,0.000000000000000000e+00,0.000000000000000000e+00,2.191780821917808236e-02,0.000000000000000000e+00,0.000000000000000000e+00
2.341137123745819226e-02,3.010033444816053588e-02,1.003344481605351196e-02,1.337792642140468204e-02,6.688963210702340845e-02,6.688963210702341018e-03,6.688963210702341018e-03,1.003344481605351196e-02,0.000000000000000000e+00,0.000000000000000000e+00,8.361204013377926403e-02,0.000000000000000000e+00,0.000000000000000000e+00,9.030100334448160071e-02,0.000000000000000000e+00,2.040133779264214076e-01,0.000000000000000000e+00,5.351170568561872815e-02,3.344481605351170509e-03,0.000000000000000000e+00,0.000000000000000000e+00,0.000000000000000000e+00,1.003344481605351196e-01,3.344481605351170509e-03,3.344481605351170509e-03,4.682274247491638453e-02,6.688963210702341018e-03,0.000000000000000000e+00,1.337792642140468204e-02,0.000000000000000000e+00,8.361204013377926403e-02,0.000000000000000000e+00,7.692307692307692735e-02,6.688963210702341018e-03,0.000000000000000000e+00,0.000000000000000000e+00,0.000000000000000000e+00,0.000000000000000000e+00,0.000000000000000000e+00,0.000000000000000000e+00,0.000000000000000000e+00,5.685618729096989649e-02,0.000000000000000000e+00,0.000000000000000000e+00,0.000000000000000000e+00,0.000000000000000000e+00,0.000000000000000000e+00,0.000000000000000000e+00,0.000000000000000000e+00,0.000000000000000000e+00,0.000000000000000000e+00,0.000000000000000000e+00,0.000000000000000000e+00
3.213610586011342307e-02,0.000000000000000000e+00,9.451795841209829907e-02,1.625708884688090716e-01,1.701323251417769314e-02,3.780718336483932050e-03,1.323251417769376152e-02,3.024574669187145640e-02,6.238185255198487600e-02,4.725897920604914954e-02,3.780718336483931963e-02,0.000000000000000000e+00,0.000000000000000000e+00,9.451795841209829907e-03,1.890359168241966025e-03,0.000000000000000000e+00,1.323251417769376152e-02,3.591682419659735642e-02,0.000000000000000000e+00,1.890359168241966025e-03,2.268431001890359316e-02,3.780718336483932050e-03,0.000000000000000000e+00,1.512287334593572820e-02,1.323251417769376152e-02,0.000000000000000000e+00,3.213610586011342307e-02,5.293005671077504609e-02,1.323251417769376152e-02,7.561436672967864099e-03,2.835538752362948972e-02,5.671077504725898291e-03,1.134215500945179658e-02,1.134215500945179658e-02,5.671077504725898291e-03,0.000000000000000000e+00,1.890359168241966025e-03,0.000000000000000000e+00,0.000000000000000000e+00,1.890359168241965981e-02,1.134215500945179658e-02,5.671077504725898291e-03,3.780718336483931963e-02,1.890359168241965981e-02,0.000000000000000000e+00,0.000000000000000000e+00,0.000000000000000000e+00,5.293005671077504609e-02,5.671077504725898291e-03,1.701323251417769314e-02,4.158790170132325298e-02,0.000000000000000000e+00,1.890359168241966025e-03
1.401869158878504551e-01,0.000000000000000000e+00,9.345794392523363789e-03,1.869158878504672758e-02,3.115264797507788074e-03,1.869158878504672758e-02,1.246105919003115230e-02,8.722741433021806434e-02,0.000000000000000000e+00,4.672897196261682068e-02,3.115264797507788161e-02,1.869158878504672758e-02,4.049844236760124366e-02,0.000000000000000000e+00,0.000000000000000000e+00,3.115264797507788074e-03,0.000000000000000000e+00,1.869158878504672758e-02,0.000000000000000000e+00,0.000000000000000000e+00,0.000000000000000000e+00,0.000000000000000000e+00,0.000000000000000000e+00,4.361370716510903217e-02,7.165109034267912180e-02,9.345794392523363789e-03,2.492211838006230529e-01,0.000000000000000000e+00,9.345794392523363789e-03,3.115264797507788074e-03,5.607476635514018620e-02,0.000000000000000000e+00,1.246105919003115230e-02,1.246105919003115230e-02,0.000000000000000000e+00,0.000000000000000000e+00,3.115264797507788074e-03,0.000000000000000000e+00,1.869158878504672758e-02,0.000000000000000000e+00,0.000000000000000000e+00,6.230529595015576148e-03,0.000000000000000000e+00,0.000000000000000000e+00,0.000000000000000000e+00,0.000000000000000000e+00,0.000000000000000000e+00,4.049844236760124366e-02,0.000000000000000000e+00,6.230529595015576148e-03,9.345794392523363789e-03,0.000000000000000000e+00,0.000000000000000000e+00
2.264150943396226259e-02,7.169811320754716777e-02,8.679245283018867385e-02,1.207547169811320764e-01,1.169811320754716999e-01,1.886792452830188607e-02,1.509433962264150955e-02,2.641509433962264258e-02,3.018867924528301910e-02,7.547169811320754776e-03,6.415094339622641473e-02,2.264150943396226259e-02,1.509433962264150955e-02,3.018867924528301910e-02,0.000000000000000000e+00,8.301886792452829733e-02,4.528301886792452519e-02,1.886792452830188607e-02,0.000000000000000000e+00,0.000000000000000000e+00,0.000000000000000000e+00,1.886792452830188607e-02,3.773584905660377388e-03,0.000000000000000000e+00,7.547169811320754776e-03,1.886792452830188607e-02,1.509433962264150955e-02,1.509433962264150955e-02,0.000000000000000000e+00,7.547169811320754776e-03,1.509433962264150955e-02,0.000000000000000000e+00,2.264150943396226259e-02,0.000000000000000000e+00,2.641509433962264258e-02,0.000000000000000000e+00,3.773584905660377388e-03,0.000000000000000000e+00,0.000000000000000000e+00,0.000000000000000000e+00,3.773584905660377388e-03,1.509433962264150955e-02,0.000000000000000000e+00,0.000000000000000000e+00,0.000000000000000000e+00,3.018867924528301910e-02,0.000000000000000000e+00,0.000000000000000000e+00,0.000000000000000000e+00,0.000000000000000000e+00,0.000000000000000000e+00,0.000000000000000000e+00,0.000000000000000000e+00
1.126760563380281750e-02,1.408450704225352144e-02,0.000000000000000000e+00,0.000000000000000000e+00,2.535211267605633895e-02,8.450704225352111826e-03,0.000000000000000000e+00,0.000000000000000000e+00,0.000000000000000000e+00,0.000000000000000000e+00,1.887323943661971815e-01,3.014084507042253391e-01,0.000000000000000000e+00,5.633802816901408751e-03,0.000000000000000000e+00,0.000000000000000000e+00,0.000000000000000000e+00,3.380281690140844730e-02,2.816901408450704376e-03,0.000000000000000000e+00,0.000000000000000000e+00,0.000000000000000000e+00,1.126760563380281750e-02,1.126760563380281750e-02,0.000000000000000000e+00,1.690140845070422365e-02,1.746478873239436513e-01,0.000000000000000000e+00,5.633802816901408751e-03,0.000000000000000000e+00,2.253521126760563500e-02,0.000000000000000000e+00,1.014084507042253558e-01,0.000000000000000000e+00,2.816901408450704376e-03,0.000000000000000000e+00,0.000000000000000000e+00,0.000000000000000000e+00,1.408450704225352144e-02,0.000000000000000000e+00,0.000000000000000000e+00,3.098591549295774683e-02,0.000000000000000000e+00,0.000000000000000000e+00,0.000000000000000000e+00,0.000000000000000000e+00,0.000000000000000000e+00,1.408450704225352144e-02,0.000000000000000000e+00,0.000000000000000000e+00,0.000000000000000000e+00,0.000000000000000000e+00,2.816901408450704376e-03
2.771362586605080960e-02,6.928406466512702401e-03,1.847575057736720525e-02,1.385681293302540480e-02,6.928406466512702401e-03,5.311778290993071638e-02,6.928406466512702401e-03,0.000000000000000000e+00,2.355658198614318799e-01,1.154734411085450371e-02,0.000000000000000000e+00,0.000000000000000000e+00,1.847575057736720525e-02,0.000000000000000000e+00,0.000000000000000000e+00,0.000000000000000000e+00,0.000000000000000000e+00,1.385681293302540480e-02,0.000000000000000000e+00,2.309468822170900656e-03,2.494226327944572830e-01,0.000000000000000000e+00,0.000000000000000000e+00,3.002309468822170896e-02,9.237875288683602623e-03,0.000000000000000000e+00,4.618937644341801312e-03,1.755196304849884481e-01,4.618937644341801312e-03,0.000000000000000000e+00,1.154734411085450371e-02,6.928406466512702401e-03,0.000000000000000000e+00,5.080831408775981356e-02,6.928406466512702401e-03,0.000000000000000000e+00,0.000000000000000000e+00,0.000000000000000000e+00,0.000000000000000000e+00,0.000000000000000000e+00,0.000000000000000000e+00,0.000000000000000000e+00,0.000000000000000000e+00,0.000000000000000000e+00,0.000000000000000000e+00,0.000000000000000000e+00,0.000000000000000000e+00,0.000000000000000000e+00,0.000000000000000000e+00,3.233256351039261178e-02,2.309468822170900656e-03,0.000000000000000000e+00,0.000000000000000000e+00
3.020134228187919614e-02,3.355704697986577195e-02,2.684563758389261687e-02,3.691275167785235123e-02,2.013422818791946178e-02,3.187919463087248578e-02,1.174496644295302053e-02,1.845637583892617561e-02,3.355704697986577195e-02,1.677852348993288598e-02,1.510067114093959807e-02,2.181208053691275142e-02,2.181208053691275142e-02,1.510067114093959807e-02,8.389261744966442988e-03,2.348993288590604106e-02,1.510067114093959807e-02,0.000000000000000000e+00,6.711409395973154217e-03,8.389261744966442988e-03,3.523489932885905812e-02,1.006711409395973089e-02,3.355704697986577108e-03,2.852348993288590651e-02,6.711409395973154217e-03,8.389261744966442988e-03,3.020134228187919614e-02,3.355704697986577195e-02,3.187919463087248578e-02,5.033557046979865446e-03,1.006711409395973089e-02,1.677852348993288554e-03,1.677852348993288598e-02,1.845637583892617561e-02,5.872483221476509918e-02,1.006711409395973089e-02,1.006711409395973089e-02,1.006711409395973089e-02,5.704697986577181301e-02,5.033557046979865446e-03,1.174496644295302053e-02,2.013422818791946178e-02,3.355704697986577108e-03,6.711409395973154217e-03,8.389261744966442988e-03,1.510067114093959807e-02,8.389261744966442988e-03,3.020134228187919614e-02,1.510067114093959807e-02,3.355704697986577195e-02,2.348993288590604106e-02,3.355704697986577108e-03,3.355704697986577195e-02
0.000000000000000000e+00,1.353383458646616466e-01,4.887218045112781684e-02,3.007518796992481036e-02,1.804511278195488622e-01,7.518796992481202590e-03,1.879699248120300648e-02,3.759398496240601295e-03,0.000000000000000000e+00,0.000000000000000000e+00,3.383458646616541166e-02,4.511278195488721554e-02,7.518796992481202590e-03,1.127819548872180389e-02,0.000000000000000000e+00,1.165413533834586401e-01,0.000000000000000000e+00,2.255639097744360777e-02,0.000000000000000000e+00,0.000000000000000000e+00,0.000000000000000000e+00,0.000000000000000000e+00,4.511278195488721554e-02,0.000000000000000000e+00,0.000000000000000000e+00,0.000000000000000000e+00,1.315789473684210453e-01,1.503759398496240518e-02,0.000000000000000000e+00,0.000000000000000000e+00,7.142857142857142461e-02,0.000000000000000000e+00,0.000000000000000000e+00,0.000000000000000000e+00,3.007518796992481036e-02,3.759398496240601295e-03,0.000000000000000000e+00,0.000000000000000000e+00,0.000000000000000000e+00,0.000000000000000000e+00,0.000000000000000000e+00,3.007518796992481036e-02,0.000000000000000000e+00,3.759398496240601295e-03,0.000000000000000000e+00,0.000000000000000000e+00,0.000000000000000000e+00,0.000000000000000000e+00,0.000000000000000000e+00,0.000000000000000000e+00,7.518796992481202590e-03,0.000000000000000000e+00,0.000000000000000000e+00
1.984126984126984017e-02,3.968253968253968034e-03,0.000000000000000000e+00,2.182539682539682557e-01,7.936507936507936067e-03,0.000000000000000000e+00,0.000000000000000000e+00,7.142857142857142461e-02,1.984126984126984017e-02,1.984126984126984017e-01,1.190476190476190410e-02,0.000000000000000000e+00,8.333333333333332871e-02,5.158730158730158444e-02,0.000000000000000000e+00,3.968253968253968034e-03,1.190476190476190410e-02,2.380952380952380820e-02,0.000000000000000000e+00,0.000000000000000000e+00,8.333333333333332871e-02,0.000000000000000000e+00,0.000000000000000000e+00,0.000000000000000000e+00,4.365079365079364837e-02,0.000000000000000000e+00,5.555555555555555247e-02,4.365079365079364837e-02,0.000000000000000000e+00,0.000000000000000000e+00,3.174603174603174427e-02,0.000000000000000000e+00,0.000000000000000000e+00,0.000000000000000000e+00,0.000000000000000000e+00,0.000000000000000000e+00,7.936507936507936067e-03,0.000000000000000000e+00,0.000000000000000000e+00,0.000000000000000000e+00,0.000000000000000000e+00,0.000000000000000000e+00,0.000000000000000000e+00,0.000000000000000000e+00,0.000000000000000000e+00,0.000000000000000000e+00,0.000000000000000000e+00,0.000000000000000000e+00,0.000000000000000000e+00,3.968253968253968034e-03,3.968253968253968034e-03,0.000000000000000000e+00,0.000000000000000000e+00
1.183431952662721866e-02,2.958579881656804578e-02,5.917159763313609329e-03,7.692307692307692735e-02,1.775147928994082885e-02,0.000000000000000000e+00,5.325443786982248656e-02,1.479289940828402289e-02,2.130177514792899462e-01,5.621301775147929253e-02,0.000000000000000000e+00,0.000000000000000000e+00,2.071005917159763482e-02,0.000000000000000000e+00,0.000000000000000000e+00,0.000000000000000000e+00,2.721893491124260378e-01,5.029585798816568060e-02,0.000000000000000000e+00,0.000000000000000000e+00,0.000000000000000000e+00,5.917159763313609329e-03,0.000000000000000000e+00,0.000000000000000000e+00,8.875739644970414427e-03,0.000000000000000000e+00,0.000000000000000000e+00,4.437869822485206867e-02,0.000000000000000000e+00,0.000000000000000000e+00,7.396449704142012138e-02,0.000000000000000000e+00,0.000000000000000000e+00,2.366863905325443732e-02,8.875739644970414427e-03,0.000000000000000000e+00,0.000000000000000000e+00,0.000000000000000000e+00,0.000000000000000000e+00,0.000000000000000000e+00,0.000000000000000000e+00,0.000000000000000000e+00,0.000000000000000000e+00,0.000000000000000000e+00,0.000000000000000000e+00,0.000000000000000000e+00,0.000000000000000000e+00,0.000000000000000000e+00,0.000000000000000000e+00,1.183431952662721866e-02,0.000000000000000000e+00,0.000000000000000000e+00,0.000000000000000000e+00
0.000000000000000000e+00,2.290076335877862593e-02,1.488549618320610668e-01,5.343511450381679267e-02,7.251908396946564472e-02,3.816793893129770843e-03,2.671755725190839634e-02,1.145038167938931296e-02,3.816793893129770843e-03,0.000000000000000000e+00,7.633587786259541687e-03,0.000000000000000000e+00,7.633587786259541687e-03,3.816793893129770843e-03,2.290076335877862593e-02,0.000000000000000000e+00,7.633587786259541687e-03,3.816793893129771104e-02,0.000000000000000000e+00,0.000000000000000000e+00,0.000000000000000000e+00,0.000000000000000000e+00,0.000000000000000000e+00,2.671755725190839634e-02,0.000000000000000000e+00,0.000000000000000000e+00,3.053435114503816675e-02,2.290076335877862593e-02,1.145038167938931296e-02,1.145038167938931296e-02,1.908396946564885552e-02,3.816793893129770843e-03,0.000000000000000000e+00,3.816793893129770843e-03,8.778625954198472636e-02,0.000000000000000000e+00,0.000000000000000000e+00,7.633587786259541687e-03,0.000000000000000000e+00,8.778625954198472636e-02,2.290076335877862593e-02,0.000000000000000000e+00,1.106870229007633627e-01,3.816793893129770843e-03,0.000000000000000000e+00,7.633587786259541687e-03,0.000000000000000000e+00,1.526717557251908337e-02,4.198473282442748145e-02,0.000000000000000000e+00,3.053435114503816675e-02,3.816793893129770843e-03,1.908396946564885552e-02
1.941747572815533812e-02,2.912621359223301065e-02,9.708737864077669061e-03,0.000000000000000000e+00,3.883495145631067624e-02,4.854368932038834877e-02,2.621359223300970820e-01,0.000000000000000000e+00,0.000000000000000000e+00,0.000000000000000000e+00,0.000000000000000000e+00,2.912621359223301065e-02,0.000000000000000000e+00,0.000000000000000000e+00,0.000000000000000000e+00,2.912621359223301065e-02,0.000000000000000000e+00,3.883495145631067624e-02,9.708737864077669061e-03,0.000000000000000000e+00,0.000000000000000000e+00,2.912621359223301065e-02,0.000000000000000000e+00,0.000000000000000000e+00,0.000000000000000000e+00,9.708737864077669061e-03,0.000000000000000000e+00,0.000000000000000000e+00,0.000000000000000000e+00,9.708737864077669061e-03,3.883495145631067624e-02,0.000000000000000000e+00,3.883495145631067624e-02,1.941747572815533812e-02,1.941747572815533812e-02,0.000000000000000000e+00,0.000000000000000000e+00,0.000000000000000000e+00,0.000000000000000000e+00,0.000000000000000000e+00,0.000000000000000000e+00,1.941747572815533812e-02,0.000000000000000000e+00,0.000000000000000000e+00,0.000000000000000000e+00,2.427184466019417508e-01,0.000000000000000000e+00,0.000000000000000000e+00,0.000000000000000000e+00,0.000000000000000000e+00,9.708737864077669061e-03,4.854368932038834877e-02,0.000000000000000000e+00
1.479915433403805429e-02,1.057082452431289642e-02,2.114164904862579370e-03,3.805496828752642779e-02,5.285412262156448382e-02,0.000000000000000000e+00,0.000000000000000000e+00,2.114164904862579370e-03,1.268498942917547535e-02,0.000000000000000000e+00,6.342494714587737677e-03,2.114164904862579370e-03,7.399577167019028012e-02,6.342494714587737677e-03,0.000000000000000000e+00,1.057082452431289642e-02,1.902748414376321390e-02,2.114164904862579283e-02,0.000000000000000000e+00,0.000000000000000000e+00,0.000000000000000000e+00,1.902748414376321390e-02,0.000000000000000000e+00,0.000000000000000000e+00,0.000000000000000000e+00,0.000000000000000000e+00,3.382663847780126992e-02,6.131078224101479957e-02,3.594080338266384539e-02,0.000000000000000000e+00,1.268498942917547535e-02,8.456659619450317480e-03,2.959830866807610858e-02,2.114164904862579283e-02,1.078224101479915431e-01,0.000000000000000000e+00,0.000000000000000000e+00,0.000000000000000000e+00,1.691331923890063496e-02,8.456659619450317480e-03,0.000000000000000000e+00,2.536997885835095071e-02,8.456659619450317480e-03,2.114164904862579370e-03,0.000000000000000000e+00,2.114164904862579370e-03,0.000000000000000000e+00,8.245243128964059587e-02,1.268498942917547535e-02,1.353065539112050797e-01,1.035940803382663783e-01,0.000000000000000000e+00,0.000000000000000000e+00
1.240310077519379828e-01,7.751937984496123923e-03,2.325581395348837177e-02,1.317829457364341206e-01,3.100775193798449569e-02,0.000000000000000000e+00,0.000000000000000000e+00,1.007751937984496110e-01,0.000000000000000000e+00,1.550387596899224785e-01,1.550387596899224785e-02,1.550387596899224785e-02,1.550387596899224785e-02,1.395348837209302306e-01,0.000000000000000000e+00,3.100775193798449569e-02,0.000000000000000000e+00,8.527131782945736316e-02,0.000000000000000000e+00,0.000000000000000000e+00,0.000000000000000000e+00,0.000000000000000000e+00,0.000000000000000000e+00,0.000000000000000000e+00,0.000000000000000000e+00,0.000000000000000000e+00,7.751937984496123923e-03,0.000000000000000000e+00,0.000000000000000000e+00,0.000000000000000000e+00,7.751937984496123923e-02,0.000000000000000000e+00,7.751937984496123923e-03,3.100775193798449569e-02,0.000000000000000000e+00,0.000000000000000000e+00,0.000000000000000000e+00,0.000000000000000000e+00,0.000000000000000000e+00,0.000000000000000000e+00,0.000000000000000000e+00,0.000000000000000000e+00,0.000000000000000000e+00,0.000000000000000000e+00,0.000000000000000000e+00,0.000000000000000000e+00,0.000000000000000000e+00,0.000000000000000000e+00,0.000000000000000000e+00,0.000000000000000000e+00,0.000000000000000000e+00,0.000000000000000000e+00,0.000000000000000000e+00
0.000000000000000000e+00,0.000000000000000000e+00,1.973684210526315680e-02,0.000000000000000000e+00,6.578947368421052266e-03,0.000000000000000000e+00,7.894736842105262720e-02,0.000000000000000000e+00,0.000000000000000000e+00,6.578947368421052266e-03,1.184210526315789408e-01,0.000000000000000000e+00,1.315789473684210453e-02,1.052631578947368363e-01,3.947368421052631360e-02,6.578947368421052266e-02,0.000000000000000000e+00,3.947368421052631360e-02,6.578947368421052266e-03,6.578947368421052266e-03,0.000000000000000000e+00,0.000000000000000000e+00,0.000000000000000000e+00,0.000000000000000000e+00,0.000000000000000000e+00,0.000000000000000000e+00,6.578947368421052266e-03,0.000000000000000000e+00,0.000000000000000000e+00,1.315789473684210453e-02,1.315789473684210453e-02,0.000000000000000000e+00,0.000000000000000000e+00,0.000000000000000000e+00,0.000000000000000000e+00,0.000000000000000000e+00,3.947368421052631360e-02,0.000000000000000000e+00,0.000000000000000000e+00,1.644736842105263275e-01,0.000000000000000000e+00,2.631578947368420907e-02,6.578947368421052266e-02,0.000000000000000000e+00,0.000000000000000000e+00,1.184210526315789408e-01,0.000000000000000000e+00,6.578947368421052266e-03,6.578947368421052266e-03,0.000000000000000000e+00,6.578947368421052266e-03,0.000000000000000000e+00,2.631578947368420907e-02
1.500938086303939961e-02,1.688555347091932543e-02,0.000000000000000000e+00,2.063789868667917360e-02,1.876172607879925125e-02,3.752345215759849903e-03,1.876172607879924951e-03,5.253283302063790211e-02,0.000000000000000000e+00,0.000000000000000000e+00,3.189493433395872157e-02,3.752345215759850250e-02,3.752345215759850250e-02,1.388367729831144481e-01,0.000000000000000000e+00,9.756097560975610095e-02,0.000000000000000000e+00,4.878048780487805047e-02,0.000000000000000000e+00,0.000000000000000000e+00,0.000000000000000000e+00,7.504690431519699806e-03,0.000000000000000000e+00,3.001876172607879922e-02,7.504690431519699806e-03,9.380863039399625625e-03,0.000000000000000000e+00,0.000000000000000000e+00,5.628517823639774854e-03,0.000000000000000000e+00,3.001876172607879922e-02,5.628517823639774854e-03,5.816135084427767610e-02,0.000000000000000000e+00,7.504690431519699806e-03,0.000000000000000000e+00,1.876172607879924951e-03,0.000000000000000000e+00,8.067542213883677205e-02,0.000000000000000000e+00,0.000000000000000000e+00,1.200750469043151969e-01,0.000000000000000000e+00,0.000000000000000000e+00,0.000000000000000000e+00,0.000000000000000000e+00,0.000000000000000000e+00,1.050656660412758042e-01,0.000000000000000000e+00,0.000000000000000000e+00,9.380863039399625625e-03,0.000000000000000000e+00,0.000000000000000000e+00
1.545595054095826862e-03,3.863987635239567175e-02,0.000000000000000000e+00,2.936630602782070928e-02,2.318392581143740444e-02,2.782071097372488394e-02,4.636785162287480368e-03,2.009273570324575028e-02,8.346213292117465876e-02,0.000000000000000000e+00,0.000000000000000000e+00,0.000000000000000000e+00,4.018547140649150057e-02,0.000000000000000000e+00,0.000000000000000000e+00,0.000000000000000000e+00,1.669242658423493175e-01,4.018547140649150057e-02,0.000000000000000000e+00,0.000000000000000000e+00,3.554868624420402107e-02,6.182380216383307446e-03,0.000000000000000000e+00,1.854714064914992147e-02,0.000000000000000000e+00,0.000000000000000000e+00,0.000000000000000000e+00,0.000000000000000000e+00,1.700154559505409613e-02,0.000000000000000000e+00,9.273570324574960735e-03,7.727975270479134524e-03,0.000000000000000000e+00,3.091190108191653723e-03,9.273570324574961776e-02,0.000000000000000000e+00,0.000000000000000000e+00,0.000000000000000000e+00,9.582689335394126151e-02,0.000000000000000000e+00,0.000000000000000000e+00,1.545595054095826862e-03,0.000000000000000000e+00,0.000000000000000000e+00,0.000000000000000000e+00,0.000000000000000000e+00,0.000000000000000000e+00,3.091190108191653723e-03,0.000000000000000000e+00,2.287480680061823868e-01,4.636785162287480368e-03,0.000000000000000000e+00,0.000000000000000000e+00
5.992509363295880215e-02,7.490636704119850442e-02,2.621722846441947724e-02,5.617977528089887485e-02,7.116104868913857018e-02,4.119850187265917257e-02,0.000000000000000000e+00,1.123595505617977497e-02,1.123595505617977497e-02,3.745318352059925134e-03,2.247191011235954994e-02,2.996254681647940107e-02,5.243445692883895448e-02,7.490636704119850268e-03,0.000000000000000000e+00,3.745318352059925134e-03,0.000000000000000000e+00,5.617977528089887485e-02,3.745318352059925134e-03,0.000000000000000000e+00,0.000000000000000000e+00,2.247191011235954994e-02,1.498127340823970054e-02,2.134831460674157244e-01,0.000000000000000000e+00,0.000000000000000000e+00,2.247191011235954994e-02,3.745318352059925221e-02,0.000000000000000000e+00,0.000000000000000000e+00,7.490636704119850268e-03,1.123595505617977497e-02,0.000000000000000000e+00,0.000000000000000000e+00,3.370786516853932491e-02,0.000000000000000000e+00,0.000000000000000000e+00,0.000000000000000000e+00,1.123595505617977497e-02,0.000000000000000000e+00,0.000000000000000000e+00,3.745318352059925134e-03,0.000000000000000000e+00,0.000000000000000000e+00,0.000000000000000000e+00,0.000000000000000000e+00,0.000000000000000000e+00,7.490636704119850268e-03,0.000000000000000000e+00,0.000000000000000000e+00,7.865168539325842478e-02,3.745318352059925134e-03,0.000000000000000000e+00
0.000000000000000000e+00,1.408450704225352144e-02,8.450704225352112520e-02,1.408450704225352144e-02,0.000000000000000000e+00,0.000000000000000000e+00,4.225352112676056260e-02,0.000000000000000000e+00,1.408450704225352144e-02,4.225352112676056260e-02,0.000000000000000000e+00,0.000000000000000000e+00,1.126760563380281716e-01,1.408450704225352144e-02,1.830985915492957805e-01,0.000000000000000000e+00,0.000000000000000000e+00,5.633802816901408578e-02,1.408450704225352144e-02,4.225352112676056260e-02,0.000000000000000000e+00,0.000000000000000000e+00,0.000000000000000000e+00,0.000000000000000000e+00,0.000000000000000000e+00,0.000000000000000000e+00,0.000000000000000000e+00,0.000000000000000000e+00,0.000000000000000000e+00,0.000000000000000000e+00,4.225352112676056260e-02,2.816901408450704289e-02,0.000000000000000000e+00,1.408450704225352144e-02,2.816901408450704289e-02,0.000000000000000000e+00,2.816901408450704289e-02,0.000000000000000000e+00,0.000000000000000000e+00,7.042253521126760896e-02,2.816901408450704289e-02,0.000000000000000000e+00,5.633802816901408578e-02,0.000000000000000000e+00,0.000000000000000000e+00,2.816901408450704289e-02,0.000000000000000000e+00,0.000000000000000000e+00,0.000000000000000000e+00,0.000000000000000000e+00,0.000000000000000000e+00,1.408450704225352144e-02,2.816901408450704289e-02
0.000000000000000000e+00,3.631284916201117652e-02,1.955307262569832422e-02,4.748603351955307111e-02,3.910614525139664843e-02,0.000000000000000000e+00,3.351955307262569767e-02,8.379888268156424416e-03,2.793296089385474690e-02,1.117318435754189980e-02,8.379888268156424416e-03,8.379888268156424416e-03,1.759776536312849249e-01,8.379888268156424416e-03,1.145251396648044734e-01,5.586592178770949900e-03,1.117318435754189980e-02,3.631284916201117652e-02,0.000000000000000000e+00,5.586592178770949900e-03,5.586592178770949900e-03,2.513966480446927498e-02,5.586592178770949900e-03,0.000000000000000000e+00,0.000000000000000000e+00,1.675977653631284883e-02,5.307262569832402188e-02,2.234636871508379960e-02,5.586592178770949900e-03,1.117318435754189980e-02,0.000000000000000000e+00,0.000000000000000000e+00,0.000000000000000000e+00,0.000000000000000000e+00,4.189944134078212035e-02,0.000000000000000000e+00,5.586592178770949900e-03,0.000000000000000000e+00,7.541899441340782495e-02,5.586592178770949900e-03,2.793296089385474690e-02,4.469273743016759920e-02,5.586592178770949900e-03,0.000000000000000000e+00,0.000000000000000000e+00,5.586592178770949900e-03,2.793296089385474950e-03,2.513966480446927498e-02,0.000000000000000000e+00,1.117318435754189980e-02,5.586592178770949900e-03,0.000000000000000000e+00,0.000000000000000000e+00
1.265822784810126563e-02,8.438818565400843172e-03,4.641350210970464352e-02,9.282700421940928703e-02,8.860759493670886111e-02,8.438818565400843172e-03,0.000000000000000000e+00,8.438818565400843172e-03,1.012658227848101250e-01,4.219409282700421586e-03,8.438818565400843172e-03,0.000000000000000000e+00,4.219409282700421586e-03,8.438818565400843172e-03,0.000000000000000000e+00,1.265822784810126563e-02,6.751054852320674537e-02,3.797468354430379861e-02,0.000000000000000000e+00,0.000000000000000000e+00,4.219409282700421586e-03,4.219409282700421586e-03,0.000000000000000000e+00,0.000000000000000000e+00,0.000000000000000000e+00,0.000000000000000000e+00,7.594936708860759722e-02,2.827004219409282593e-01,0.000000000000000000e+00,0.000000000000000000e+00,1.687763713080168634e-02,0.000000000000000000e+00,4.219409282700421586e-03,0.000000000000000000e+00,8.438818565400843172e-03,0.000000000000000000e+00,0.000000000000000000e+00,0.000000000000000000e+00,0.000000000000000000e+00,4.219409282700421586e-03,0.000000000000000000e+00,4.219409282700421586e-03,0.000000000000000000e+00,0.000000000000000000e+00,0.000000000000000000e+00,0.000000000000000000e+00,0.000000000000000000e+00,2.531645569620253125e-02,0.000000000000000000e+00,5.907172995780590741e-02,0.000000000000000000e+00,0.000000000000000000e+00,0.000000000000000000e+00
8.658008658008658001e-03,0.000000000000000000e+00,0.000000000000000000e+00,4.329004329004329001e-03,6.060606060606060774e-02,4.329004329004329001e-03,1.298701298701298787e-02,4.329004329004329001e-03,0.000000000000000000e+00,0.000000000000000000e+00,1.038961038961039030e-01,6.926406926406926401e-02,0.000000000000000000e+00,3.463203463203463200e-02,0.000000000000000000e+00,7.792207792207792028e-02,0.000000000000000000e+00,2.164502164502164414e-02,0.000000000000000000e+00,0.000000000000000000e+00,0.000000000000000000e+00,0.000000000000000000e+00,1.298701298701298787e-02,9.523809523809523281e-02,8.658008658008658001e-03,5.627705627705627961e-02,1.428571428571428492e-01,0.000000000000000000e+00,0.000000000000000000e+00,0.000000000000000000e+00,2.597402597402597574e-02,0.000000000000000000e+00,0.000000000000000000e+00,4.329004329004329001e-03,0.000000000000000000e+00,0.000000000000000000e+00,4.329004329004329001e-03,0.000000000000000000e+00,0.000000000000000000e+00,1.298701298701298787e-02,0.000000000000000000e+00,6.926406926406926401e-02,0.000000000000000000e+00,0.000000000000000000e+00,0.000000000000000000e+00,0.000000000000000000e+00,0.000000000000000000e+00,8.225108225108225535e-02,0.000000000000000000e+00,0.000000000000000000e+00,8.225108225108225535e-02,0.000000000000000000e+00,0.000000000000000000e+00
3.191489361702127409e-02,3.191489361702127409e-02,3.723404255319148759e-02,6.382978723404254817e-02,7.446808510638297518e-02,5.319148936170212637e-03,5.319148936170212637e-03,1.063829787234042527e-02,3.723404255319148759e-02,5.319148936170212637e-03,5.319148936170212637e-03,0.000000000000000000e+00,1.063829787234042562e-01,1.063829787234042527e-02,5.319148936170212637e-03,1.063829787234042527e-02,2.659574468085106405e-02,4.255319148936170109e-02,5.319148936170212637e-03,0.000000000000000000e+00,2.127659574468085055e-02,4.255319148936170109e-02,1.063829787234042527e-02,1.648936170212765839e-01,5.319148936170212637e-03,0.000000000000000000e+00,5.319148936170212637e-03,1.595744680851063704e-02,0.000000000000000000e+00,0.000000000000000000e+00,1.063829787234042527e-02,1.063829787234042527e-02,0.000000000000000000e+00,0.000000000000000000e+00,2.659574468085106405e-02,0.000000000000000000e+00,5.319148936170212637e-03,0.000000000000000000e+00,0.000000000000000000e+00,0.000000000000000000e+00,0.000000000000000000e+00,1.063829787234042527e-02,0.000000000000000000e+00,0.000000000000000000e+00,0.000000000000000000e+00,0.000000000000000000e+00,0.000000000000000000e+00,0.000000000000000000e+00,0.000000000000000000e+00,1.063829787234042527e-02,1.436170212765957577e-01,0.000000000000000000e+00,0.000000000000000000e+00
6.237006237006237352e-03,6.652806652806653176e-02,8.108108108108108558e-02,1.663201663201663294e-02,7.484407484407484823e-02,6.237006237006237352e-03,6.237006237006237352e-03,0.000000000000000000e+00,9.771309771309771852e-02,0.000000000000000000e+00,2.079002079002079117e-03,0.000000000000000000e+00,0.000000000000000000e+00,6.237006237006237352e-03,2.702702702702702853e-02,2.079002079002079117e-03,8.316008316008316470e-03,3.950103950103950323e-02,0.000000000000000000e+00,0.000000000000000000e+00,2.079002079002079117e-03,2.910602910602910764e-02,0.000000000000000000e+00,6.029106029106029441e-02,0.000000000000000000e+00,2.079002079002079117e-03,3.326403326403326588e-02,1.995841995841995953e-01,2.079002079002079117e-02,4.158004158004158235e-03,1.663201663201663294e-02,6.237006237006237352e-03,0.000000000000000000e+00,2.079002079002079117e-03,0.000000000000000000e+00,4.158004158004158235e-03,0.000000000000000000e+00,1.247401247401247470e-02,2.079002079002079117e-02,0.000000000000000000e+00,1.663201663201663294e-02,8.316008316008316470e-03,1.039501039501039559e-02,0.000000000000000000e+00,0.000000000000000000e+00,0.000000000000000000e+00,0.000000000000000000e+00,8.316008316008316470e-03,5.821205821205821529e-02,1.871101871101871206e-02,2.079002079002079117e-02,0.000000000000000000e+00,4.158004158004158235e-03
0.000000000000000000e+00,0.000000000000000000e+00,0.000000000000000000e+00,0.000000000000000000e+00,0.000000000000000000e+00,0.000000000000000000e+00,0.000000000000000000e+00,0.000000000000000000e+00,0.000000000000000000e+00,0.000000000000000000e+00,0.000000000000000000e+00,0.000000000000000000e+00,0.000000000000000000e+00,0.000000000000000000e+00,0.000000000000000000e+00,0.000000000000000000e+00,0.000000000000000000e+00,3.669724770642202039e-02,1.880733944954128545e-01,2.155963302752293698e-01,0.000000000000000000e+00,0.000000000000000000e+00,0.000000000000000000e+00,0.000000000000000000e+00,0.000000000000000000e+00,0.000000000000000000e+00,0.000000000000000000e+00,0.000000000000000000e+00,0.000000000000000000e+00,0.000000000000000000e+00,0.000000000000000000e+00,3.669724770642202039e-02,0.000000000000000000e+00,0.000000000000000000e+00,0.000000000000000000e+00,0.000000000000000000e+00,2.752293577981651529e-02,2.293577981651376274e-01,0.000000000000000000e+00,0.000000000000000000e+00,0.000000000000000000e+00,0.000000000000000000e+00,0.000000000000000000e+00,1.009174311926605561e-01,4.587155963302752548e-03,0.000000000000000000e+00,7.798165137614679332e-02,0.000000000000000000e+00,0.000000000000000000e+00,0.000000000000000000e+00,2.752293577981651529e-02,3.669724770642202039e-02,1.834862385321101019e-02
0.000000000000000000e+00,0.000000000000000000e+00,0.000000000000000000e+00,0.000000000000000000e+00,0.000000000000000000e+00,0.000000000000000000e+00,0.000000000000000000e+00,0.000000000000000000e+00,0.000000000000000000e+00,2.560000000000000053e-01,0.000000000000000000e+00,0.000000000000000000e+00,8.000000000000000167e-03,0.000000000000000000e+00,0.000000000000000000e+00,0.000000000000000000e+00,0.000000000000000000e+00,4.000000000000000083e-02,4.000000000000000083e-02,4.239999999999999880e-01,0.000000000000000000e+00,0.000000000000000000e+00,0.000000000000000000e+00,0.000000000000000000e+00,0.000000000000000000e+00,0.000000000000000000e+00,0.000000000000000000e+00,0.000000000000000000e+00,0.000000000000000000e+00,0.000000000000000000e+00,0.000000000000000000e+00,8.000000000000000167e-03,0.000000000000000000e+00,8.000000000000000167e-03,0.000000000000000000e+00,4.800000000000000100e-02,0.000000000000000000e+00,0.000000000000000000e+00,0.000000000000000000e+00,0.000000000000000000e+00,0.000000000000000000e+00,0.000000000000000000e+00,0.000000000000000000e+00,4.800000000000000100e-02,6.400000000000000133e-02,8.000000000000000167e-03,1.600000000000000033e-02,0.000000000000000000e+00,0.000000000000000000e+00,0.000000000000000000e+00,3.200000000000000067e-02,0.000000000000000000e+00,0.000000000000000000e+00
0.000000000000000000e+00,5.681818181818181976e-03,0.000000000000000000e+00,0.000000000000000000e+00,5.681818181818181976e-03,0.000000000000000000e+00,0.000000000000000000e+00,0.000000000000000000e+00,0.000000000000000000e+00,0.000000000000000000e+00,5.681818181818181976e-03,0.000000000000000000e+00,0.000000000000000000e+00,0.000000000000000000e+00,2.272727272727272790e-02,0.000000000000000000e+00,0.000000000000000000e+00,2.840909090909090814e-02,4.261363636363636465e-01,3.409090909090908839e-02,0.000000000000000000e+00,0.000000000000000000e+00,5.681818181818181976e-03,0.000000000000000000e+00,0.000000000000000000e+00,0.000000000000000000e+00,0.000000000000000000e+00,0.000000000000000000e+00,0.000000000000000000e+00,0.000000000000000000e+00,0.000000000000000000e+00,3.977272727272727210e-02,0.000000000000000000e+00,0.000000000000000000e+00,1.704545454545454419e-02,7.954545454545454419e-02,5.681818181818181976e-03,0.000000000000000000e+00,0.000000000000000000e+00,0.000000000000000000e+00,5.681818181818181976e-03,5.681818181818181976e-03,0.000000000000000000e+00,5.681818181818181976e-03,0.000000000000000000e+00,5.113636363636363952e-02,1.136363636363636395e-02,0.000000000000000000e+00,5.681818181818181976e-03,0.000000000000000000e+00,1.704545454545454419e-02,2.159090909090909116e-01,5.681818181818181976e-03
9.280742459396751354e-03,5.800464037122969596e-02,1.160092807424593919e-02,1.044083526682134527e-01,7.888631090487238651e-02,1.160092807424593919e-02,0.000000000000000000e+00,6.496519721577725948e-02,1.624129930394431487e-02,0.000000000000000000e+00,0.000000000000000000e+00,0.000000000000000000e+00,6.264501160092807164e-02,1.392111368909512703e-02,0.000000000000000000e+00,9.280742459396751354e-03,9.280742459396751354e-03,5.336426914153132028e-02,0.000000000000000000e+00,0.000000000000000000e+00,2.320185614849187838e-03,1.624129930394431487e-02,0.000000000000000000e+00,3.712296983758700542e-02,0.000000000000000000e+00,0.000000000000000000e+00,2.784222737819025406e-02,1.392111368909512703e-02,2.088167053364269055e-02,0.000000000000000000e+00,4.408352668213456893e-02,2.320185614849187838e-03,2.320185614849187838e-02,0.000000000000000000e+00,8.816705336426913786e-02,0.000000000000000000e+00,0.000000000000000000e+00,0.000000000000000000e+00,0.000000000000000000e+00,0.000000000000000000e+00,2.320185614849187838e-03,4.872389791183294461e-02,0.000000000000000000e+00,2.320185614849187838e-03,0.000000000000000000e+00,0.000000000000000000e+00,0.000000000000000000e+00,1.113689095127610162e-01,2.320185614849187838e-03,4.640371229698375677e-02,6.960556844547563515e-03,0.000000000000000000e+00,0.000000000000000000e+00
0.000000000000000000e+00,0.000000000000000000e+00,0.000000000000000000e+00,0.000000000000000000e+00,9.433962264150943036e-03,0.000000000000000000e+00,9.433962264150943036e-03,0.000000000000000000e+00,0.000000000000000000e+00,0.000000000000000000e+00,2.830188679245283084e-02,0.000000000000000000e+00,0.000000000000000000e+00,9.433962264150943036e-03,5.094339622641509413e-01,9.433962264150943036e-03,0.000000000000000000e+00,2.830188679245283084e-02,1.886792452830188607e-02,1.886792452830188607e-02,0.000000000000000000e+00,0.000000000000000000e+00,0.000000000000000000e+00,1.886792452830188607e-02,0.000000000000000000e+00,1.886792452830188607e-02,0.000000000000000000e+00,0.000000000000000000e+00,0.000000000000000000e+00,1.886792452830188607e-02,9.433962264150943036e-03,6.603773584905660299e-02,0.000000000000000000e+00,0.000000000000000000e+00,0.000000000000000000e+00,0.000000000000000000e+00,0.000000000000000000e+00,0.000000000000000000e+00,0.000000000000000000e+00,0.000000000000000000e+00,0.000000000000000000e+00,9.433962264150943036e-03,1.509433962264150886e-01,4.716981132075472039e-02,0.000000000000000000e+00,9.433962264150943036e-03,0.000000000000000000e+00,0.000000000000000000e+00,9.433962264150943036e-03,0.000000000000000000e+00,0.000000000000000000e+00,0.000000000000000000e+00,0.000000000000000000e+00
0.000000000000000000e+00,0.000000000000000000e+00,0.000000000000000000e+00,2.758620689655172376e-02,0.000000000000000000e+00,0.000000000000000000e+00,0.000000000000000000e+00,0.000000000000000000e+00,1.310344827586207017e-01,0.000000000000000000e+00,0.000000000000000000e+00,0.000000000000000000e+00,1.379310344827586188e-02,0.000000000000000000e+00,1.517241379310344807e-01,0.000000000000000000e+00,2.068965517241379282e-02,4.827586206896551657e-02,6.896551724137930939e-03,6.896551724137930939e-03,0.000000000000000000e+00,6.896551724137930939e-03,0.000000000000000000e+00,0.000000000000000000e+00,0.000000000000000000e+00,0.000000000000000000e+00,0.000000000000000000e+00,4.827586206896551657e-02,0.000000000000000000e+00,2.068965517241379282e-02,0.000000000000000000e+00,1.310344827586207017e-01,0.000000000000000000e+00,0.000000000000000000e+00,2.758620689655172376e-02,2.068965517241379282e-02,0.000000000000000000e+00,4.137931034482758563e-02,0.000000000000000000e+00,0.000000000000000000e+00,0.000000000000000000e+00,0.000000000000000000e+00,6.896551724137930939e-03,2.758620689655172376e-02,0.000000000000000000e+00,0.000000000000000000e+00,0.000000000000000000e+00,0.000000000000000000e+00,2.413793103448275967e-01,1.379310344827586188e-02,0.000000000000000000e+00,0.000000000000000000e+00,6.896551724137930939e-03
3.058103975535168221e-03,3.058103975535168221e-03,3.363914373088684739e-02,6.116207951070336442e-03,9.480122324159021008e-02,0.000000000000000000e+00,9.174311926605505096e-03,0.000000000000000000e+00,0.000000000000000000e+00,0.000000000000000000e+00,1.681957186544342508e-01,6.116207951070336442e-03,0.000000000000000000e+00,3.058103975535168221e-03,0.000000000000000000e+00,5.198776758409785759e-02,0.000000000000000000e+00,2.446483180428134577e-02,0.000000000000000000e+00,0.000000000000000000e+00,0.000000000000000000e+00,0.000000000000000000e+00,0.000000000000000000e+00,3.669724770642202039e-02,0.000000000000000000e+00,3.363914373088684739e-02,1.926605504587156070e-01,3.058103975535168221e-03,3.058103975535168134e-02,0.000000000000000000e+00,3.975535168195718644e-02,3.058103975535168221e-03,1.834862385321101019e-02,0.000000000000000000e+00,1.834862385321101019e-02,0.000000000000000000e+00,0.000000000000000000e+00,0.000000000000000000e+00,3.058103975535168221e-03,3.669724770642202039e-02,0.000000000000000000e+00,0.000000000000000000e+00,3.058103975535168134e-02,6.116207951070336442e-03,0.000000000000000000e+00,2.140672782874617625e-02,0.000000000000000000e+00,5.198776758409785759e-02,6.116207951070336442e-03,0.000000000000000000e+00,4.587155963302752548e-02,0.000000000000000000e+00,1.834862385321101019e-02
0.000000000000000000e+00,0.000000000000000000e+00,0.000000000000000000e+00,0.000000000000000000e+00,7.874015748031495954e-03,0.000000000000000000e+00,0.000000000000000000e+00,0.000000000000000000e+00,0.000000000000000000e+00,0.000000000000000000e+00,0.000000000000000000e+00,0.000000000000000000e+00,0.000000000000000000e+00,0.000000000000000000e+00,3.543307086614173040e-01,0.000000000000000000e+00,0.000000000000000000e+00,5.511811023622047168e-02,0.000000000000000000e+00,7.874015748031495954e-03,0.000000000000000000e+00,1.574803149606299191e-02,0.000000000000000000e+00,0.000000000000000000e+00,0.000000000000000000e+00,0.000000000000000000e+00,3.149606299212598381e-02,0.000000000000000000e+00,0.000000000000000000e+00,7.874015748031495954e-03,0.000000000000000000e+00,2.834645669291338543e-01,0.000000000000000000e+00,0.000000000000000000e+00,7.874015748031495954e-03,0.000000000000000000e+00,0.000000000000000000e+00,0.000000000000000000e+00,0.000000000000000000e+00,6.299212598425196763e-02,7.874015748031495954e-03,0.000000000000000000e+00,0.000000000000000000e+00,0.000000000000000000e+00,0.000000000000000000e+00,0.000000000000000000e+00,1.417322834645669272e-01,1.574803149606299191e-02,0.000000000000000000e+00,0.000000000000000000e+00,0.000000000000000000e+00,0.000000000000000000e+00,0.000000000000000000e+00
0.000000000000000000e+00,0.000000000000000000e+00,0.000000000000000000e+00,7.874015748031495954e-03,0.000000000000000000e+00,0.000000000000000000e+00,0.000000000000000000e+00,0.000000000000000000e+00,0.000000000000000000e+00,1.574803149606299191e-02,0.000000000000000000e+00,0.000000000000000000e+00,3.149606299212598381e-02,0.000000000000000000e+00,3.149606299212598381e-02,0.000000000000000000e+00,0.000000000000000000e+00,3.937007874015747977e-02,3.149606299212598381e-02,3.858267716535432879e-01,0.000000000000000000e+00,0.000000000000000000e+00,0.000000000000000000e+00,0.000000000000000000e+00,0.000000000000000000e+00,0.000000000000000000e+00,0.000000000000000000e+00,0.000000000000000000e+00,0.000000000000000000e+00,0.000000000000000000e+00,0.000000000000000000e+00,1.102362204724409434e-01,0.000000000000000000e+00,0.000000000000000000e+00,0.000000000000000000e+00,3.937007874015747977e-02,1.811023622047244208e-01,1.574803149606299191e-02,0.000000000000000000e+00,0.000000000000000000e+00,0.000000000000000000e+00,0.000000000000000000e+00,0.000000000000000000e+00,0.000000000000000000e+00,0.000000000000000000e+00,0.000000000000000000e+00,6.299212598425196763e-02,0.000000000000000000e+00,0.000000000000000000e+00,0.000000000000000000e+00,2.362204724409448786e-02,0.000000000000000000e+00,2.362204724409448786e-02
0.000000000000000000e+00,0.000000000000000000e+00,0.000000000000000000e+00,0.000000000000000000e+00,0.000000000000000000e+00,0.000000000000000000e+00,1.123595505617977497e-02,0.000000000000000000e+00,0.000000000000000000e+00,0.000000000000000000e+00,0.000000000000000000e+00,0.000000000000000000e+00,0.000000000000000000e+00,0.000000000000000000e+00,0.000000000000000000e+00,0.000000000000000000e+00,0.000000000000000000e+00,5.056179775280898736e-02,2.134831460674157244e-01,2.134831460674157244e-01,0.000000000000000000e+00,0.000000000000000000e+00,0.000000000000000000e+00,0.000000000000000000e+00,0.000000000000000000e+00,0.000000000000000000e+00,0.000000000000000000e+00,0.000000000000000000e+00,0.000000000000000000e+00,0.000000000000000000e+00,0.000000000000000000e+00,0.000000000000000000e+00,0.000000000000000000e+00,0.000000000000000000e+00,0.000000000000000000e+00,1.348314606741572996e-01,6.179775280898876233e-02,8.988764044943819975e-02,0.000000000000000000e+00,0.000000000000000000e+00,0.000000000000000000e+00,0.000000000000000000e+00,0.000000000000000000e+00,5.617977528089887485e-02,0.000000000000000000e+00,2.808988764044943742e-02,2.247191011235954994e-02,0.000000000000000000e+00,0.000000000000000000e+00,0.000000000000000000e+00,3.370786516853932491e-02,3.370786516853932491e-02,5.056179775280898736e-02
0.000000000000000000e+00,0.000000000000000000e+00,0.000000000000000000e+00,0.000000000000000000e+00,0.000000000000000000e+00,0.000000000000000000e+00,0.000000000000000000e+00,0.000000000000000000e+00,0.000000000000000000e+00,0.000000000000000000e+00,0.000000000000000000e+00,0.000000000000000000e+00,0.000000000000000000e+00,0.000000000000000000e+00,2.400000000000000050e-02,0.000000000000000000e+00,0.000000000000000000e+00,4.000000000000000083e-02,3.840000000000000080e-01,4.800000000000000100e-02,0.000000000000000000e+00,0.000000000000000000e+00,0.000000000000000000e+00,0.000000000000000000e+00,0.000000000000000000e+00,0.000000000000000000e+00,0.000000000000000000e+00,0.000000000000000000e+00,0.000000000000000000e+00,0.000000000000000000e+00,0.000000000000000000e+00,0.000000000000000000e+00,0.000000000000000000e+00,0.000000000000000000e+00,0.000000000000000000e+00,8.000000000000000167e-03,2.400000000000000050e-02,8.799999999999999489e-02,0.000000000000000000e+00,8.000000000000000167e-03,0.000000000000000000e+00,0.000000000000000000e+00,0.000000000000000000e+00,0.000000000000000000e+00,2.320000000000000118e-01,0.000000000000000000e+00,0.000000000000000000e+00,0.000000000000000000e+00,0.000000000000000000e+00,0.000000000000000000e+00,6.400000000000000133e-02,7.199999999999999456e-02,8.000000000000000167e-03
0.000000000000000000e+00,0.000000000000000000e+00,0.000000000000000000e+00,0.000000000000000000e+00,0.000000000000000000e+00,0.000000000000000000e+00,0.000000000000000000e+00,0.000000000000000000e+00,0.000000000000000000e+00,0.000000000000000000e+00,0.000000000000000000e+00,0.000000000000000000e+00,0.000000000000000000e+00,0.000000000000000000e+00,8.333333333333332871e-02,0.000000000000000000e+00,0.000000000000000000e+00,3.333333333333333287e-02,8.333333333333332871e-02,8.333333333333332871e-02,0.000000000000000000e+00,0.000000000000000000e+00,0.000000000000000000e+00,0.000000000000000000e+00,0.000000000000000000e+00,0.000000000000000000e+00,0.000000000000000000e+00,0.000000000000000000e+00,0.000000000000000000e+00,0.000000000000000000e+00,0.000000000000000000e+00,3.333333333333333148e-01,0.000000000000000000e+00,0.000000000000000000e+00,0.000000000000000000e+00,0.000000000000000000e+00,0.000000000000000000e+00,1.416666666666666630e-01,0.000000000000000000e+00,0.000000000000000000e+00,1.666666666666666644e-02,0.000000000000000000e+00,2.500000000000000139e-02,4.166666666666666435e-02,0.000000000000000000e+00,1.666666666666666644e-02,0.000000000000000000e+00,0.000000000000000000e+00,1.666666666666666644e-02,0.000000000000000000e+00,8.333333333333332871e-02,1.666666666666666644e-02,2.500000000000000139e-02
6.389776357827475772e-03,6.389776357827475772e-03,3.194888178913737886e-03,2.555910543130990309e-02,1.597444089456868943e-02,6.389776357827475772e-03,0.000000000000000000e+00,6.389776357827475772e-03,0.000000000000000000e+00,0.000000000000000000e+00,4.472843450479233041e-02,1.597444089456868943e-02,3.833865814696485463e-02,1.277955271565495154e-02,0.000000000000000000e+00,6.389776357827475772e-03,0.000000000000000000e+00,4.792332268370606829e-02,3.194888178913737886e-03,3.194888178913737886e-03,0.000000000000000000e+00,3.194888178913737886e-03,0.000000000000000000e+00,1.469648562300319428e-01,0.000000000000000000e+00,6.389776357827475772e-03,1.725239616613418459e-01,1.597444089456868943e-02,3.194888178913737886e-03,0.000000000000000000e+00,4.472843450479233041e-02,1.597444089456868943e-02,8.626198083067092293e-02,3.194888178913737886e-03,6.389776357827475772e-03,0.000000000000000000e+00,0.000000000000000000e+00,0.000000000000000000e+00,1.022364217252396124e-01,9.584664536741213658e-03,0.000000000000000000e+00,2.875399361022364098e-02,3.194888178913737886e-02,1.277955271565495154e-02,0.000000000000000000e+00,0.000000000000000000e+00,3.194888178913737886e-03,0.000000000000000000e+00,0.000000000000000000e+00,3.194888178913737886e-03,6.070287539936101984e-02,0.000000000000000000e+00,0.000000000000000000e+00
0.000000000000000000e+00,0.000000000000000000e+00,0.000000000000000000e+00,0.000000000000000000e+00,0.000000000000000000e+00,0.000000000000000000e+00,0.000000000000000000e+00,0.000000000000000000e+00,0.000000000000000000e+00,0.000000000000000000e+00,0.000000000000000000e+00,0.000000000000000000e+00,7.751937984496123923e-03,0.000000000000000000e+00,1.937984496124031120e-01,0.000000000000000000e+00,0.000000000000000000e+00,5.426356589147286746e-02,0.000000000000000000e+00,0.000000000000000000e+00,0.000000000000000000e+00,0.000000000000000000e+00,0.000000000000000000e+00,0.000000000000000000e+00,0.000000000000000000e+00,0.000000000000000000e+00,0.000000000000000000e+00,1.550387596899224785e-02,0.000000000000000000e+00,0.000000000000000000e+00,0.000000000000000000e+00,4.418604651162790775e-01,0.000000000000000000e+00,0.000000000000000000e+00,3.100775193798449569e-02,0.000000000000000000e+00,0.000000000000000000e+00,1.550387596899224785e-02,0.000000000000000000e+00,0.000000000000000000e+00,6.976744186046511531e-02,0.000000000000000000e+00,7.751937984496123923e-03,0.000000000000000000e+00,0.000000000000000000e+00,0.000000000000000000e+00,1.472868217054263684e-01,0.000000000000000000e+00,0.000000000000000000e+00,0.000000000000000000e+00,7.751937984496123923e-03,0.000000000000000000e+00,7.751937984496123923e-03
0.000000000000000000e+00,0.000000000000000000e+00,4.950495049504950555e-03,3.712871287128712700e-02,2.475247524752475278e-03,4.950495049504950555e-03,0.000000000000000000e+00,0.000000000000000000e+00,8.663366336633662734e-02,0.000000000000000000e+00,0.000000000000000000e+00,0.000000000000000000e+00,2.475247524752475364e-02,0.000000000000000000e+00,0.000000000000000000e+00,0.000000000000000000e+00,1.485148514851485080e-02,4.950495049504950729e-02,0.000000000000000000e+00,0.000000000000000000e+00,0.000000000000000000e+00,7.425742574257425399e-03,0.000000000000000000e+00,2.054455445544554337e-01,0.000000000000000000e+00,0.000000000000000000e+00,7.425742574257425399e-03,3.341584158415841777e-01,4.950495049504950555e-03,0.000000000000000000e+00,4.950495049504950555e-03,1.980198019801980222e-02,0.000000000000000000e+00,4.950495049504950555e-03,1.980198019801980222e-02,0.000000000000000000e+00,0.000000000000000000e+00,0.000000000000000000e+00,7.425742574257425399e-03,0.000000000000000000e+00,2.475247524752475364e-02,0.000000000000000000e+00,0.000000000000000000e+00,0.000000000000000000e+00,0.000000000000000000e+00,0.000000000000000000e+00,0.000000000000000000e+00,2.475247524752475278e-03,4.702970297029702984e-02,0.000000000000000000e+00,7.673267326732673144e-02,0.000000000000000000e+00,7.425742574257425399e-03
1.381215469613259611e-02,2.762430939226519222e-03,1.104972375690607689e-02,1.381215469613259611e-02,1.381215469613259611e-02,1.104972375690607689e-02,2.762430939226519222e-03,0.000000000000000000e+00,1.933701657458563455e-02,1.104972375690607689e-02,5.524861878453038444e-03,0.000000000000000000e+00,3.314917127071823066e-02,5.524861878453038444e-03,0.000000000000000000e+00,0.000000000000000000e+00,2.762430939226519222e-03,3.867403314917126911e-02,1.381215469613259611e-02,2.209944751381215378e-02,2.762430939226519222e-03,2.762430939226519222e-03,0.000000000000000000e+00,1.353591160220994349e-01,2.762430939226519222e-03,2.762430939226519222e-03,4.143646408839778833e-02,1.657458563535911533e-02,7.182320441988949977e-02,0.000000000000000000e+00,2.209944751381215378e-02,1.381215469613259611e-02,1.104972375690607689e-02,6.629834254143646133e-02,5.248618784530386522e-02,1.657458563535911533e-02,2.762430939226519222e-03,0.000000000000000000e+00,1.104972375690607689e-02,0.000000000000000000e+00,1.381215469613259611e-02,2.486187845303867300e-02,1.657458563535911533e-02,1.104972375690607689e-02,5.524861878453038444e-03,5.524861878453038444e-03,5.248618784530386522e-02,4.419889502762430755e-02,2.762430939226519222e-03,4.143646408839778833e-02,0.000000000000000000e+00,5.524861878453038444e-02,3.314917127071823066e-02
0.000000000000000000e+00,8.571428571428571508e-02,2.857142857142857054e-02,9.523809523809524669e-03,2.857142857142857054e-02,9.523809523809524669e-03,5.714285714285714107e-02,9.523809523809524669e-03,9.523809523809524669e-03,3.809523809523809867e-02,9.523809523809523281e-02,4.761904761904761640e-02,9.523809523809524669e-03,1.904761904761904934e-02,0.000000000000000000e+00,3.809523809523809867e-02,0.000000000000000000e+00,7.619047619047619735e-02,5.714285714285714107e-02,9.523809523809524669e-03,9.523809523809524669e-03,0.000000000000000000e+00,1.809523809523809479e-01,0.000000000000000000e+00,0.000000000000000000e+00,0.000000000000000000e+00,0.000000000000000000e+00,0.000000000000000000e+00,0.000000000000000000e+00,0.000000000000000000e+00,1.904761904761904934e-02,0.000000000000000000e+00,9.523809523809524669e-03,0.000000000000000000e+00,0.000000000000000000e+00,0.000000000000000000e+00,0.000000000000000000e+00,4.761904761904761640e-02,0.000000000000000000e+00,0.000000000000000000e+00,0.000000000000000000e+00,9.523809523809524669e-03,0.000000000000000000e+00,1.904761904761904934e-02,0.000000000000000000e+00,9.523809523809524669e-03,0.000000000000000000e+00,0.000000000000000000e+00,0.000000000000000000e+00,0.000000000000000000e+00,6.666666666666666574e-02,0.000000000000000000e+00,0.000000000000000000e+00
1.162790697674418589e-02,1.162790697674418589e-02,3.488372093023255766e-02,2.325581395348837177e-02,0.000000000000000000e+00,0.000000000000000000e+00,1.162790697674418589e-02,0.000000000000000000e+00,0.000000000000000000e+00,1.162790697674418589e-02,1.162790697674418589e-02,2.325581395348837177e-02,0.000000000000000000e+00,0.000000000000000000e+00,2.325581395348837177e-02,2.325581395348837177e-02,0.000000000000000000e+00,2.325581395348837177e-02,6.976744186046511531e-02,6.976744186046511531e-02,1.162790697674418589e-02,0.000000000000000000e+00,0.000000000000000000e+00,0.000000000000000000e+00,0.000000000000000000e+00,0.000000000000000000e+00,0.000000000000000000e+00,0.000000000000000000e+00,0.000000000000000000e+00,0.000000000000000000e+00,1.162790697674418589e-02,0.000000000000000000e+00,0.000000000000000000e+00,0.000000000000000000e+00,0.000000000000000000e+00,1.046511627906976799e-01,2.325581395348837177e-02,1.162790697674418589e-01,0.000000000000000000e+00,0.000000000000000000e+00,0.000000000000000000e+00,0.000000000000000000e+00,1.162790697674418589e-02,6.976744186046511531e-02,2.325581395348837177e-02,0.000000000000000000e+00,1.744186046511627952e-01,0.000000000000000000e+00,0.000000000000000000e+00,0.000000000000000000e+00,4.651162790697674354e-02,5.813953488372092943e-02,0.000000000000000000e+00
