0.000000000000000000e+00,3.304597701149425415e-02,1.724137931034482735e-02,1.091954022988505801e-01,4.310344827586207184e-02,1.436781609195402279e-02,8.477011494252872925e-02,2.442528735632184048e-02,0.000000000000000000e+00,1.436781609195402279e-02,1.149425287356321823e-02,1.293103448275862051e-02,4.597701149425287293e-02,8.620689655172414367e-02,1.436781609195402279e-03,3.017241379310344959e-02,4.310344827586206837e-03,0.000000000000000000e+00,5.747126436781609116e-03,8.620689655172413673e-03,1.436781609195402279e-03,7.471264367816092544e-02,1.005747126436781595e-02,2.873563218390804558e-03,1.293103448275862051e-02,3.879310344827586327e-02,0.000000000000000000e+00,0.000000000000000000e+00,1.149425287356321823e-02,9.913793103448276245e-02,1.867816091954023136e-02,2.873563218390804558e-03,2.873563218390804558e-03,2.729885057471264503e-02,8.620689655172413673e-03,0.000000000000000000e+00,5.172413793103448204e-02,0.000000000000000000e+00,0.000000000000000000e+00,4.310344827586206837e-03,8.620689655172413673e-03,1.149425287356321823e-02,1.436781609195402279e-03,1.436781609195402279e-03,0.000000000000000000e+00,5.028735632183908150e-02,0.000000000000000000e+00,0.000000000000000000e+00,0.000000000000000000e+00,0.000000000000000000e+00,4.310344827586206837e-03,2.873563218390804558e-03,4.310344827586206837e-03
7.653910149750416114e-02,0.000000000000000000e+00,1.913477537437603959e-01,2.329450915141430961e-02,8.485856905158069285e-02,2.212978369384359378e-01,3.327787021630615721e-03,9.983361064891846728e-03,1.830282861896838711e-02,4.991680532445923364e-03,1.830282861896838711e-02,5.990016638935108384e-02,9.983361064891846728e-03,1.663893510815307860e-03,0.000000000000000000e+00,0.000000000000000000e+00,1.331114808652246288e-02,0.000000000000000000e+00,6.655574043261231441e-03,0.000000000000000000e+00,1.497504159733777096e-02,1.164725457570715481e-02,7.321131447587354846e-02,9.983361064891846728e-03,1.331114808652246288e-02,3.327787021630615721e-03,0.000000000000000000e+00,2.163061564059900327e-02,5.990016638935108384e-02,6.655574043261231441e-03,9.983361064891846728e-03,0.000000000000000000e+00,1.663893510815307860e-03,1.830282861896838711e-02,4.991680532445923364e-03,0.000000000000000000e+00,0.000000000000000000e+00,0.000000000000000000e+00,0.000000000000000000e+00,0.000000000000000000e+00,0.000000000000000000e+00,0.000000000000000000e+00,0.000000000000000000e+00,0.000000000000000000e+00,0.000000000000000000e+00,0.000000000000000000e+00,0.000000000000000000e+00,0.000000000000000000e+00,0.000000000000000000e+00,1.663893510815307860e-03,0.000000000000000000e+00,4.991680532445923364e-03,0.000000000000000000e+00
2.415458937198067604e-02,9.420289855072463969e-02,0.000000000000000000e+00,3.864734299516908028e-02,2.294685990338164380e-02,2.777777777777777624e-02,6.763285024154588876e-02,1.932367149758454014e-02,1.086956521739130405e-02,4.830917874396135035e-03,1.207729468599033759e-03,2.415458937198067518e-03,4.106280193236715170e-02,8.454106280193236095e-03,2.415458937198067518e-03,0.000000000000000000e+00,9.661835748792270070e-03,0.000000000000000000e+00,2.415458937198067518e-03,1.207729468599033759e-03,0.000000000000000000e+00,2.862318840579710089e-01,4.830917874396135035e-03,0.000000000000000000e+00,1.207729468599033802e-02,1.811594202898550790e-02,0.000000000000000000e+00,0.000000000000000000e+00,0.000000000000000000e+00,1.727053140096618256e-01,6.038647342995169011e-03,0.000000000000000000e+00,1.207729468599033759e-03,2.777777777777777624e-02,1.811594202898550790e-02,0.000000000000000000e+00,6.038647342995169011e-03,1.207729468599033759e-03,0.000000000000000000e+00,7.246376811594202987e-03,1.932367149758454014e-02,4.830917874396135035e-03,0.000000000000000000e+00,0.000000000000000000e+00,0.000000000000000000e+00,2.657004830917874399e-02,0.000000000000000000e+00,0.000000000000000000e+00,0.000000000000000000e+00,2.415458937198067518e-03,1.207729468599033759e-03,1.207729468599033759e-03,3.623188405797101493e-03
1.654545454545454652e-01,1.090909090909090995e-02,6.181818181818182073e-02,0.000000000000000000e+00,1.818181818181818180e-03,2.545454545454545539e-02,5.454545454545454974e-03,1.690909090909090973e-01,5.636363636363636576e-02,4.727272727272727182e-02,2.727272727272727140e-02,1.454545454545454544e-02,2.000000000000000042e-02,3.636363636363636360e-03,0.000000000000000000e+00,0.000000000000000000e+00,1.454545454545454544e-02,0.000000000000000000e+00,0.000000000000000000e+00,0.000000000000000000e+00,7.272727272727272374e-02,1.818181818181818180e-03,0.000000000000000000e+00,1.090909090909090995e-02,1.163636363636363635e-01,0.000000000000000000e+00,0.000000000000000000e+00,9.090909090909090468e-03,4.727272727272727182e-02,0.000000000000000000e+00,1.090909090909090995e-02,0.000000000000000000e+00,3.090909090909091037e-02,5.454545454545454974e-03,0.000000000000000000e+00,0.000000000000000000e+00,0.000000000000000000e+00,0.000000000000000000e+00,6.363636363636362980e-02,0.000000000000000000e+00,0.000000000000000000e+00,0.000000000000000000e+00,0.000000000000000000e+00,0.000000000000000000e+00,0.000000000000000000e+00,0.000000000000000000e+00,0.000000000000000000e+00,7.272727272727272721e-03,0.000000000000000000e+00,0.000000000000000000e+00,0.000000000000000000e+00,0.000000000000000000e+00,0.000000000000000000e+00
7.900677200902934960e-02,2.167042889390519145e-01,1.218961625282167088e-01,2.257336343115123965e-03,0.000000000000000000e+00,1.602708803611738175e-01,4.514672686230247929e-03,3.837471783295710870e-02,1.580135440180586992e-02,0.000000000000000000e+00,4.514672686230247929e-03,8.803611738148983679e-02,2.257336343115123965e-03,0.000000000000000000e+00,0.000000000000000000e+00,4.514672686230247929e-03,1.128668171557562112e-02,0.000000000000000000e+00,2.257336343115123965e-03,0.000000000000000000e+00,0.000000000000000000e+00,2.483069977426636404e-02,4.288939051918735923e-02,1.128668171557562112e-02,0.000000000000000000e+00,0.000000000000000000e+00,4.514672686230247929e-03,1.354401805869074465e-02,5.191873589164785335e-02,0.000000000000000000e+00,6.772009029345372327e-03,0.000000000000000000e+00,2.257336343115123965e-03,4.514672686230247929e-03,2.257336343115123965e-03,0.000000000000000000e+00,0.000000000000000000e+00,0.000000000000000000e+00,7.900677200902934960e-02,0.000000000000000000e+00,0.000000000000000000e+00,4.514672686230247929e-03,0.000000000000000000e+00,0.000000000000000000e+00,0.000000000000000000e+00,0.000000000000000000e+00,0.000000000000000000e+00,0.000000000000000000e+00,0.000000000000000000e+00,0.000000000000000000e+00,0.000000000000000000e+00,0.000000000000000000e+00,0.000000000000000000e+00
1.730769230769230727e-01,1.648351648351648324e-01,8.241758241758241621e-02,6.868131868131868711e-02,1.071428571428571369e-01,0.000000000000000000e+00,2.197802197802197974e-02,7.967032967032966484e-02,3.846153846153846367e-02,1.098901098901098987e-02,5.494505494505494934e-03,2.747252747252747207e-02,1.098901098901098987e-02,1.098901098901098987e-02,0.000000000000000000e+00,1.648351648351648394e-02,8.516483516483516758e-02,0.000000000000000000e+00,0.000000000000000000e+00,0.000000000000000000e+00,5.494505494505494934e-03,5.494505494505494934e-03,4.120879120879120810e-02,2.747252747252747467e-03,2.747252747252747467e-03,0.000000000000000000e+00,0.000000000000000000e+00,5.494505494505494934e-03,1.098901098901098987e-02,0.000000000000000000e+00,2.747252747252747467e-03,0.000000000000000000e+00,2.747252747252747467e-03,1.373626373626373603e-02,0.000000000000000000e+00,0.000000000000000000e+00,0.000000000000000000e+00,0.000000000000000000e+00,0.000000000000000000e+00,0.000000000000000000e+00,0.000000000000000000e+00,0.000000000000000000e+00,0.000000000000000000e+00,0.000000000000000000e+00,0.000000000000000000e+00,0.000000000000000000e+00,0.000000000000000000e+00,0.000000000000000000e+00,0.000000000000000000e+00,0.000000000000000000e+00,0.000000000000000000e+00,2.747252747252747467e-03,0.000000000000000000e+00
2.197802197802197800e-03,1.098901098901098987e-02,0.000000000000000000e+00,0.000000000000000000e+00,0.000000000000000000e+00,0.000000000000000000e+00,0.000000000000000000e+00,0.000000000000000000e+00,0.000000000000000000e+00,1.318681318681318680e-02,0.000000000000000000e+00,0.000000000000000000e+00,2.197802197802197800e-03,6.593406593406593401e-03,2.197802197802197800e-03,2.197802197802197800e-03,0.000000000000000000e+00,0.000000000000000000e+00,2.637362637362637360e-02,4.175824175824175560e-02,0.000000000000000000e+00,2.197802197802197800e-03,0.000000000000000000e+00,0.000000000000000000e+00,0.000000000000000000e+00,2.197802197802197800e-03,0.000000000000000000e+00,0.000000000000000000e+00,2.197802197802197800e-03,0.000000000000000000e+00,0.000000000000000000e+00,0.000000000000000000e+00,0.000000000000000000e+00,0.000000000000000000e+00,2.197802197802197800e-03,1.890109890109890056e-01,4.395604395604395948e-02,1.516483516483516369e-01,0.000000000000000000e+00,4.395604395604395601e-03,4.395604395604395601e-03,0.000000000000000000e+00,0.000000000000000000e+00,1.186813186813186760e-01,3.208791208791209049e-01,6.593406593406593401e-03,2.197802197802197800e-03,0.000000000000000000e+00,4.395604395604395601e-03,0.000000000000000000e+00,6.593406593406593401e-03,6.593406593406593401e-03,2.417582417582417667e-02
1.033755274261603380e-01,2.109704641350210793e-03,5.485232067510548842e-02,1.202531645569620278e-01,4.641350210970464352e-02,6.118143459915612037e-02,0.000000000000000000e+00,0.000000000000000000e+00,1.687763713080168634e-02,1.371308016877637037e-01,1.476793248945147685e-02,2.953586497890295370e-02,0.000000000000000000e+00,3.797468354430379861e-02,0.000000000000000000e+00,2.320675105485232176e-02,1.265822784810126563e-02,0.000000000000000000e+00,0.000000000000000000e+00,0.000000000000000000e+00,4.641350210970464352e-02,4.219409282700421586e-03,4.219409282700421586e-03,1.265822784810126563e-02,1.160337552742616019e-01,4.219409282700421586e-03,1.054852320675105440e-02,4.219409282700421586e-03,9.071729957805907407e-02,0.000000000000000000e+00,4.219409282700421586e-03,0.000000000000000000e+00,4.219409282700421586e-03,3.586497890295358565e-02,0.000000000000000000e+00,0.000000000000000000e+00,0.000000000000000000e+00,0.000000000000000000e+00,0.000000000000000000e+00,0.000000000000000000e+00,0.000000000000000000e+00,0.000000000000000000e+00,0.000000000000000000e+00,0.000000000000000000e+00,0.000000000000000000e+00,0.000000000000000000e+00,0.000000000000000000e+00,0.000000000000000000e+00,0.000000000000000000e+00,0.000000000000000000e+00,0.000000000000000000e+00,2.109704641350210793e-03,0.000000000000000000e+00
3.766478342749529033e-03,2.071563088512241163e-02,1.318267419962335270e-02,2.448210922787193849e-02,2.448210922787193849e-02,1.318267419962335270e-02,7.721280602636534929e-02,7.532956685499058065e-03,0.000000000000000000e+00,5.649717514124293766e-03,0.000000000000000000e+00,0.000000000000000000e+00,3.013182674199623226e-02,0.000000000000000000e+00,0.000000000000000000e+00,0.000000000000000000e+00,1.393596986817325911e-01,0.000000000000000000e+00,5.649717514124293766e-03,1.883239171374764516e-03,3.201506591337099916e-02,1.506591337099811613e-02,1.883239171374764516e-03,0.000000000000000000e+00,1.883239171374764516e-03,0.000000000000000000e+00,0.000000000000000000e+00,2.448210922787193849e-02,0.000000000000000000e+00,6.591337099811675482e-02,5.649717514124293766e-03,7.532956685499058065e-03,0.000000000000000000e+00,2.448210922787193849e-02,6.779661016949152519e-02,0.000000000000000000e+00,5.649717514124293766e-03,0.000000000000000000e+00,0.000000000000000000e+00,0.000000000000000000e+00,3.295668549905838018e-01,0.000000000000000000e+00,0.000000000000000000e+00,0.000000000000000000e+00,0.000000000000000000e+00,1.506591337099811613e-02,0.000000000000000000e+00,0.000000000000000000e+00,1.883239171374764516e-03,2.259887005649717506e-02,0.000000000000000000e+00,3.766478342749529033e-03,7.532956685499058065e-03
1.568627450980392135e-02,5.882352941176470507e-03,5.882352941176470507e-03,7.254901960784314319e-02,0.000000000000000000e+00,5.882352941176470507e-03,2.000000000000000111e-01,7.450980392156862642e-02,2.745098039215686236e-02,0.000000000000000000e+00,3.921568627450980338e-03,0.000000000000000000e+00,3.137254901960784270e-02,5.882352941176470507e-02,1.960784313725490169e-03,0.000000000000000000e+00,3.725490196078431321e-02,0.000000000000000000e+00,0.000000000000000000e+00,1.372549019607843118e-02,3.921568627450980338e-02,4.313725490196078372e-02,0.000000000000000000e+00,0.000000000000000000e+00,2.941176470588235253e-02,3.333333333333333287e-02,0.000000000000000000e+00,0.000000000000000000e+00,0.000000000000000000e+00,1.058823529411764691e-01,7.843137254901960675e-03,0.000000000000000000e+00,0.000000000000000000e+00,5.882352941176470507e-03,0.000000000000000000e+00,0.000000000000000000e+00,1.352941176470588147e-01,0.000000000000000000e+00,0.000000000000000000e+00,0.000000000000000000e+00,7.843137254901960675e-03,0.000000000000000000e+00,0.000000000000000000e+00,0.000000000000000000e+00,0.000000000000000000e+00,2.549019607843137220e-02,0.000000000000000000e+00,0.000000000000000000e+00,0.000000000000000000e+00,0.000000000000000000e+00,5.882352941176470507e-03,5.882352941176470507e-03,0.000000000000000000e+00
9.828009828009827767e-03,2.948402948402948504e-02,2.457002457002456942e-03,1.474201474201474252e-02,1.965601965601965553e-02,4.914004914004913883e-03,2.211302211302211204e-02,7.371007371007371259e-03,0.000000000000000000e+00,1.719901719901719903e-02,0.000000000000000000e+00,2.702702702702702853e-02,7.371007371007371259e-03,4.914004914004913710e-02,7.371007371007371259e-03,1.179361179361179401e-01,0.000000000000000000e+00,0.000000000000000000e+00,0.000000000000000000e+00,0.000000000000000000e+00,0.000000000000000000e+00,4.914004914004913883e-03,1.228501228501228427e-02,0.000000000000000000e+00,9.828009828009827767e-03,3.562653562653562700e-01,0.000000000000000000e+00,0.000000000000000000e+00,0.000000000000000000e+00,9.828009828009827767e-03,0.000000000000000000e+00,0.000000000000000000e+00,8.108108108108108558e-02,2.457002457002456942e-03,0.000000000000000000e+00,0.000000000000000000e+00,2.948402948402948504e-02,0.000000000000000000e+00,0.000000000000000000e+00,0.000000000000000000e+00,0.000000000000000000e+00,9.090909090909091161e-02,0.000000000000000000e+00,0.000000000000000000e+00,0.000000000000000000e+00,5.896805896805897007e-02,0.000000000000000000e+00,0.000000000000000000e+00,0.000000000000000000e+00,0.000000000000000000e+00,2.457002457002456942e-03,2.457002457002456942e-03,2.457002457002456942e-03
1.007751937984496110e-01,5.167958656330749051e-02,2.583979328165374525e-02,7.751937984496123923e-03,7.235142118863048533e-02,1.033591731266149914e-02,0.000000000000000000e+00,1.291989664082687263e-02,0.000000000000000000e+00,5.167958656330749571e-03,6.201550387596899139e-02,0.000000000000000000e+00,0.000000000000000000e+00,5.943152454780361443e-02,0.000000000000000000e+00,1.937984496124031120e-01,0.000000000000000000e+00,0.000000000000000000e+00,0.000000000000000000e+00,0.000000000000000000e+00,0.000000000000000000e+00,2.583979328165374786e-03,2.248062015503876077e-01,2.583979328165374786e-03,5.167958656330749571e-03,3.617571059431524266e-02,0.000000000000000000e+00,0.000000000000000000e+00,2.583979328165374525e-02,2.583979328165374786e-03,2.583979328165374786e-03,0.000000000000000000e+00,8.268733850129199314e-02,7.751937984496123923e-03,0.000000000000000000e+00,0.000000000000000000e+00,0.000000000000000000e+00,0.000000000000000000e+00,0.000000000000000000e+00,0.000000000000000000e+00,0.000000000000000000e+00,5.167958656330749571e-03,0.000000000000000000e+00,0.000000000000000000e+00,0.000000000000000000e+00,0.000000000000000000e+00,0.000000000000000000e+00,0.000000000000000000e+00,0.000000000000000000e+00,0.000000000000000000e+00,0.000000000000000000e+00,0.000000000000000000e+00,0.000000000000000000e+00
6.115107913669064893e-02,0.000000000000000000e+00,1.726618705035971313e-01,1.043165467625899318e-01,1.438848920863309427e-02,3.597122302158273568e-03,7.194244604316547137e-03,1.079136690647482071e-02,7.913669064748200810e-02,1.330935251798561203e-01,7.553956834532374320e-02,0.000000000000000000e+00,0.000000000000000000e+00,7.194244604316547137e-03,3.597122302158273568e-03,0.000000000000000000e+00,3.597122302158273568e-03,0.000000000000000000e+00,0.000000000000000000e+00,0.000000000000000000e+00,1.798561151079136611e-02,1.438848920863309427e-02,0.000000000000000000e+00,7.194244604316547137e-03,4.676258992805755466e-02,7.194244604316547137e-03,0.000000000000000000e+00,1.438848920863309427e-02,3.597122302158273568e-03,3.956834532374100405e-02,3.237410071942446038e-02,1.079136690647482071e-02,3.597122302158273568e-03,3.597122302158273568e-03,0.000000000000000000e+00,3.597122302158273568e-03,2.158273381294964141e-02,0.000000000000000000e+00,0.000000000000000000e+00,3.597122302158273222e-02,1.798561151079136611e-02,7.194244604316547137e-03,1.438848920863309427e-02,1.079136690647482071e-02,0.000000000000000000e+00,0.000000000000000000e+00,0.000000000000000000e+00,7.194244604316547137e-03,0.000000000000000000e+00,0.000000000000000000e+00,3.597122302158273568e-03,0.000000000000000000e+00,0.000000000000000000e+00
2.247191011235954994e-01,0.000000000000000000e+00,1.123595505617977497e-02,0.000000000000000000e+00,5.617977528089887485e-03,5.617977528089887485e-03,5.617977528089887485e-03,1.460674157303370746e-01,2.808988764044943742e-03,9.550561797752808724e-02,4.494382022471909988e-02,3.370786516853932491e-02,2.808988764044943742e-03,0.000000000000000000e+00,0.000000000000000000e+00,2.808988764044943742e-03,0.000000000000000000e+00,0.000000000000000000e+00,0.000000000000000000e+00,0.000000000000000000e+00,5.617977528089887485e-03,2.808988764044943742e-03,5.617977528089887485e-03,8.426966292134831227e-03,2.106741573033707737e-01,1.404494382022471871e-02,6.741573033707864981e-02,0.000000000000000000e+00,2.247191011235954994e-02,2.808988764044943742e-03,3.089887640449438116e-02,0.000000000000000000e+00,1.123595505617977497e-02,5.617977528089887485e-03,0.000000000000000000e+00,0.000000000000000000e+00,0.000000000000000000e+00,0.000000000000000000e+00,1.123595505617977497e-02,0.000000000000000000e+00,0.000000000000000000e+00,2.808988764044943742e-03,0.000000000000000000e+00,0.000000000000000000e+00,0.000000000000000000e+00,2.808988764044943742e-03,0.000000000000000000e+00,1.123595505617977497e-02,0.000000000000000000e+00,0.000000000000000000e+00,2.808988764044943742e-03,0.000000000000000000e+00,0.000000000000000000e+00
3.542234332425068383e-02,6.539509536784740562e-02,3.024523160762943030e-01,4.359673024523160606e-02,5.722070844686648339e-02,8.174386920980925703e-03,1.362397820163487733e-02,2.452316076294278058e-02,4.632152588555858014e-02,4.087193460490463198e-02,9.809264305177112231e-02,5.449591280653950758e-03,1.089918256130790152e-02,5.449591280653950931e-02,0.000000000000000000e+00,5.722070844686648339e-02,1.362397820163487733e-02,0.000000000000000000e+00,0.000000000000000000e+00,0.000000000000000000e+00,2.724795640326975379e-03,8.174386920980925703e-03,2.724795640326975465e-02,0.000000000000000000e+00,2.724795640326975379e-03,1.089918256130790152e-02,5.449591280653950758e-03,0.000000000000000000e+00,0.000000000000000000e+00,1.634877384196185141e-02,1.089918256130790152e-02,0.000000000000000000e+00,5.449591280653950758e-03,0.000000000000000000e+00,5.449591280653950758e-03,0.000000000000000000e+00,2.724795640326975379e-03,0.000000000000000000e+00,0.000000000000000000e+00,5.449591280653950758e-03,2.724795640326975379e-03,5.449591280653950758e-03,0.000000000000000000e+00,0.000000000000000000e+00,0.000000000000000000e+00,1.089918256130790152e-02,0.000000000000000000e+00,0.000000000000000000e+00,0.000000000000000000e+00,0.000000000000000000e+00,0.000000000000000000e+00,0.000000000000000000e+00,0.000000000000000000e+00
1.863354037267080793e-02,1.552795031055900603e-02,0.000000000000000000e+00,0.000000000000000000e+00,6.211180124223602064e-03,6.211180124223602064e-03,0.000000000000000000e+00,6.211180124223602064e-03,0.000000000000000000e+00,0.000000000000000000e+00,2.577639751552794900e-01,3.664596273291925721e-01,3.105590062111801032e-03,0.000000000000000000e+00,0.000000000000000000e+00,0.000000000000000000e+00,0.000000000000000000e+00,0.000000000000000000e+00,0.000000000000000000e+00,0.000000000000000000e+00,0.000000000000000000e+00,0.000000000000000000e+00,5.279503105590062362e-02,1.242236024844720413e-02,3.105590062111801032e-03,1.242236024844720413e-02,4.037267080745341602e-02,0.000000000000000000e+00,1.552795031055900603e-02,0.000000000000000000e+00,9.316770186335403964e-03,0.000000000000000000e+00,1.180124223602484479e-01,0.000000000000000000e+00,0.000000000000000000e+00,0.000000000000000000e+00,0.000000000000000000e+00,0.000000000000000000e+00,1.242236024844720413e-02,0.000000000000000000e+00,0.000000000000000000e+00,0.000000000000000000e+00,0.000000000000000000e+00,0.000000000000000000e+00,0.000000000000000000e+00,0.000000000000000000e+00,0.000000000000000000e+00,4.347826086956521618e-02,0.000000000000000000e+00,0.000000000000000000e+00,0.000000000000000000e+00,0.000000000000000000e+00,0.000000000000000000e+00
4.221635883905013042e-02,1.055408970976253261e-02,3.166226912928760129e-02,1.319261213720316663e-02,1.055408970976253261e-02,6.332453825857520258e-02,1.583113456464380064e-02,1.583113456464380064e-02,2.770448548812665113e-01,1.846965699208443293e-02,0.000000000000000000e+00,0.000000000000000000e+00,2.638522427440633152e-03,0.000000000000000000e+00,0.000000000000000000e+00,0.000000000000000000e+00,0.000000000000000000e+00,2.638522427440633152e-03,0.000000000000000000e+00,0.000000000000000000e+00,2.664907651715039405e-01,0.000000000000000000e+00,0.000000000000000000e+00,3.166226912928760129e-02,1.846965699208443293e-02,0.000000000000000000e+00,0.000000000000000000e+00,1.108179419525065906e-01,2.638522427440633325e-02,0.000000000000000000e+00,2.638522427440633152e-03,2.638522427440633152e-03,0.000000000000000000e+00,3.166226912928760129e-02,2.638522427440633152e-03,0.000000000000000000e+00,0.000000000000000000e+00,0.000000000000000000e+00,0.000000000000000000e+00,0.000000000000000000e+00,0.000000000000000000e+00,0.000000000000000000e+00,0.000000000000000000e+00,0.000000000000000000e+00,0.000000000000000000e+00,0.000000000000000000e+00,0.000000000000000000e+00,0.000000000000000000e+00,0.000000000000000000e+00,0.000000000000000000e+00,2.638522427440633152e-03,0.000000000000000000e+00,0.000000000000000000e+00
0.000000000000000000e+00,0.000000000000000000e+00,0.000000000000000000e+00,8.333333333333332871e-02,0.000000000000000000e+00,0.000000000000000000e+00,0.000000000000000000e+00,0.000000000000000000e+00,0.000000000000000000e+00,0.000000000000000000e+00,0.000000000000000000e+00,0.000000000000000000e+00,0.000000000000000000e+00,0.000000000000000000e+00,0.000000000000000000e+00,0.000000000000000000e+00,0.000000000000000000e+00,0.000000000000000000e+00,0.000000000000000000e+00,0.000000000000000000e+00,0.000000000000000000e+00,0.000000000000000000e+00,0.000000000000000000e+00,0.000000000000000000e+00,0.000000000000000000e+00,0.000000000000000000e+00,0.000000000000000000e+00,0.000000000000000000e+00,8.333333333333332871e-02,0.000000000000000000e+00,0.000000000000000000e+00,0.000000000000000000e+00,0.000000000000000000e+00,0.000000000000000000e+00,0.000000000000000000e+00,0.000000000000000000e+00,0.000000000000000000e+00,0.000000000000000000e+00,0.000000000000000000e+00,0.000000000000000000e+00,0.000000000000000000e+00,0.000000000000000000e+00,8.333333333333332871e-02,0.000000000000000000e+00,0.000000000000000000e+00,0.000000000000000000e+00,0.000000000000000000e+00,0.000000000000000000e+00,0.000000000000000000e+00,0.000000000000000000e+00,0.000000000000000000e+00,0.000000000000000000e+00,7.500000000000000000e-01
2.754820936639118534e-03,2.066115702479338900e-01,6.336088154269972628e-02,3.305785123966942241e-02,1.735537190082644676e-01,2.754820936639118534e-03,2.754820936639118534e-03,2.754820936639118534e-03,2.754820936639118534e-03,5.509641873278237068e-03,3.030303030303030387e-02,6.611570247933884481e-02,1.652892561983471120e-02,3.856749311294765947e-02,0.000000000000000000e+00,1.239669421487603340e-01,2.754820936639118534e-03,0.000000000000000000e+00,0.000000000000000000e+00,0.000000000000000000e+00,0.000000000000000000e+00,8.264462809917355601e-03,1.101928374655647414e-01,0.000000000000000000e+00,0.000000000000000000e+00,2.754820936639118534e-03,2.754820936639118534e-03,5.509641873278237068e-03,0.000000000000000000e+00,2.754820936639118534e-03,3.030303030303030387e-02,0.000000000000000000e+00,0.000000000000000000e+00,0.000000000000000000e+00,2.754820936639118534e-02,2.754820936639118534e-03,0.000000000000000000e+00,0.000000000000000000e+00,0.000000000000000000e+00,0.000000000000000000e+00,0.000000000000000000e+00,2.479338842975206680e-02,0.000000000000000000e+00,0.000000000000000000e+00,0.000000000000000000e+00,5.509641873278237068e-03,0.000000000000000000e+00,0.000000000000000000e+00,0.000000000000000000e+00,0.000000000000000000e+00,2.754820936639118534e-03,0.000000000000000000e+00,0.000000000000000000e+00
1.481481481481481538e-02,2.469135802469135752e-03,9.876543209876543009e-03,1.456790123456790098e-01,7.407407407407407690e-03,0.000000000000000000e+00,7.407407407407407690e-03,8.148148148148148806e-02,6.666666666666666574e-02,2.740740740740740811e-01,1.481481481481481538e-02,0.000000000000000000e+00,6.172839506172839164e-02,1.012345679012345706e-01,0.000000000000000000e+00,7.407407407407407690e-03,9.876543209876543009e-03,0.000000000000000000e+00,0.000000000000000000e+00,0.000000000000000000e+00,3.950617283950617203e-02,0.000000000000000000e+00,0.000000000000000000e+00,0.000000000000000000e+00,1.086419753086419748e-01,0.000000000000000000e+00,1.234567901234567833e-02,1.481481481481481538e-02,0.000000000000000000e+00,2.469135802469135752e-03,1.234567901234567833e-02,0.000000000000000000e+00,0.000000000000000000e+00,0.000000000000000000e+00,0.000000000000000000e+00,0.000000000000000000e+00,2.469135802469135752e-03,0.000000000000000000e+00,0.000000000000000000e+00,0.000000000000000000e+00,0.000000000000000000e+00,0.000000000000000000e+00,0.000000000000000000e+00,0.000000000000000000e+00,0.000000000000000000e+00,0.000000000000000000e+00,0.000000000000000000e+00,0.000000000000000000e+00,0.000000000000000000e+00,0.000000000000000000e+00,0.000000000000000000e+00,0.000000000000000000e+00,2.469135802469135752e-03
1.556420233463035041e-02,2.334630350194552562e-02,7.782101167315175205e-03,4.669260700389105123e-02,2.723735408560311322e-02,1.167315175097276281e-02,5.836575875486381404e-02,2.723735408560311322e-02,2.101167315175097305e-01,7.782101167315175205e-02,0.000000000000000000e+00,0.000000000000000000e+00,3.891050583657587603e-03,0.000000000000000000e+00,0.000000000000000000e+00,0.000000000000000000e+00,4.202334630350194611e-01,0.000000000000000000e+00,0.000000000000000000e+00,0.000000000000000000e+00,0.000000000000000000e+00,0.000000000000000000e+00,0.000000000000000000e+00,0.000000000000000000e+00,1.556420233463035041e-02,0.000000000000000000e+00,0.000000000000000000e+00,1.167315175097276281e-02,0.000000000000000000e+00,0.000000000000000000e+00,3.891050583657587603e-03,0.000000000000000000e+00,0.000000000000000000e+00,2.723735408560311322e-02,7.782101167315175205e-03,0.000000000000000000e+00,0.000000000000000000e+00,0.000000000000000000e+00,0.000000000000000000e+00,0.000000000000000000e+00,0.000000000000000000e+00,0.000000000000000000e+00,0.000000000000000000e+00,0.000000000000000000e+00,0.000000000000000000e+00,0.000000000000000000e+00,0.000000000000000000e+00,0.000000000000000000e+00,0.000000000000000000e+00,0.000000000000000000e+00,0.000000000000000000e+00,3.891050583657587603e-03,0.000000000000000000e+00
7.177033492822966661e-03,3.827751196172248654e-02,2.416267942583732176e-01,4.784688995215310992e-02,6.937799043062201076e-02,0.000000000000000000e+00,4.784688995215310818e-03,2.392344497607655409e-03,7.177033492822966661e-03,2.392344497607655409e-03,2.392344497607655409e-03,0.000000000000000000e+00,1.196172248803827748e-02,2.392344497607655409e-03,3.827751196172248654e-02,0.000000000000000000e+00,9.569377990430621636e-03,0.000000000000000000e+00,2.392344497607655409e-03,2.392344497607655409e-03,0.000000000000000000e+00,0.000000000000000000e+00,0.000000000000000000e+00,7.177033492822966661e-03,0.000000000000000000e+00,2.392344497607655409e-03,0.000000000000000000e+00,9.569377990430621636e-03,2.392344497607655409e-03,2.392344497607655496e-02,2.631578947368420907e-02,9.569377990430621636e-03,0.000000000000000000e+00,2.392344497607655409e-03,5.980861244019138739e-02,0.000000000000000000e+00,0.000000000000000000e+00,1.674641148325358916e-02,0.000000000000000000e+00,9.569377990430621983e-02,3.110047846889952075e-02,4.784688995215310818e-03,1.459330143540669977e-01,2.392344497607655409e-03,0.000000000000000000e+00,0.000000000000000000e+00,0.000000000000000000e+00,0.000000000000000000e+00,4.784688995215310992e-02,7.177033492822966661e-03,0.000000000000000000e+00,0.000000000000000000e+00,1.435406698564593332e-02
3.470031545741324858e-02,1.009463722397476310e-01,1.577287066246056690e-02,3.154574132492113468e-03,5.047318611987381548e-02,1.261829652996845387e-02,2.618296529968454078e-01,3.154574132492113468e-03,6.309148264984226935e-03,0.000000000000000000e+00,0.000000000000000000e+00,9.779179810725552313e-02,9.463722397476340836e-03,2.208201892744479644e-02,0.000000000000000000e+00,5.678233438485804502e-02,0.000000000000000000e+00,0.000000000000000000e+00,2.208201892744479644e-02,0.000000000000000000e+00,0.000000000000000000e+00,5.047318611987381548e-02,0.000000000000000000e+00,0.000000000000000000e+00,0.000000000000000000e+00,3.154574132492113381e-02,0.000000000000000000e+00,0.000000000000000000e+00,0.000000000000000000e+00,2.839116719242902251e-02,0.000000000000000000e+00,0.000000000000000000e+00,9.463722397476340836e-03,3.154574132492113468e-03,0.000000000000000000e+00,0.000000000000000000e+00,1.892744479495268167e-02,3.154574132492113468e-03,0.000000000000000000e+00,0.000000000000000000e+00,3.154574132492113468e-03,3.154574132492113468e-03,0.000000000000000000e+00,0.000000000000000000e+00,0.000000000000000000e+00,7.886435331230283452e-02,0.000000000000000000e+00,0.000000000000000000e+00,0.000000000000000000e+00,0.000000000000000000e+00,6.309148264984226935e-03,6.624605678233438932e-02,0.000000000000000000e+00
8.860759493670886111e-02,5.063291139240506250e-02,6.329113924050632813e-03,1.898734177215189931e-02,1.265822784810126563e-02,0.000000000000000000e+00,6.329113924050632813e-03,5.063291139240506250e-02,6.329113924050633333e-02,6.329113924050632813e-03,1.265822784810126563e-02,6.329113924050632813e-03,3.797468354430379861e-02,3.797468354430379861e-02,0.000000000000000000e+00,3.164556962025316666e-02,5.063291139240506250e-02,0.000000000000000000e+00,6.329113924050632813e-03,0.000000000000000000e+00,6.329113924050632813e-03,3.164556962025316666e-02,0.000000000000000000e+00,0.000000000000000000e+00,6.329113924050632813e-03,1.265822784810126563e-02,6.329113924050632813e-03,6.329113924050632813e-03,1.202531645569620278e-01,1.265822784810126563e-02,0.000000000000000000e+00,0.000000000000000000e+00,4.430379746835443056e-02,6.962025316455695834e-02,3.164556962025316666e-02,1.265822784810126563e-02,0.000000000000000000e+00,6.329113924050632813e-03,1.898734177215189931e-02,6.329113924050632813e-03,1.265822784810126563e-02,2.531645569620253125e-02,0.000000000000000000e+00,1.265822784810126563e-02,0.000000000000000000e+00,6.329113924050632813e-03,0.000000000000000000e+00,3.797468354430379861e-02,0.000000000000000000e+00,1.898734177215189931e-02,6.329113924050632813e-03,0.000000000000000000e+00,0.000000000000000000e+00
1.942028985507246452e-01,2.608695652173912902e-02,5.217391304347825803e-02,8.985507246376811530e-02,2.608695652173912902e-02,0.000000000000000000e+00,1.159420289855072478e-02,1.855072463768115965e-01,0.000000000000000000e+00,2.000000000000000111e-01,1.739130434782608717e-02,2.898550724637681195e-03,2.898550724637681195e-03,1.217391304347826136e-01,0.000000000000000000e+00,1.449275362318840597e-02,1.159420289855072478e-02,0.000000000000000000e+00,8.695652173913043584e-03,0.000000000000000000e+00,5.797101449275362389e-03,0.000000000000000000e+00,2.898550724637681195e-03,0.000000000000000000e+00,0.000000000000000000e+00,0.000000000000000000e+00,0.000000000000000000e+00,0.000000000000000000e+00,8.695652173913043584e-03,0.000000000000000000e+00,0.000000000000000000e+00,0.000000000000000000e+00,8.695652173913043584e-03,8.695652173913043584e-03,0.000000000000000000e+00,0.000000000000000000e+00,0.000000000000000000e+00,0.000000000000000000e+00,0.000000000000000000e+00,0.000000000000000000e+00,0.000000000000000000e+00,0.000000000000000000e+00,0.000000000000000000e+00,0.000000000000000000e+00,0.000000000000000000e+00,0.000000000000000000e+00,0.000000000000000000e+00,0.000000000000000000e+00,0.000000000000000000e+00,0.000000000000000000e+00,0.000000000000000000e+00,0.000000000000000000e+00,0.000000000000000000e+00
1.052631578947368397e-02,3.508771929824561469e-03,1.754385964912280604e-02,3.508771929824561469e-03,0.000000000000000000e+00,0.000000000000000000e+00,1.754385964912280604e-02,0.000000000000000000e+00,0.000000000000000000e+00,1.403508771929824588e-02,1.649122807017543990e-01,0.000000000000000000e+00,1.754385964912280604e-02,7.719298245614035492e-02,4.912280701754385970e-02,4.561403508771930126e-02,0.000000000000000000e+00,0.000000000000000000e+00,1.052631578947368397e-02,1.403508771929824588e-02,0.000000000000000000e+00,0.000000000000000000e+00,1.052631578947368397e-02,0.000000000000000000e+00,0.000000000000000000e+00,0.000000000000000000e+00,0.000000000000000000e+00,0.000000000000000000e+00,0.000000000000000000e+00,3.508771929824561469e-03,1.052631578947368397e-02,1.403508771929824588e-02,0.000000000000000000e+00,0.000000000000000000e+00,0.000000000000000000e+00,0.000000000000000000e+00,5.964912280701754194e-02,0.000000000000000000e+00,0.000000000000000000e+00,2.245614035087719340e-01,0.000000000000000000e+00,2.105263157894736795e-02,1.157894736842105254e-01,3.508771929824561469e-03,0.000000000000000000e+00,7.017543859649122417e-02,0.000000000000000000e+00,0.000000000000000000e+00,0.000000000000000000e+00,0.000000000000000000e+00,0.000000000000000000e+00,7.017543859649122938e-03,1.403508771929824588e-02
1.282051282051282007e-02,1.282051282051282007e-02,1.282051282051282007e-02,1.282051282051282007e-02,0.000000000000000000e+00,1.282051282051282007e-02,0.000000000000000000e+00,1.538461538461538547e-01,0.000000000000000000e+00,0.000000000000000000e+00,8.974358974358974395e-02,1.025641025641025605e-01,1.282051282051282007e-02,1.538461538461538547e-01,0.000000000000000000e+00,1.794871794871794879e-01,0.000000000000000000e+00,0.000000000000000000e+00,0.000000000000000000e+00,0.000000000000000000e+00,0.000000000000000000e+00,0.000000000000000000e+00,0.000000000000000000e+00,1.282051282051282007e-02,1.282051282051282007e-02,2.564102564102564014e-02,0.000000000000000000e+00,0.000000000000000000e+00,3.846153846153846367e-02,0.000000000000000000e+00,1.282051282051282007e-02,0.000000000000000000e+00,3.846153846153846367e-02,0.000000000000000000e+00,0.000000000000000000e+00,0.000000000000000000e+00,1.282051282051282007e-02,0.000000000000000000e+00,1.282051282051282007e-02,0.000000000000000000e+00,0.000000000000000000e+00,1.282051282051282007e-02,0.000000000000000000e+00,0.000000000000000000e+00,0.000000000000000000e+00,0.000000000000000000e+00,0.000000000000000000e+00,6.410256410256409687e-02,0.000000000000000000e+00,0.000000000000000000e+00,0.000000000000000000e+00,0.000000000000000000e+00,0.000000000000000000e+00
7.246376811594202987e-03,7.971014492753622505e-02,7.246376811594202987e-03,7.246376811594203160e-02,3.623188405797101580e-02,3.623188405797101580e-02,2.898550724637681195e-02,2.898550724637681195e-02,1.811594202898550721e-01,0.000000000000000000e+00,0.000000000000000000e+00,0.000000000000000000e+00,6.521739130434782428e-02,0.000000000000000000e+00,0.000000000000000000e+00,0.000000000000000000e+00,2.391304347826087029e-01,0.000000000000000000e+00,0.000000000000000000e+00,0.000000000000000000e+00,3.623188405797101580e-02,0.000000000000000000e+00,0.000000000000000000e+00,2.898550724637681195e-02,0.000000000000000000e+00,0.000000000000000000e+00,0.000000000000000000e+00,0.000000000000000000e+00,1.449275362318840597e-02,0.000000000000000000e+00,0.000000000000000000e+00,7.246376811594202987e-03,0.000000000000000000e+00,0.000000000000000000e+00,3.623188405797101580e-02,0.000000000000000000e+00,0.000000000000000000e+00,0.000000000000000000e+00,5.072463768115942351e-02,0.000000000000000000e+00,0.000000000000000000e+00,0.000000000000000000e+00,0.000000000000000000e+00,0.000000000000000000e+00,0.000000000000000000e+00,0.000000000000000000e+00,0.000000000000000000e+00,0.000000000000000000e+00,0.000000000000000000e+00,4.347826086956521618e-02,0.000000000000000000e+00,0.000000000000000000e+00,0.000000000000000000e+00
2.347417840375586873e-01,6.103286384976525786e-02,5.633802816901408578e-02,1.408450704225352144e-02,3.286384976525821844e-02,6.103286384976525786e-02,0.000000000000000000e+00,4.225352112676056260e-02,2.816901408450704289e-02,1.408450704225352144e-02,1.408450704225352144e-02,6.103286384976525786e-02,3.286384976525821844e-02,0.000000000000000000e+00,0.000000000000000000e+00,4.694835680751173815e-03,0.000000000000000000e+00,4.694835680751173815e-03,0.000000000000000000e+00,0.000000000000000000e+00,4.694835680751173815e-03,1.877934272300469526e-02,9.389671361502347630e-03,1.971830985915492829e-01,2.816901408450704289e-02,0.000000000000000000e+00,0.000000000000000000e+00,9.389671361502347630e-03,0.000000000000000000e+00,0.000000000000000000e+00,4.694835680751173815e-03,0.000000000000000000e+00,4.694835680751173815e-03,2.816901408450704289e-02,0.000000000000000000e+00,0.000000000000000000e+00,0.000000000000000000e+00,0.000000000000000000e+00,9.389671361502347630e-03,0.000000000000000000e+00,0.000000000000000000e+00,0.000000000000000000e+00,0.000000000000000000e+00,0.000000000000000000e+00,0.000000000000000000e+00,0.000000000000000000e+00,0.000000000000000000e+00,9.389671361502347630e-03,0.000000000000000000e+00,0.000000000000000000e+00,0.000000000000000000e+00,1.408450704225352144e-02,0.000000000000000000e+00
4.975124378109452641e-03,0.000000000000000000e+00,1.268656716417910502e-01,2.487562189054726321e-03,0.000000000000000000e+00,0.000000000000000000e+00,2.487562189054726494e-02,2.487562189054726321e-03,2.985074626865671585e-02,5.721393034825870971e-02,4.975124378109452641e-03,0.000000000000000000e+00,2.985074626865671585e-02,0.000000000000000000e+00,9.203980099502487300e-02,0.000000000000000000e+00,4.975124378109452641e-03,2.487562189054726321e-03,2.238805970149253602e-02,2.736318407960199039e-02,0.000000000000000000e+00,2.487562189054726321e-03,0.000000000000000000e+00,2.487562189054726321e-03,0.000000000000000000e+00,0.000000000000000000e+00,0.000000000000000000e+00,0.000000000000000000e+00,0.000000000000000000e+00,0.000000000000000000e+00,0.000000000000000000e+00,3.980099502487562113e-02,0.000000000000000000e+00,0.000000000000000000e+00,4.975124378109452641e-03,0.000000000000000000e+00,6.218905472636816062e-02,1.990049751243781057e-02,0.000000000000000000e+00,1.716417910447761153e-01,7.960199004975124226e-02,0.000000000000000000e+00,7.711442786069651334e-02,1.741293532338308511e-02,2.487562189054726321e-03,7.960199004975124226e-02,0.000000000000000000e+00,0.000000000000000000e+00,2.487562189054726321e-03,0.000000000000000000e+00,0.000000000000000000e+00,4.975124378109452641e-03,0.000000000000000000e+00
0.000000000000000000e+00,1.076923076923076983e-01,2.307692307692307820e-02,1.000000000000000056e-01,1.538461538461538547e-02,0.000000000000000000e+00,7.692307692307692735e-03,2.307692307692307820e-02,2.307692307692307820e-02,0.000000000000000000e+00,1.538461538461538547e-02,2.307692307692307820e-02,6.153846153846154188e-02,2.307692307692307820e-02,6.153846153846154188e-02,7.692307692307692735e-03,7.692307692307692735e-03,0.000000000000000000e+00,0.000000000000000000e+00,1.538461538461538547e-02,0.000000000000000000e+00,6.923076923076923461e-02,7.692307692307692735e-03,0.000000000000000000e+00,0.000000000000000000e+00,3.076923076923077094e-02,4.615384615384615641e-02,7.692307692307692735e-03,0.000000000000000000e+00,7.692307692307692735e-03,0.000000000000000000e+00,0.000000000000000000e+00,0.000000000000000000e+00,0.000000000000000000e+00,6.153846153846154188e-02,0.000000000000000000e+00,0.000000000000000000e+00,0.000000000000000000e+00,1.307692307692307765e-01,2.307692307692307820e-02,1.538461538461538547e-02,3.076923076923077094e-02,7.692307692307692735e-03,0.000000000000000000e+00,0.000000000000000000e+00,7.692307692307692735e-03,0.000000000000000000e+00,2.307692307692307820e-02,0.000000000000000000e+00,7.692307692307692735e-03,7.692307692307692735e-03,0.000000000000000000e+00,0.000000000000000000e+00
2.593659942363112439e-02,6.340057636887608261e-02,2.190201729106628359e-01,1.210374639769452448e-01,5.763688760806916223e-02,2.881844380403458025e-03,0.000000000000000000e+00,3.458213256484150150e-02,1.585014409221902065e-01,5.763688760806916049e-03,3.458213256484150150e-02,5.763688760806916049e-03,3.458213256484150150e-02,2.881844380403458025e-03,0.000000000000000000e+00,1.729106628242075075e-02,6.340057636887608261e-02,0.000000000000000000e+00,0.000000000000000000e+00,0.000000000000000000e+00,2.017291066282420747e-02,1.152737752161383210e-02,0.000000000000000000e+00,0.000000000000000000e+00,2.881844380403458111e-02,0.000000000000000000e+00,8.645533141210375375e-03,3.170028818443804131e-02,0.000000000000000000e+00,0.000000000000000000e+00,2.593659942363112439e-02,0.000000000000000000e+00,0.000000000000000000e+00,0.000000000000000000e+00,5.763688760806916049e-03,0.000000000000000000e+00,0.000000000000000000e+00,0.000000000000000000e+00,0.000000000000000000e+00,2.881844380403458025e-03,2.881844380403458025e-03,2.881844380403458025e-03,0.000000000000000000e+00,0.000000000000000000e+00,0.000000000000000000e+00,0.000000000000000000e+00,0.000000000000000000e+00,0.000000000000000000e+00,0.000000000000000000e+00,1.152737752161383210e-02,0.000000000000000000e+00,0.000000000000000000e+00,0.000000000000000000e+00
3.680981595092024800e-02,2.453987730061349751e-02,0.000000000000000000e+00,1.840490797546012400e-02,4.907975460122699501e-02,6.134969325153374377e-03,1.226993865030674875e-02,6.134969325153374377e-03,0.000000000000000000e+00,1.226993865030674875e-02,1.595092024539877251e-01,1.717791411042944860e-01,6.134969325153374377e-03,4.294478527607362150e-02,0.000000000000000000e+00,9.202453987730060958e-02,0.000000000000000000e+00,0.000000000000000000e+00,0.000000000000000000e+00,0.000000000000000000e+00,0.000000000000000000e+00,6.134969325153374377e-03,6.134969325153374203e-02,4.294478527607362150e-02,2.453987730061349751e-02,9.202453987730060958e-02,4.294478527607362150e-02,0.000000000000000000e+00,1.840490797546012400e-02,0.000000000000000000e+00,1.226993865030674875e-02,0.000000000000000000e+00,0.000000000000000000e+00,6.134969325153374377e-03,0.000000000000000000e+00,0.000000000000000000e+00,6.134969325153374377e-03,0.000000000000000000e+00,0.000000000000000000e+00,0.000000000000000000e+00,0.000000000000000000e+00,3.680981595092024800e-02,0.000000000000000000e+00,0.000000000000000000e+00,0.000000000000000000e+00,0.000000000000000000e+00,0.000000000000000000e+00,1.226993865030674875e-02,0.000000000000000000e+00,0.000000000000000000e+00,0.000000000000000000e+00,0.000000000000000000e+00,0.000000000000000000e+00
1.266666666666666774e-01,2.666666666666666838e-02,8.000000000000000167e-02,2.666666666666666838e-02,2.666666666666666838e-02,6.666666666666667095e-03,0.000000000000000000e+00,3.333333333333333287e-02,8.666666666666666963e-02,4.000000000000000083e-02,6.666666666666667095e-03,6.666666666666667095e-03,8.000000000000000167e-02,2.000000000000000042e-02,0.000000000000000000e+00,6.666666666666667095e-03,7.333333333333333370e-02,0.000000000000000000e+00,0.000000000000000000e+00,0.000000000000000000e+00,2.000000000000000042e-02,5.333333333333333676e-02,6.666666666666667095e-03,1.199999999999999956e-01,2.666666666666666838e-02,6.666666666666667095e-03,0.000000000000000000e+00,1.333333333333333419e-02,0.000000000000000000e+00,4.000000000000000083e-02,0.000000000000000000e+00,0.000000000000000000e+00,6.666666666666667095e-03,0.000000000000000000e+00,2.000000000000000042e-02,0.000000000000000000e+00,0.000000000000000000e+00,0.000000000000000000e+00,0.000000000000000000e+00,0.000000000000000000e+00,1.333333333333333419e-02,0.000000000000000000e+00,0.000000000000000000e+00,0.000000000000000000e+00,0.000000000000000000e+00,0.000000000000000000e+00,0.000000000000000000e+00,0.000000000000000000e+00,0.000000000000000000e+00,0.000000000000000000e+00,1.333333333333333419e-02,0.000000000000000000e+00,1.333333333333333419e-02
0.000000000000000000e+00,1.059602649006622516e-01,1.655629139072847811e-01,1.986754966887417304e-02,3.311258278145695622e-02,6.622516556291390723e-03,3.311258278145695622e-02,0.000000000000000000e+00,2.052980132450331063e-01,6.622516556291390723e-03,0.000000000000000000e+00,0.000000000000000000e+00,0.000000000000000000e+00,0.000000000000000000e+00,1.324503311258278145e-02,0.000000000000000000e+00,4.635761589403973593e-02,0.000000000000000000e+00,0.000000000000000000e+00,0.000000000000000000e+00,0.000000000000000000e+00,2.649006622516556289e-02,0.000000000000000000e+00,1.986754966887417304e-02,0.000000000000000000e+00,0.000000000000000000e+00,0.000000000000000000e+00,6.622516556291391243e-02,6.622516556291390723e-03,1.324503311258278145e-02,2.649006622516556289e-02,1.324503311258278145e-02,0.000000000000000000e+00,0.000000000000000000e+00,0.000000000000000000e+00,0.000000000000000000e+00,0.000000000000000000e+00,1.986754966887417304e-02,0.000000000000000000e+00,1.324503311258278145e-02,3.311258278145695622e-02,0.000000000000000000e+00,1.986754966887417304e-02,0.000000000000000000e+00,0.000000000000000000e+00,0.000000000000000000e+00,0.000000000000000000e+00,0.000000000000000000e+00,1.059602649006622516e-01,0.000000000000000000e+00,0.000000000000000000e+00,0.000000000000000000e+00,0.000000000000000000e+00
0.000000000000000000e+00,0.000000000000000000e+00,0.000000000000000000e+00,0.000000000000000000e+00,0.000000000000000000e+00,0.000000000000000000e+00,0.000000000000000000e+00,0.000000000000000000e+00,0.000000000000000000e+00,0.000000000000000000e+00,0.000000000000000000e+00,0.000000000000000000e+00,0.000000000000000000e+00,0.000000000000000000e+00,0.000000000000000000e+00,0.000000000000000000e+00,0.000000000000000000e+00,0.000000000000000000e+00,1.410256410256410242e-01,2.051282051282051211e-01,0.000000000000000000e+00,0.000000000000000000e+00,0.000000000000000000e+00,6.410256410256410034e-03,0.000000000000000000e+00,0.000000000000000000e+00,0.000000000000000000e+00,0.000000000000000000e+00,0.000000000000000000e+00,0.000000000000000000e+00,0.000000000000000000e+00,6.410256410256410034e-03,0.000000000000000000e+00,0.000000000000000000e+00,0.000000000000000000e+00,0.000000000000000000e+00,2.564102564102564014e-02,3.012820512820512664e-01,0.000000000000000000e+00,0.000000000000000000e+00,0.000000000000000000e+00,0.000000000000000000e+00,0.000000000000000000e+00,1.730769230769230727e-01,0.000000000000000000e+00,0.000000000000000000e+00,6.410256410256409687e-02,0.000000000000000000e+00,0.000000000000000000e+00,0.000000000000000000e+00,0.000000000000000000e+00,5.128205128205128027e-02,2.564102564102564014e-02
0.000000000000000000e+00,0.000000000000000000e+00,0.000000000000000000e+00,0.000000000000000000e+00,0.000000000000000000e+00,0.000000000000000000e+00,3.533568904593639530e-03,0.000000000000000000e+00,0.000000000000000000e+00,1.307420494699646774e-01,3.533568904593639530e-03,0.000000000000000000e+00,0.000000000000000000e+00,0.000000000000000000e+00,5.300353356890459555e-02,0.000000000000000000e+00,0.000000000000000000e+00,0.000000000000000000e+00,7.067137809187279407e-02,4.416961130742049213e-01,0.000000000000000000e+00,0.000000000000000000e+00,0.000000000000000000e+00,0.000000000000000000e+00,0.000000000000000000e+00,0.000000000000000000e+00,0.000000000000000000e+00,0.000000000000000000e+00,0.000000000000000000e+00,0.000000000000000000e+00,0.000000000000000000e+00,3.533568904593639530e-03,0.000000000000000000e+00,3.533568904593639530e-03,0.000000000000000000e+00,3.180212014134275317e-02,0.000000000000000000e+00,1.413427561837455812e-02,0.000000000000000000e+00,1.413427561837455812e-02,3.533568904593639530e-03,0.000000000000000000e+00,7.067137809187279060e-03,1.024734982332155542e-01,9.187279151943462951e-02,3.533568904593639530e-03,3.533568904593639530e-03,0.000000000000000000e+00,0.000000000000000000e+00,0.000000000000000000e+00,7.067137809187279060e-03,0.000000000000000000e+00,1.060070671378091946e-02
0.000000000000000000e+00,4.504504504504504465e-03,0.000000000000000000e+00,0.000000000000000000e+00,4.504504504504504465e-03,0.000000000000000000e+00,0.000000000000000000e+00,0.000000000000000000e+00,0.000000000000000000e+00,0.000000000000000000e+00,0.000000000000000000e+00,0.000000000000000000e+00,0.000000000000000000e+00,0.000000000000000000e+00,5.855855855855855718e-02,0.000000000000000000e+00,0.000000000000000000e+00,0.000000000000000000e+00,3.648648648648648574e-01,8.558558558558558571e-02,0.000000000000000000e+00,0.000000000000000000e+00,0.000000000000000000e+00,0.000000000000000000e+00,0.000000000000000000e+00,0.000000000000000000e+00,0.000000000000000000e+00,0.000000000000000000e+00,0.000000000000000000e+00,0.000000000000000000e+00,0.000000000000000000e+00,4.504504504504504292e-02,0.000000000000000000e+00,0.000000000000000000e+00,4.504504504504504465e-03,8.108108108108108558e-02,4.504504504504504465e-03,0.000000000000000000e+00,0.000000000000000000e+00,4.504504504504504465e-03,4.504504504504504465e-03,0.000000000000000000e+00,4.504504504504504465e-03,1.801801801801801786e-02,4.504504504504504465e-03,5.405405405405405705e-02,4.054054054054054279e-02,0.000000000000000000e+00,9.009009009009008931e-03,0.000000000000000000e+00,0.000000000000000000e+00,2.072072072072072002e-01,0.000000000000000000e+00
8.771929824561403022e-03,7.894736842105262720e-02,0.000000000000000000e+00,7.894736842105262720e-02,1.228070175438596423e-01,2.631578947368420907e-02,0.000000000000000000e+00,9.649122807017543324e-02,0.000000000000000000e+00,0.000000000000000000e+00,0.000000000000000000e+00,8.771929824561403022e-03,1.052631578947368363e-01,3.508771929824561209e-02,0.000000000000000000e+00,2.631578947368420907e-02,1.754385964912280604e-02,0.000000000000000000e+00,0.000000000000000000e+00,0.000000000000000000e+00,8.771929824561403022e-03,1.754385964912280604e-02,0.000000000000000000e+00,3.508771929824561209e-02,0.000000000000000000e+00,0.000000000000000000e+00,0.000000000000000000e+00,3.508771929824561209e-02,1.754385964912280604e-02,0.000000000000000000e+00,4.385964912280701511e-02,0.000000000000000000e+00,1.754385964912280604e-02,0.000000000000000000e+00,3.508771929824561209e-02,0.000000000000000000e+00,0.000000000000000000e+00,0.000000000000000000e+00,0.000000000000000000e+00,0.000000000000000000e+00,0.000000000000000000e+00,5.263157894736841813e-02,0.000000000000000000e+00,0.000000000000000000e+00,0.000000000000000000e+00,0.000000000000000000e+00,8.771929824561403022e-03,7.894736842105262720e-02,8.771929824561403022e-03,2.631578947368420907e-02,8.771929824561403022e-03,0.000000000000000000e+00,0.000000000000000000e+00
0.000000000000000000e+00,0.000000000000000000e+00,0.000000000000000000e+00,0.000000000000000000e+00,0.000000000000000000e+00,0.000000000000000000e+00,1.769911504424778736e-02,0.000000000000000000e+00,0.000000000000000000e+00,0.000000000000000000e+00,1.327433628318584052e-02,0.000000000000000000e+00,1.769911504424778736e-02,4.424778761061946841e-03,3.982300884955752296e-01,0.000000000000000000e+00,0.000000000000000000e+00,0.000000000000000000e+00,1.327433628318584052e-02,2.654867256637168105e-02,0.000000000000000000e+00,4.424778761061946841e-03,0.000000000000000000e+00,0.000000000000000000e+00,0.000000000000000000e+00,2.212389380530973421e-02,0.000000000000000000e+00,0.000000000000000000e+00,0.000000000000000000e+00,6.194690265486725578e-02,0.000000000000000000e+00,9.734513274336283051e-02,0.000000000000000000e+00,0.000000000000000000e+00,0.000000000000000000e+00,0.000000000000000000e+00,4.424778761061946841e-03,8.849557522123893682e-03,0.000000000000000000e+00,0.000000000000000000e+00,0.000000000000000000e+00,8.849557522123893682e-03,2.433628318584070693e-01,2.212389380530973421e-02,0.000000000000000000e+00,2.212389380530973421e-02,0.000000000000000000e+00,0.000000000000000000e+00,1.327433628318584052e-02,0.000000000000000000e+00,0.000000000000000000e+00,0.000000000000000000e+00,0.000000000000000000e+00
0.000000000000000000e+00,0.000000000000000000e+00,6.825938566552901092e-03,6.825938566552901092e-03,0.000000000000000000e+00,0.000000000000000000e+00,2.389078498293515512e-02,0.000000000000000000e+00,1.399317406143344711e-01,0.000000000000000000e+00,0.000000000000000000e+00,0.000000000000000000e+00,1.023890784982935120e-02,0.000000000000000000e+00,1.126279863481228632e-01,0.000000000000000000e+00,1.365187713310580218e-02,0.000000000000000000e+00,1.023890784982935120e-02,0.000000000000000000e+00,0.000000000000000000e+00,1.023890784982935120e-02,0.000000000000000000e+00,6.825938566552901092e-03,0.000000000000000000e+00,0.000000000000000000e+00,0.000000000000000000e+00,0.000000000000000000e+00,0.000000000000000000e+00,7.849829351535836386e-02,0.000000000000000000e+00,7.508532423208191808e-02,0.000000000000000000e+00,0.000000000000000000e+00,1.365187713310580218e-02,3.412969283276450546e-03,0.000000000000000000e+00,3.071672354948805361e-02,0.000000000000000000e+00,0.000000000000000000e+00,0.000000000000000000e+00,0.000000000000000000e+00,4.436860068259385753e-02,2.389078498293515512e-02,0.000000000000000000e+00,3.412969283276450546e-03,0.000000000000000000e+00,0.000000000000000000e+00,3.822525597269624820e-01,3.412969283276450546e-03,0.000000000000000000e+00,0.000000000000000000e+00,0.000000000000000000e+00
0.000000000000000000e+00,9.803921568627450844e-03,5.882352941176470507e-02,2.941176470588235253e-02,9.803921568627450844e-02,0.000000000000000000e+00,0.000000000000000000e+00,0.000000000000000000e+00,0.000000000000000000e+00,0.000000000000000000e+00,3.725490196078431460e-01,3.921568627450980338e-02,0.000000000000000000e+00,9.803921568627450844e-03,0.000000000000000000e+00,3.921568627450980338e-02,0.000000000000000000e+00,0.000000000000000000e+00,0.000000000000000000e+00,0.000000000000000000e+00,0.000000000000000000e+00,0.000000000000000000e+00,9.803921568627450844e-03,9.803921568627450844e-03,0.000000000000000000e+00,9.803921568627450844e-03,5.882352941176470507e-02,0.000000000000000000e+00,0.000000000000000000e+00,0.000000000000000000e+00,5.882352941176470507e-02,0.000000000000000000e+00,0.000000000000000000e+00,0.000000000000000000e+00,9.803921568627450844e-03,0.000000000000000000e+00,0.000000000000000000e+00,0.000000000000000000e+00,9.803921568627450844e-03,6.862745098039216285e-02,0.000000000000000000e+00,0.000000000000000000e+00,5.882352941176470507e-02,0.000000000000000000e+00,0.000000000000000000e+00,4.901960784313725422e-02,0.000000000000000000e+00,0.000000000000000000e+00,0.000000000000000000e+00,0.000000000000000000e+00,0.000000000000000000e+00,0.000000000000000000e+00,0.000000000000000000e+00
0.000000000000000000e+00,0.000000000000000000e+00,0.000000000000000000e+00,0.000000000000000000e+00,0.000000000000000000e+00,0.000000000000000000e+00,0.000000000000000000e+00,0.000000000000000000e+00,0.000000000000000000e+00,0.000000000000000000e+00,0.000000000000000000e+00,0.000000000000000000e+00,4.545454545454545234e-03,0.000000000000000000e+00,3.227272727272727515e-01,0.000000000000000000e+00,0.000000000000000000e+00,0.000000000000000000e+00,0.000000000000000000e+00,0.000000000000000000e+00,0.000000000000000000e+00,4.545454545454545234e-03,0.000000000000000000e+00,0.000000000000000000e+00,0.000000000000000000e+00,0.000000000000000000e+00,0.000000000000000000e+00,0.000000000000000000e+00,0.000000000000000000e+00,4.545454545454545234e-03,0.000000000000000000e+00,4.090909090909091161e-01,0.000000000000000000e+00,0.000000000000000000e+00,0.000000000000000000e+00,0.000000000000000000e+00,4.545454545454545234e-03,0.000000000000000000e+00,0.000000000000000000e+00,4.545454545454545581e-02,1.363636363636363570e-02,0.000000000000000000e+00,0.000000000000000000e+00,0.000000000000000000e+00,0.000000000000000000e+00,1.363636363636363570e-02,1.772727272727272763e-01,0.000000000000000000e+00,0.000000000000000000e+00,0.000000000000000000e+00,0.000000000000000000e+00,0.000000000000000000e+00,0.000000000000000000e+00
0.000000000000000000e+00,0.000000000000000000e+00,0.000000000000000000e+00,0.000000000000000000e+00,0.000000000000000000e+00,0.000000000000000000e+00,5.263157894736841987e-03,0.000000000000000000e+00,0.000000000000000000e+00,0.000000000000000000e+00,0.000000000000000000e+00,0.000000000000000000e+00,2.105263157894736795e-02,0.000000000000000000e+00,2.105263157894736795e-02,0.000000000000000000e+00,0.000000000000000000e+00,0.000000000000000000e+00,7.368421052631578261e-02,3.894736842105263053e-01,0.000000000000000000e+00,0.000000000000000000e+00,0.000000000000000000e+00,0.000000000000000000e+00,0.000000000000000000e+00,0.000000000000000000e+00,0.000000000000000000e+00,0.000000000000000000e+00,0.000000000000000000e+00,1.052631578947368397e-02,0.000000000000000000e+00,6.842105263157895190e-02,0.000000000000000000e+00,0.000000000000000000e+00,0.000000000000000000e+00,7.894736842105262720e-02,2.052631578947368418e-01,5.263157894736841813e-02,0.000000000000000000e+00,0.000000000000000000e+00,5.263157894736841987e-03,0.000000000000000000e+00,0.000000000000000000e+00,0.000000000000000000e+00,5.263157894736841987e-03,0.000000000000000000e+00,4.210526315789473589e-02,0.000000000000000000e+00,5.263157894736841987e-03,0.000000000000000000e+00,1.052631578947368397e-02,0.000000000000000000e+00,5.263157894736841987e-03
0.000000000000000000e+00,0.000000000000000000e+00,0.000000000000000000e+00,0.000000000000000000e+00,0.000000000000000000e+00,0.000000000000000000e+00,0.000000000000000000e+00,0.000000000000000000e+00,0.000000000000000000e+00,0.000000000000000000e+00,0.000000000000000000e+00,0.000000000000000000e+00,0.000000000000000000e+00,0.000000000000000000e+00,0.000000000000000000e+00,0.000000000000000000e+00,0.000000000000000000e+00,0.000000000000000000e+00,2.596153846153846367e-01,2.548076923076922906e-01,0.000000000000000000e+00,0.000000000000000000e+00,0.000000000000000000e+00,9.615384615384615918e-03,0.000000000000000000e+00,0.000000000000000000e+00,0.000000000000000000e+00,0.000000000000000000e+00,0.000000000000000000e+00,0.000000000000000000e+00,0.000000000000000000e+00,4.807692307692307959e-03,0.000000000000000000e+00,0.000000000000000000e+00,0.000000000000000000e+00,8.173076923076923184e-02,9.615384615384615918e-02,1.009615384615384637e-01,0.000000000000000000e+00,0.000000000000000000e+00,0.000000000000000000e+00,0.000000000000000000e+00,0.000000000000000000e+00,1.201923076923076955e-01,0.000000000000000000e+00,3.365384615384615224e-02,1.442307692307692388e-02,0.000000000000000000e+00,0.000000000000000000e+00,0.000000000000000000e+00,0.000000000000000000e+00,2.403846153846153980e-02,0.000000000000000000e+00
0.000000000000000000e+00,0.000000000000000000e+00,0.000000000000000000e+00,0.000000000000000000e+00,0.000000000000000000e+00,0.000000000000000000e+00,0.000000000000000000e+00,0.000000000000000000e+00,0.000000000000000000e+00,0.000000000000000000e+00,0.000000000000000000e+00,0.000000000000000000e+00,0.000000000000000000e+00,0.000000000000000000e+00,1.013215859030836968e-01,0.000000000000000000e+00,0.000000000000000000e+00,0.000000000000000000e+00,3.656387665198237991e-01,9.691629955947136943e-02,0.000000000000000000e+00,0.000000000000000000e+00,8.810572687224670421e-03,8.810572687224670421e-03,0.000000000000000000e+00,8.810572687224670421e-03,0.000000000000000000e+00,0.000000000000000000e+00,0.000000000000000000e+00,0.000000000000000000e+00,0.000000000000000000e+00,4.405286343612335211e-03,0.000000000000000000e+00,4.405286343612335211e-03,0.000000000000000000e+00,8.810572687224670421e-03,4.845814977973568471e-02,1.013215859030836968e-01,0.000000000000000000e+00,8.810572687224670421e-03,0.000000000000000000e+00,0.000000000000000000e+00,0.000000000000000000e+00,4.845814977973568471e-02,1.409691629955947267e-01,0.000000000000000000e+00,0.000000000000000000e+00,0.000000000000000000e+00,0.000000000000000000e+00,0.000000000000000000e+00,0.000000000000000000e+00,2.643171806167400953e-02,1.762114537444934084e-02
0.000000000000000000e+00,0.000000000000000000e+00,0.000000000000000000e+00,0.000000000000000000e+00,0.000000000000000000e+00,0.000000000000000000e+00,0.000000000000000000e+00,0.000000000000000000e+00,0.000000000000000000e+00,0.000000000000000000e+00,0.000000000000000000e+00,0.000000000000000000e+00,0.000000000000000000e+00,0.000000000000000000e+00,4.166666666666666435e-02,0.000000000000000000e+00,0.000000000000000000e+00,0.000000000000000000e+00,1.083333333333333370e-01,6.666666666666666574e-02,0.000000000000000000e+00,0.000000000000000000e+00,0.000000000000000000e+00,0.000000000000000000e+00,0.000000000000000000e+00,0.000000000000000000e+00,0.000000000000000000e+00,0.000000000000000000e+00,0.000000000000000000e+00,0.000000000000000000e+00,8.333333333333333218e-03,5.666666666666666519e-01,0.000000000000000000e+00,0.000000000000000000e+00,0.000000000000000000e+00,0.000000000000000000e+00,1.666666666666666644e-02,3.333333333333333287e-02,0.000000000000000000e+00,0.000000000000000000e+00,0.000000000000000000e+00,0.000000000000000000e+00,5.000000000000000278e-02,6.666666666666666574e-02,0.000000000000000000e+00,0.000000000000000000e+00,0.000000000000000000e+00,0.000000000000000000e+00,1.666666666666666644e-02,0.000000000000000000e+00,0.000000000000000000e+00,1.666666666666666644e-02,8.333333333333333218e-03
0.000000000000000000e+00,1.886792452830188607e-02,3.773584905660377214e-02,0.000000000000000000e+00,1.886792452830188607e-02,0.000000000000000000e+00,0.000000000000000000e+00,1.886792452830188607e-02,0.000000000000000000e+00,0.000000000000000000e+00,1.132075471698113234e-01,3.773584905660377214e-02,5.660377358490566169e-02,1.886792452830188607e-02,0.000000000000000000e+00,0.000000000000000000e+00,0.000000000000000000e+00,0.000000000000000000e+00,0.000000000000000000e+00,0.000000000000000000e+00,0.000000000000000000e+00,0.000000000000000000e+00,0.000000000000000000e+00,2.075471698113207641e-01,0.000000000000000000e+00,1.886792452830188607e-02,7.547169811320754429e-02,0.000000000000000000e+00,0.000000000000000000e+00,1.886792452830188607e-02,5.660377358490566169e-02,0.000000000000000000e+00,1.320754716981132060e-01,0.000000000000000000e+00,1.886792452830188607e-02,0.000000000000000000e+00,1.886792452830188607e-02,0.000000000000000000e+00,9.433962264150944077e-02,0.000000000000000000e+00,0.000000000000000000e+00,1.886792452830188607e-02,0.000000000000000000e+00,0.000000000000000000e+00,0.000000000000000000e+00,0.000000000000000000e+00,0.000000000000000000e+00,0.000000000000000000e+00,0.000000000000000000e+00,0.000000000000000000e+00,1.886792452830188607e-02,0.000000000000000000e+00,0.000000000000000000e+00
0.000000000000000000e+00,0.000000000000000000e+00,0.000000000000000000e+00,0.000000000000000000e+00,0.000000000000000000e+00,0.000000000000000000e+00,0.000000000000000000e+00,0.000000000000000000e+00,1.197604790419161749e-02,0.000000000000000000e+00,0.000000000000000000e+00,0.000000000000000000e+00,0.000000000000000000e+00,0.000000000000000000e+00,1.437125748502993960e-01,0.000000000000000000e+00,0.000000000000000000e+00,0.000000000000000000e+00,0.000000000000000000e+00,0.000000000000000000e+00,0.000000000000000000e+00,0.000000000000000000e+00,0.000000000000000000e+00,0.000000000000000000e+00,0.000000000000000000e+00,0.000000000000000000e+00,0.000000000000000000e+00,0.000000000000000000e+00,0.000000000000000000e+00,0.000000000000000000e+00,0.000000000000000000e+00,4.970059880239520722e-01,0.000000000000000000e+00,0.000000000000000000e+00,5.988023952095808747e-03,0.000000000000000000e+00,0.000000000000000000e+00,1.197604790419161749e-02,0.000000000000000000e+00,0.000000000000000000e+00,7.185628742514969802e-02,0.000000000000000000e+00,0.000000000000000000e+00,5.988023952095808747e-03,0.000000000000000000e+00,0.000000000000000000e+00,2.514970059880239361e-01,0.000000000000000000e+00,0.000000000000000000e+00,0.000000000000000000e+00,0.000000000000000000e+00,0.000000000000000000e+00,0.000000000000000000e+00
0.000000000000000000e+00,0.000000000000000000e+00,0.000000000000000000e+00,0.000000000000000000e+00,0.000000000000000000e+00,0.000000000000000000e+00,0.000000000000000000e+00,0.000000000000000000e+00,1.714285714285714302e-01,0.000000000000000000e+00,0.000000000000000000e+00,0.000000000000000000e+00,8.571428571428571508e-02,0.000000000000000000e+00,0.000000000000000000e+00,0.000000000000000000e+00,0.000000000000000000e+00,0.000000000000000000e+00,0.000000000000000000e+00,0.000000000000000000e+00,2.857142857142857054e-02,5.714285714285714107e-02,0.000000000000000000e+00,8.571428571428571508e-02,0.000000000000000000e+00,0.000000000000000000e+00,0.000000000000000000e+00,1.142857142857142821e-01,0.000000000000000000e+00,0.000000000000000000e+00,0.000000000000000000e+00,2.857142857142857054e-02,0.000000000000000000e+00,2.857142857142857054e-02,1.142857142857142821e-01,0.000000000000000000e+00,0.000000000000000000e+00,0.000000000000000000e+00,0.000000000000000000e+00,0.000000000000000000e+00,1.428571428571428492e-01,0.000000000000000000e+00,2.857142857142857054e-02,0.000000000000000000e+00,0.000000000000000000e+00,0.000000000000000000e+00,0.000000000000000000e+00,0.000000000000000000e+00,8.571428571428571508e-02,0.000000000000000000e+00,2.857142857142857054e-02,0.000000000000000000e+00,0.000000000000000000e+00
0.000000000000000000e+00,0.000000000000000000e+00,7.142857142857142461e-02,3.571428571428571230e-02,0.000000000000000000e+00,0.000000000000000000e+00,0.000000000000000000e+00,0.000000000000000000e+00,0.000000000000000000e+00,3.571428571428571230e-02,0.000000000000000000e+00,0.000000000000000000e+00,0.000000000000000000e+00,0.000000000000000000e+00,0.000000000000000000e+00,0.000000000000000000e+00,0.000000000000000000e+00,0.000000000000000000e+00,0.000000000000000000e+00,1.071428571428571369e-01,0.000000000000000000e+00,0.000000000000000000e+00,0.000000000000000000e+00,7.142857142857142461e-02,0.000000000000000000e+00,0.000000000000000000e+00,0.000000000000000000e+00,0.000000000000000000e+00,3.571428571428571230e-02,3.571428571428571230e-02,0.000000000000000000e+00,3.571428571428571230e-02,0.000000000000000000e+00,7.142857142857142461e-02,0.000000000000000000e+00,1.071428571428571369e-01,0.000000000000000000e+00,0.000000000000000000e+00,3.571428571428571230e-02,0.000000000000000000e+00,3.571428571428571230e-02,3.571428571428571230e-02,0.000000000000000000e+00,0.000000000000000000e+00,0.000000000000000000e+00,0.000000000000000000e+00,3.571428571428571230e-02,3.571428571428571230e-02,0.000000000000000000e+00,0.000000000000000000e+00,0.000000000000000000e+00,3.571428571428571230e-02,1.785714285714285754e-01
4.347826086956521618e-02,4.347826086956521618e-02,7.826086956521739746e-02,0.000000000000000000e+00,0.000000000000000000e+00,1.739130434782608717e-02,8.695652173913043237e-02,0.000000000000000000e+00,0.000000000000000000e+00,8.695652173913043584e-03,4.347826086956521618e-02,6.086956521739130682e-02,0.000000000000000000e+00,0.000000000000000000e+00,0.000000000000000000e+00,1.739130434782608717e-02,0.000000000000000000e+00,0.000000000000000000e+00,4.347826086956521618e-02,8.695652173913043584e-03,0.000000000000000000e+00,0.000000000000000000e+00,3.565217391304347783e-01,0.000000000000000000e+00,0.000000000000000000e+00,8.695652173913043584e-03,0.000000000000000000e+00,0.000000000000000000e+00,8.695652173913043584e-03,0.000000000000000000e+00,2.608695652173912902e-02,0.000000000000000000e+00,0.000000000000000000e+00,0.000000000000000000e+00,1.739130434782608717e-02,1.739130434782608717e-02,0.000000000000000000e+00,5.217391304347825803e-02,0.000000000000000000e+00,0.000000000000000000e+00,0.000000000000000000e+00,0.000000000000000000e+00,0.000000000000000000e+00,8.695652173913043584e-03,8.695652173913043584e-03,8.695652173913043584e-03,0.000000000000000000e+00,0.000000000000000000e+00,8.695652173913043584e-03,0.000000000000000000e+00,2.608695652173912902e-02,0.000000000000000000e+00,0.000000000000000000e+00
1.886792452830188607e-02,1.886792452830188607e-02,0.000000000000000000e+00,1.886792452830188607e-02,0.000000000000000000e+00,0.000000000000000000e+00,0.000000000000000000e+00,0.000000000000000000e+00,1.886792452830188607e-02,5.660377358490566169e-02,0.000000000000000000e+00,0.000000000000000000e+00,1.886792452830188607e-02,0.000000000000000000e+00,5.660377358490566169e-02,0.000000000000000000e+00,0.000000000000000000e+00,0.000000000000000000e+00,2.830188679245282946e-01,1.698113207547169712e-01,0.000000000000000000e+00,0.000000000000000000e+00,3.773584905660377214e-02,0.000000000000000000e+00,0.000000000000000000e+00,1.886792452830188607e-02,0.000000000000000000e+00,0.000000000000000000e+00,0.000000000000000000e+00,0.000000000000000000e+00,0.000000000000000000e+00,0.000000000000000000e+00,0.000000000000000000e+00,0.000000000000000000e+00,0.000000000000000000e+00,3.773584905660377214e-02,0.000000000000000000e+00,7.547169811320754429e-02,0.000000000000000000e+00,0.000000000000000000e+00,0.000000000000000000e+00,0.000000000000000000e+00,0.000000000000000000e+00,5.660377358490566169e-02,0.000000000000000000e+00,1.886792452830188607e-02,7.547169811320754429e-02,0.000000000000000000e+00,0.000000000000000000e+00,0.000000000000000000e+00,0.000000000000000000e+00,1.886792452830188607e-02,0.000000000000000000e+00
