0.000000000000000000e+00,0.000000000000000000e+00,0.000000000000000000e+00,8.163265306122448328e-02,7.142857142857142461e-02,5.102040816326530205e-03,1.734693877551020391e-01,2.040816326530612082e-02,0.000000000000000000e+00,1.020408163265306041e-02,0.000000000000000000e+00,0.000000000000000000e+00,2.551020408163265363e-02,1.020408163265306145e-01,0.000000000000000000e+00,2.551020408163265363e-02,0.000000000000000000e+00,0.000000000000000000e+00,0.000000000000000000e+00,5.102040816326530205e-03,0.000000000000000000e+00,1.989795918367346927e-01,0.000000000000000000e+00,0.000000000000000000e+00,5.102040816326530205e-03,2.551020408163265363e-02,1.020408163265306041e-02,0.000000000000000000e+00,0.000000000000000000e+00,1.020408163265306041e-02,5.102040816326530205e-03,5.102040816326530205e-03,5.102040816326530205e-03,3.571428571428571230e-02,5.102040816326530205e-03,0.000000000000000000e+00,2.551020408163265363e-02,0.000000000000000000e+00,0.000000000000000000e+00,1.530612244897959148e-02,2.040816326530612082e-02,5.102040816326530726e-02,1.020408163265306041e-02,0.000000000000000000e+00,0.000000000000000000e+00,4.591836734693877792e-02,0.000000000000000000e+00,0.000000000000000000e+00,0.000000000000000000e+00,0.000000000000000000e+00,5.102040816326530205e-03,0.000000000000000000e+00,0.000000000000000000e+00
5.555555555555555247e-02,0.000000000000000000e+00,9.876543209876542662e-02,4.320987654320987414e-02,1.790123456790123357e-01,1.234567901234567833e-01,2.469135802469135665e-02,1.851851851851851749e-02,1.234567901234567833e-02,0.000000000000000000e+00,1.851851851851851749e-02,3.703703703703703498e-02,1.234567901234567833e-02,6.172839506172839164e-03,0.000000000000000000e+00,6.172839506172839164e-03,6.172839506172839164e-03,0.000000000000000000e+00,0.000000000000000000e+00,0.000000000000000000e+00,6.172839506172839164e-03,3.703703703703703498e-02,6.172839506172839164e-02,0.000000000000000000e+00,1.234567901234567833e-02,6.172839506172839164e-03,4.320987654320987414e-02,6.790123456790123080e-02,4.320987654320987414e-02,6.172839506172839164e-03,1.851851851851851749e-02,0.000000000000000000e+00,0.000000000000000000e+00,3.086419753086419582e-02,6.172839506172839164e-03,0.000000000000000000e+00,0.000000000000000000e+00,0.000000000000000000e+00,0.000000000000000000e+00,0.000000000000000000e+00,0.000000000000000000e+00,0.000000000000000000e+00,0.000000000000000000e+00,0.000000000000000000e+00,0.000000000000000000e+00,6.172839506172839164e-03,0.000000000000000000e+00,6.172839506172839164e-03,0.000000000000000000e+00,6.172839506172839164e-03,0.000000000000000000e+00,0.000000000000000000e+00,0.000000000000000000e+00
2.040816326530612082e-02,5.306122448979591621e-02,0.000000000000000000e+00,5.306122448979591621e-02,4.489795918367346650e-02,4.081632653061224164e-02,9.387755102040816479e-02,4.081632653061224858e-03,1.224489795918367284e-02,4.081632653061224858e-03,4.081632653061224858e-03,4.081632653061224858e-03,4.897959183673469136e-02,0.000000000000000000e+00,0.000000000000000000e+00,0.000000000000000000e+00,1.224489795918367284e-02,0.000000000000000000e+00,0.000000000000000000e+00,0.000000000000000000e+00,4.081632653061224858e-03,4.285714285714285476e-01,0.000000000000000000e+00,0.000000000000000000e+00,8.163265306122449716e-03,1.224489795918367284e-02,0.000000000000000000e+00,0.000000000000000000e+00,0.000000000000000000e+00,4.081632653061224164e-02,8.163265306122449716e-03,0.000000000000000000e+00,0.000000000000000000e+00,1.224489795918367284e-02,3.673469387755102372e-02,0.000000000000000000e+00,4.081632653061224858e-03,0.000000000000000000e+00,0.000000000000000000e+00,0.000000000000000000e+00,1.632653061224489943e-02,4.081632653061224858e-03,1.224489795918367284e-02,0.000000000000000000e+00,0.000000000000000000e+00,1.224489795918367284e-02,0.000000000000000000e+00,0.000000000000000000e+00,0.000000000000000000e+00,0.000000000000000000e+00,4.081632653061224858e-03,0.000000000000000000e+00,0.000000000000000000e+00
1.126760563380281716e-01,1.408450704225352144e-02,3.873239436619718007e-02,0.000000000000000000e+00,0.000000000000000000e+00,5.985915492957746137e-02,1.056338028169014065e-02,1.408450704225352179e-01,7.394366197183098455e-02,2.464788732394366036e-02,3.521126760563380448e-02,1.408450704225352144e-02,1.760563380281690224e-02,3.521126760563380361e-03,0.000000000000000000e+00,0.000000000000000000e+00,1.760563380281690224e-02,0.000000000000000000e+00,0.000000000000000000e+00,0.000000000000000000e+00,6.338028169014084390e-02,2.112676056338028130e-02,0.000000000000000000e+00,1.056338028169014065e-02,6.690140845070421949e-02,0.000000000000000000e+00,3.521126760563380361e-03,2.112676056338028130e-02,2.464788732394366036e-02,0.000000000000000000e+00,3.521126760563380361e-03,1.056338028169014065e-02,4.929577464788732072e-02,3.521126760563380361e-03,1.408450704225352144e-02,0.000000000000000000e+00,0.000000000000000000e+00,0.000000000000000000e+00,1.302816901408450634e-01,0.000000000000000000e+00,0.000000000000000000e+00,0.000000000000000000e+00,0.000000000000000000e+00,0.000000000000000000e+00,0.000000000000000000e+00,0.000000000000000000e+00,0.000000000000000000e+00,0.000000000000000000e+00,0.000000000000000000e+00,1.408450704225352144e-02,0.000000000000000000e+00,0.000000000000000000e+00,0.000000000000000000e+00
4.214559386973180249e-02,1.609195402298850552e-01,6.130268199233716159e-02,3.831417624521072599e-03,0.000000000000000000e+00,2.183908045977011603e-01,1.149425287356321823e-02,5.747126436781609116e-02,3.831417624521072599e-03,0.000000000000000000e+00,7.662835249042145198e-03,9.195402298850574585e-02,1.149425287356321823e-02,7.662835249042145198e-03,0.000000000000000000e+00,3.831417624521072599e-03,1.532567049808429040e-02,0.000000000000000000e+00,3.831417624521072599e-03,0.000000000000000000e+00,3.831417624521072599e-03,1.532567049808429040e-02,1.532567049808429040e-02,7.662835249042145198e-03,3.831417624521072599e-03,0.000000000000000000e+00,3.831417624521072599e-03,1.532567049808429040e-02,4.214559386973180249e-02,0.000000000000000000e+00,7.662835249042145198e-03,0.000000000000000000e+00,1.532567049808429040e-02,0.000000000000000000e+00,7.662835249042145198e-03,0.000000000000000000e+00,0.000000000000000000e+00,0.000000000000000000e+00,1.609195402298850552e-01,0.000000000000000000e+00,0.000000000000000000e+00,0.000000000000000000e+00,0.000000000000000000e+00,0.000000000000000000e+00,0.000000000000000000e+00,0.000000000000000000e+00,0.000000000000000000e+00,0.000000000000000000e+00,0.000000000000000000e+00,0.000000000000000000e+00,0.000000000000000000e+00,0.000000000000000000e+00,0.000000000000000000e+00
1.311475409836065642e-01,1.202185792349726723e-01,4.918032786885245811e-02,9.289617486338798413e-02,1.366120218579235102e-01,0.000000000000000000e+00,2.185792349726775954e-02,1.420765027322404284e-01,2.732240437158469856e-02,1.639344262295082053e-02,1.092896174863387977e-02,1.092896174863387977e-02,2.732240437158469856e-02,2.185792349726775954e-02,0.000000000000000000e+00,3.278688524590164105e-02,2.732240437158469856e-02,5.464480874316939886e-03,0.000000000000000000e+00,0.000000000000000000e+00,1.639344262295082053e-02,1.639344262295082053e-02,3.825136612021858007e-02,0.000000000000000000e+00,0.000000000000000000e+00,0.000000000000000000e+00,5.464480874316939886e-03,1.639344262295082053e-02,5.464480874316939886e-03,0.000000000000000000e+00,5.464480874316939886e-03,0.000000000000000000e+00,0.000000000000000000e+00,5.464480874316939886e-03,0.000000000000000000e+00,0.000000000000000000e+00,0.000000000000000000e+00,0.000000000000000000e+00,0.000000000000000000e+00,0.000000000000000000e+00,0.000000000000000000e+00,1.092896174863387977e-02,0.000000000000000000e+00,0.000000000000000000e+00,0.000000000000000000e+00,0.000000000000000000e+00,0.000000000000000000e+00,0.000000000000000000e+00,0.000000000000000000e+00,0.000000000000000000e+00,0.000000000000000000e+00,5.464480874316939886e-03,0.000000000000000000e+00
0.000000000000000000e+00,4.761904761904762334e-03,0.000000000000000000e+00,0.000000000000000000e+00,0.000000000000000000e+00,0.000000000000000000e+00,0.000000000000000000e+00,0.000000000000000000e+00,0.000000000000000000e+00,0.000000000000000000e+00,0.000000000000000000e+00,0.000000000000000000e+00,4.761904761904762334e-03,0.000000000000000000e+00,0.000000000000000000e+00,0.000000000000000000e+00,0.000000000000000000e+00,0.000000000000000000e+00,1.904761904761904934e-02,3.333333333333333287e-02,0.000000000000000000e+00,0.000000000000000000e+00,0.000000000000000000e+00,0.000000000000000000e+00,0.000000000000000000e+00,0.000000000000000000e+00,0.000000000000000000e+00,0.000000000000000000e+00,0.000000000000000000e+00,0.000000000000000000e+00,0.000000000000000000e+00,0.000000000000000000e+00,0.000000000000000000e+00,0.000000000000000000e+00,0.000000000000000000e+00,3.190476190476190244e-01,2.380952380952380820e-02,1.238095238095238138e-01,0.000000000000000000e+00,0.000000000000000000e+00,0.000000000000000000e+00,0.000000000000000000e+00,0.000000000000000000e+00,1.333333333333333315e-01,2.999999999999999889e-01,0.000000000000000000e+00,0.000000000000000000e+00,0.000000000000000000e+00,9.523809523809524669e-03,0.000000000000000000e+00,2.380952380952380820e-02,0.000000000000000000e+00,4.761904761904762334e-03
3.414634146341463672e-02,9.756097560975609748e-03,2.439024390243902524e-02,2.536585365853658569e-01,7.317073170731706877e-02,7.804878048780487798e-02,0.000000000000000000e+00,0.000000000000000000e+00,1.463414634146341549e-02,8.292682926829268719e-02,4.878048780487804874e-03,4.878048780487804874e-03,4.878048780487804874e-03,6.341463414634146423e-02,0.000000000000000000e+00,2.926829268292683098e-02,1.463414634146341549e-02,0.000000000000000000e+00,0.000000000000000000e+00,0.000000000000000000e+00,1.951219512195121950e-02,4.878048780487804874e-03,4.878048780487804874e-03,1.463414634146341549e-02,3.902439024390243899e-02,0.000000000000000000e+00,5.853658536585366196e-02,1.951219512195121950e-02,4.390243902439024126e-02,0.000000000000000000e+00,1.951219512195121950e-02,0.000000000000000000e+00,9.756097560975609748e-03,3.414634146341463672e-02,0.000000000000000000e+00,0.000000000000000000e+00,0.000000000000000000e+00,0.000000000000000000e+00,0.000000000000000000e+00,0.000000000000000000e+00,0.000000000000000000e+00,2.439024390243902524e-02,0.000000000000000000e+00,4.878048780487804874e-03,0.000000000000000000e+00,4.878048780487804874e-03,0.000000000000000000e+00,4.878048780487804874e-03,0.000000000000000000e+00,0.000000000000000000e+00,0.000000000000000000e+00,0.000000000000000000e+00,0.000000000000000000e+00
0.000000000000000000e+00,0.000000000000000000e+00,9.345794392523363789e-03,3.271028037383177239e-02,1.401869158878504655e-02,1.401869158878504655e-02,8.411214953271027583e-02,4.672897196261681894e-03,0.000000000000000000e+00,0.000000000000000000e+00,0.000000000000000000e+00,0.000000000000000000e+00,1.401869158878504655e-02,0.000000000000000000e+00,0.000000000000000000e+00,0.000000000000000000e+00,7.943925233644859307e-02,0.000000000000000000e+00,4.672897196261681894e-03,0.000000000000000000e+00,3.271028037383177239e-02,1.401869158878504655e-02,0.000000000000000000e+00,0.000000000000000000e+00,4.672897196261681894e-03,0.000000000000000000e+00,0.000000000000000000e+00,1.495327102803738206e-01,0.000000000000000000e+00,1.401869158878504655e-02,1.401869158878504655e-02,1.869158878504672758e-02,0.000000000000000000e+00,1.869158878504672758e-02,9.813084112149532412e-02,0.000000000000000000e+00,0.000000000000000000e+00,0.000000000000000000e+00,0.000000000000000000e+00,0.000000000000000000e+00,2.570093457943924964e-01,0.000000000000000000e+00,0.000000000000000000e+00,0.000000000000000000e+00,0.000000000000000000e+00,4.672897196261681894e-03,0.000000000000000000e+00,0.000000000000000000e+00,2.336448598130841034e-02,8.878504672897195860e-02,0.000000000000000000e+00,4.672897196261681894e-03,0.000000000000000000e+00
1.550387596899224785e-02,0.000000000000000000e+00,0.000000000000000000e+00,6.201550387596899139e-02,0.000000000000000000e+00,0.000000000000000000e+00,2.558139534883721034e-01,5.426356589147286746e-02,0.000000000000000000e+00,0.000000000000000000e+00,0.000000000000000000e+00,0.000000000000000000e+00,2.325581395348837177e-02,6.976744186046511531e-02,0.000000000000000000e+00,0.000000000000000000e+00,3.100775193798449569e-02,0.000000000000000000e+00,0.000000000000000000e+00,5.426356589147286746e-02,5.426356589147286746e-02,2.325581395348837177e-02,0.000000000000000000e+00,7.751937984496123923e-03,6.201550387596899139e-02,0.000000000000000000e+00,0.000000000000000000e+00,0.000000000000000000e+00,0.000000000000000000e+00,4.651162790697674354e-02,0.000000000000000000e+00,1.550387596899224785e-02,0.000000000000000000e+00,7.751937984496123923e-03,7.751937984496123923e-03,0.000000000000000000e+00,1.472868217054263684e-01,0.000000000000000000e+00,0.000000000000000000e+00,0.000000000000000000e+00,7.751937984496123923e-03,2.325581395348837177e-02,0.000000000000000000e+00,7.751937984496123923e-03,0.000000000000000000e+00,1.550387596899224785e-02,0.000000000000000000e+00,0.000000000000000000e+00,0.000000000000000000e+00,0.000000000000000000e+00,0.000000000000000000e+00,7.751937984496123923e-03,0.000000000000000000e+00
9.049773755656109406e-03,4.524886877828054703e-03,4.524886877828054703e-03,4.524886877828054703e-03,2.262443438914027091e-02,1.357466063348416324e-02,2.714932126696832648e-02,4.524886877828054703e-03,0.000000000000000000e+00,9.049773755656109406e-03,0.000000000000000000e+00,2.262443438914027091e-02,4.524886877828054703e-03,5.429864253393665297e-02,0.000000000000000000e+00,1.312217194570135803e-01,0.000000000000000000e+00,0.000000000000000000e+00,0.000000000000000000e+00,0.000000000000000000e+00,0.000000000000000000e+00,1.809954751131221881e-02,4.524886877828054703e-03,0.000000000000000000e+00,9.049773755656109406e-03,2.533936651583710287e-01,9.049773755656109406e-03,0.000000000000000000e+00,0.000000000000000000e+00,0.000000000000000000e+00,4.524886877828054703e-03,0.000000000000000000e+00,4.977375565610859393e-02,0.000000000000000000e+00,0.000000000000000000e+00,0.000000000000000000e+00,3.619909502262443762e-02,0.000000000000000000e+00,0.000000000000000000e+00,9.049773755656109406e-03,0.000000000000000000e+00,2.307692307692307820e-01,0.000000000000000000e+00,0.000000000000000000e+00,0.000000000000000000e+00,5.429864253393665297e-02,0.000000000000000000e+00,0.000000000000000000e+00,0.000000000000000000e+00,0.000000000000000000e+00,9.049773755656109406e-03,0.000000000000000000e+00,0.000000000000000000e+00
2.777777777777777624e-02,1.111111111111111154e-02,0.000000000000000000e+00,1.666666666666666644e-02,1.111111111111111049e-01,1.111111111111111154e-02,0.000000000000000000e+00,1.111111111111111154e-02,0.000000000000000000e+00,0.000000000000000000e+00,5.555555555555555247e-02,0.000000000000000000e+00,1.111111111111111154e-02,5.555555555555555247e-02,0.000000000000000000e+00,3.888888888888888951e-01,0.000000000000000000e+00,0.000000000000000000e+00,0.000000000000000000e+00,0.000000000000000000e+00,0.000000000000000000e+00,0.000000000000000000e+00,1.555555555555555580e-01,5.555555555555555768e-03,5.555555555555555768e-03,5.000000000000000278e-02,1.666666666666666644e-02,0.000000000000000000e+00,0.000000000000000000e+00,0.000000000000000000e+00,1.111111111111111154e-02,0.000000000000000000e+00,4.444444444444444614e-02,5.555555555555555768e-03,0.000000000000000000e+00,0.000000000000000000e+00,0.000000000000000000e+00,0.000000000000000000e+00,0.000000000000000000e+00,0.000000000000000000e+00,0.000000000000000000e+00,5.555555555555555768e-03,0.000000000000000000e+00,0.000000000000000000e+00,0.000000000000000000e+00,0.000000000000000000e+00,0.000000000000000000e+00,0.000000000000000000e+00,0.000000000000000000e+00,0.000000000000000000e+00,0.000000000000000000e+00,0.000000000000000000e+00,0.000000000000000000e+00
3.030303030303030387e-02,0.000000000000000000e+00,2.020202020202020166e-01,1.313131313131313260e-01,4.040404040404040747e-02,0.000000000000000000e+00,4.040404040404040747e-02,3.030303030303030387e-02,3.030303030303030387e-02,2.020202020202020374e-02,8.080808080808081495e-02,0.000000000000000000e+00,0.000000000000000000e+00,0.000000000000000000e+00,0.000000000000000000e+00,0.000000000000000000e+00,0.000000000000000000e+00,0.000000000000000000e+00,0.000000000000000000e+00,0.000000000000000000e+00,1.010101010101010187e-02,2.020202020202020374e-02,0.000000000000000000e+00,0.000000000000000000e+00,1.010101010101010187e-02,1.010101010101010187e-02,2.020202020202020374e-02,3.030303030303030387e-02,1.010101010101010187e-02,2.020202020202020374e-02,2.020202020202020374e-02,1.010101010101010187e-02,2.020202020202020374e-02,1.010101010101010187e-02,0.000000000000000000e+00,0.000000000000000000e+00,1.010101010101010187e-02,0.000000000000000000e+00,0.000000000000000000e+00,2.020202020202020374e-02,1.010101010101010187e-02,0.000000000000000000e+00,9.090909090909091161e-02,1.010101010101010187e-02,0.000000000000000000e+00,0.000000000000000000e+00,0.000000000000000000e+00,3.030303030303030387e-02,1.010101010101010187e-02,0.000000000000000000e+00,2.020202020202020374e-02,0.000000000000000000e+00,0.000000000000000000e+00
1.575342465753424570e-01,0.000000000000000000e+00,0.000000000000000000e+00,0.000000000000000000e+00,0.000000000000000000e+00,3.424657534246575152e-02,1.369863013698630061e-02,1.780821917808219079e-01,0.000000000000000000e+00,6.849315068493150305e-02,2.739726027397260122e-02,1.369863013698630061e-02,6.849315068493150305e-03,0.000000000000000000e+00,0.000000000000000000e+00,6.849315068493150305e-03,0.000000000000000000e+00,0.000000000000000000e+00,0.000000000000000000e+00,0.000000000000000000e+00,0.000000000000000000e+00,0.000000000000000000e+00,6.849315068493150305e-03,6.849315068493150305e-03,1.780821917808219079e-01,2.054794520547945091e-02,2.054794520547945091e-01,0.000000000000000000e+00,6.849315068493150305e-03,0.000000000000000000e+00,1.369863013698630061e-02,0.000000000000000000e+00,0.000000000000000000e+00,2.054794520547945091e-02,0.000000000000000000e+00,0.000000000000000000e+00,0.000000000000000000e+00,0.000000000000000000e+00,0.000000000000000000e+00,0.000000000000000000e+00,0.000000000000000000e+00,2.739726027397260122e-02,0.000000000000000000e+00,0.000000000000000000e+00,0.000000000000000000e+00,6.849315068493150305e-03,0.000000000000000000e+00,0.000000000000000000e+00,0.000000000000000000e+00,0.000000000000000000e+00,0.000000000000000000e+00,0.000000000000000000e+00,0.000000000000000000e+00
9.009009009009008931e-03,1.801801801801801786e-02,2.972972972972973138e-01,9.009009009009008584e-02,7.207207207207207145e-02,0.000000000000000000e+00,1.801801801801801786e-02,0.000000000000000000e+00,9.009009009009008584e-02,9.009009009009008931e-03,9.909909909909909997e-02,0.000000000000000000e+00,1.801801801801801786e-02,7.207207207207207145e-02,0.000000000000000000e+00,3.603603603603603572e-02,9.009009009009008931e-03,0.000000000000000000e+00,0.000000000000000000e+00,0.000000000000000000e+00,0.000000000000000000e+00,0.000000000000000000e+00,3.603603603603603572e-02,0.000000000000000000e+00,9.009009009009008931e-03,0.000000000000000000e+00,0.000000000000000000e+00,0.000000000000000000e+00,0.000000000000000000e+00,0.000000000000000000e+00,9.009009009009008931e-03,0.000000000000000000e+00,2.702702702702702853e-02,0.000000000000000000e+00,9.009009009009008931e-03,0.000000000000000000e+00,0.000000000000000000e+00,9.009009009009008931e-03,0.000000000000000000e+00,9.009009009009008931e-03,9.009009009009008931e-03,9.009009009009008931e-03,2.702702702702702853e-02,0.000000000000000000e+00,0.000000000000000000e+00,9.009009009009008931e-03,0.000000000000000000e+00,0.000000000000000000e+00,0.000000000000000000e+00,0.000000000000000000e+00,0.000000000000000000e+00,0.000000000000000000e+00,0.000000000000000000e+00
9.615384615384615918e-03,9.615384615384615918e-03,9.615384615384615918e-03,0.000000000000000000e+00,1.442307692307692388e-02,0.000000000000000000e+00,9.615384615384615918e-03,0.000000000000000000e+00,0.000000000000000000e+00,0.000000000000000000e+00,1.730769230769230727e-01,3.701923076923077094e-01,0.000000000000000000e+00,0.000000000000000000e+00,0.000000000000000000e+00,0.000000000000000000e+00,0.000000000000000000e+00,0.000000000000000000e+00,0.000000000000000000e+00,0.000000000000000000e+00,0.000000000000000000e+00,0.000000000000000000e+00,5.769230769230769551e-02,9.615384615384615918e-03,4.807692307692307959e-03,4.807692307692307959e-03,1.923076923076923184e-01,0.000000000000000000e+00,0.000000000000000000e+00,0.000000000000000000e+00,4.807692307692307959e-03,0.000000000000000000e+00,7.692307692307692735e-02,0.000000000000000000e+00,0.000000000000000000e+00,0.000000000000000000e+00,0.000000000000000000e+00,0.000000000000000000e+00,1.923076923076923184e-02,0.000000000000000000e+00,0.000000000000000000e+00,1.442307692307692388e-02,0.000000000000000000e+00,0.000000000000000000e+00,0.000000000000000000e+00,0.000000000000000000e+00,0.000000000000000000e+00,1.923076923076923184e-02,0.000000000000000000e+00,0.000000000000000000e+00,0.000000000000000000e+00,0.000000000000000000e+00,0.000000000000000000e+00
3.355704697986577195e-02,6.711409395973154217e-03,6.711409395973154217e-03,1.342281879194630843e-02,6.711409395973154217e-03,1.006711409395973089e-01,1.342281879194630843e-02,2.684563758389261687e-02,1.677852348993288667e-01,3.355704697986577195e-02,0.000000000000000000e+00,0.000000000000000000e+00,0.000000000000000000e+00,0.000000000000000000e+00,0.000000000000000000e+00,0.000000000000000000e+00,0.000000000000000000e+00,0.000000000000000000e+00,0.000000000000000000e+00,0.000000000000000000e+00,2.013422818791946178e-01,0.000000000000000000e+00,0.000000000000000000e+00,3.355704697986577195e-02,2.013422818791946178e-02,0.000000000000000000e+00,0.000000000000000000e+00,2.348993288590603967e-01,1.342281879194630843e-02,0.000000000000000000e+00,0.000000000000000000e+00,0.000000000000000000e+00,0.000000000000000000e+00,2.684563758389261687e-02,1.342281879194630843e-02,0.000000000000000000e+00,0.000000000000000000e+00,0.000000000000000000e+00,0.000000000000000000e+00,0.000000000000000000e+00,0.000000000000000000e+00,0.000000000000000000e+00,0.000000000000000000e+00,0.000000000000000000e+00,0.000000000000000000e+00,0.000000000000000000e+00,0.000000000000000000e+00,0.000000000000000000e+00,0.000000000000000000e+00,4.697986577181208212e-02,0.000000000000000000e+00,0.000000000000000000e+00,0.000000000000000000e+00
0.000000000000000000e+00,0.000000000000000000e+00,0.000000000000000000e+00,0.000000000000000000e+00,0.000000000000000000e+00,3.333333333333333148e-01,0.000000000000000000e+00,0.000000000000000000e+00,0.000000000000000000e+00,0.000000000000000000e+00,0.000000000000000000e+00,0.000000000000000000e+00,0.000000000000000000e+00,0.000000000000000000e+00,0.000000000000000000e+00,0.000000000000000000e+00,0.000000000000000000e+00,0.000000000000000000e+00,0.000000000000000000e+00,0.000000000000000000e+00,0.000000000000000000e+00,0.000000000000000000e+00,0.000000000000000000e+00,0.000000000000000000e+00,0.000000000000000000e+00,0.000000000000000000e+00,0.000000000000000000e+00,0.000000000000000000e+00,0.000000000000000000e+00,0.000000000000000000e+00,0.000000000000000000e+00,0.000000000000000000e+00,0.000000000000000000e+00,0.000000000000000000e+00,0.000000000000000000e+00,0.000000000000000000e+00,0.000000000000000000e+00,0.000000000000000000e+00,3.333333333333333148e-01,0.000000000000000000e+00,3.333333333333333148e-01,0.000000000000000000e+00,0.000000000000000000e+00,0.000000000000000000e+00,0.000000000000000000e+00,0.000000000000000000e+00,0.000000000000000000e+00,0.000000000000000000e+00,0.000000000000000000e+00,0.000000000000000000e+00,0.000000000000000000e+00,0.000000000000000000e+00,0.000000000000000000e+00
0.000000000000000000e+00,8.108108108108108558e-02,2.702702702702702853e-02,2.027027027027027140e-02,2.297297297297297425e-01,0.000000000000000000e+00,0.000000000000000000e+00,0.000000000000000000e+00,1.351351351351351426e-02,0.000000000000000000e+00,2.702702702702702853e-02,9.459459459459459985e-02,0.000000000000000000e+00,1.351351351351351426e-02,0.000000000000000000e+00,1.418918918918918859e-01,1.351351351351351426e-02,0.000000000000000000e+00,0.000000000000000000e+00,0.000000000000000000e+00,0.000000000000000000e+00,0.000000000000000000e+00,8.783783783783784271e-02,0.000000000000000000e+00,0.000000000000000000e+00,0.000000000000000000e+00,1.081081081081081141e-01,1.351351351351351426e-02,0.000000000000000000e+00,0.000000000000000000e+00,5.405405405405405705e-02,0.000000000000000000e+00,0.000000000000000000e+00,0.000000000000000000e+00,3.378378378378378566e-02,6.756756756756757132e-03,0.000000000000000000e+00,0.000000000000000000e+00,0.000000000000000000e+00,0.000000000000000000e+00,0.000000000000000000e+00,2.027027027027027140e-02,0.000000000000000000e+00,0.000000000000000000e+00,0.000000000000000000e+00,0.000000000000000000e+00,0.000000000000000000e+00,6.756756756756757132e-03,0.000000000000000000e+00,0.000000000000000000e+00,6.756756756756757132e-03,0.000000000000000000e+00,0.000000000000000000e+00
2.439024390243902524e-02,0.000000000000000000e+00,0.000000000000000000e+00,2.256097560975609817e-01,6.097560975609756309e-03,0.000000000000000000e+00,6.097560975609756309e-03,4.268292682926829590e-02,1.219512195121951262e-02,1.707317073170731836e-01,2.439024390243902524e-02,6.097560975609756309e-03,4.878048780487805047e-02,8.536585365853659180e-02,0.000000000000000000e+00,0.000000000000000000e+00,1.829268292682926719e-02,0.000000000000000000e+00,0.000000000000000000e+00,0.000000000000000000e+00,4.878048780487805047e-02,0.000000000000000000e+00,0.000000000000000000e+00,0.000000000000000000e+00,9.146341463414633943e-02,0.000000000000000000e+00,6.707317073170732113e-02,3.658536585365853439e-02,0.000000000000000000e+00,0.000000000000000000e+00,3.658536585365853439e-02,0.000000000000000000e+00,0.000000000000000000e+00,0.000000000000000000e+00,0.000000000000000000e+00,0.000000000000000000e+00,0.000000000000000000e+00,0.000000000000000000e+00,0.000000000000000000e+00,0.000000000000000000e+00,0.000000000000000000e+00,1.219512195121951262e-02,1.219512195121951262e-02,0.000000000000000000e+00,0.000000000000000000e+00,0.000000000000000000e+00,0.000000000000000000e+00,0.000000000000000000e+00,0.000000000000000000e+00,1.219512195121951262e-02,6.097560975609756309e-03,6.097560975609756309e-03,0.000000000000000000e+00
9.803921568627450844e-03,9.803921568627450844e-03,0.000000000000000000e+00,6.862745098039216285e-02,3.921568627450980338e-02,0.000000000000000000e+00,4.901960784313725422e-02,3.921568627450980338e-02,1.078431372549019662e-01,1.078431372549019662e-01,0.000000000000000000e+00,0.000000000000000000e+00,0.000000000000000000e+00,9.803921568627450844e-03,0.000000000000000000e+00,0.000000000000000000e+00,3.725490196078431460e-01,0.000000000000000000e+00,0.000000000000000000e+00,0.000000000000000000e+00,0.000000000000000000e+00,9.803921568627450844e-03,0.000000000000000000e+00,0.000000000000000000e+00,2.941176470588235253e-02,0.000000000000000000e+00,0.000000000000000000e+00,7.843137254901960675e-02,0.000000000000000000e+00,0.000000000000000000e+00,1.960784313725490169e-02,0.000000000000000000e+00,0.000000000000000000e+00,2.941176470588235253e-02,1.960784313725490169e-02,0.000000000000000000e+00,0.000000000000000000e+00,0.000000000000000000e+00,0.000000000000000000e+00,0.000000000000000000e+00,0.000000000000000000e+00,0.000000000000000000e+00,0.000000000000000000e+00,0.000000000000000000e+00,0.000000000000000000e+00,0.000000000000000000e+00,0.000000000000000000e+00,0.000000000000000000e+00,0.000000000000000000e+00,0.000000000000000000e+00,0.000000000000000000e+00,0.000000000000000000e+00,0.000000000000000000e+00
4.854368932038834530e-03,4.854368932038834530e-03,1.699029126213592311e-01,5.339805825242718157e-02,3.883495145631067624e-02,0.000000000000000000e+00,2.427184466019417439e-02,0.000000000000000000e+00,0.000000000000000000e+00,0.000000000000000000e+00,9.708737864077669061e-03,0.000000000000000000e+00,1.456310679611650533e-02,0.000000000000000000e+00,4.854368932038834530e-03,0.000000000000000000e+00,0.000000000000000000e+00,0.000000000000000000e+00,0.000000000000000000e+00,0.000000000000000000e+00,0.000000000000000000e+00,0.000000000000000000e+00,0.000000000000000000e+00,4.854368932038834530e-03,0.000000000000000000e+00,0.000000000000000000e+00,0.000000000000000000e+00,2.427184466019417439e-02,4.854368932038834530e-03,0.000000000000000000e+00,2.427184466019417439e-02,2.912621359223301065e-02,0.000000000000000000e+00,4.854368932038834530e-03,3.398058252427184345e-02,0.000000000000000000e+00,0.000000000000000000e+00,9.708737864077669061e-03,0.000000000000000000e+00,1.067961165048543631e-01,1.456310679611650533e-02,0.000000000000000000e+00,2.864077669902912460e-01,9.708737864077669061e-03,0.000000000000000000e+00,0.000000000000000000e+00,0.000000000000000000e+00,4.854368932038834530e-03,9.223300970873786475e-02,4.854368932038834530e-03,1.456310679611650533e-02,4.854368932038834530e-03,0.000000000000000000e+00
2.020202020202020374e-02,1.010101010101010187e-02,1.010101010101010187e-02,1.010101010101010187e-02,5.050505050505050414e-02,3.030303030303030387e-02,3.737373737373737570e-01,0.000000000000000000e+00,0.000000000000000000e+00,0.000000000000000000e+00,1.010101010101010187e-02,2.020202020202020374e-02,0.000000000000000000e+00,1.010101010101010187e-02,0.000000000000000000e+00,7.070707070707070441e-02,0.000000000000000000e+00,0.000000000000000000e+00,4.040404040404040747e-02,0.000000000000000000e+00,0.000000000000000000e+00,5.050505050505050414e-02,0.000000000000000000e+00,0.000000000000000000e+00,0.000000000000000000e+00,5.050505050505050414e-02,0.000000000000000000e+00,0.000000000000000000e+00,0.000000000000000000e+00,0.000000000000000000e+00,0.000000000000000000e+00,0.000000000000000000e+00,1.010101010101010187e-02,0.000000000000000000e+00,0.000000000000000000e+00,0.000000000000000000e+00,1.010101010101010187e-02,0.000000000000000000e+00,0.000000000000000000e+00,0.000000000000000000e+00,0.000000000000000000e+00,2.020202020202020374e-02,0.000000000000000000e+00,0.000000000000000000e+00,0.000000000000000000e+00,1.010101010101010083e-01,0.000000000000000000e+00,0.000000000000000000e+00,0.000000000000000000e+00,0.000000000000000000e+00,0.000000000000000000e+00,1.010101010101010083e-01,0.000000000000000000e+00
1.724137931034482735e-02,0.000000000000000000e+00,0.000000000000000000e+00,6.896551724137930939e-02,3.448275862068965469e-02,0.000000000000000000e+00,0.000000000000000000e+00,5.172413793103448204e-02,3.448275862068965469e-02,0.000000000000000000e+00,0.000000000000000000e+00,1.724137931034482735e-02,1.034482758620689641e-01,0.000000000000000000e+00,0.000000000000000000e+00,0.000000000000000000e+00,1.724137931034482735e-02,0.000000000000000000e+00,0.000000000000000000e+00,0.000000000000000000e+00,0.000000000000000000e+00,3.448275862068965469e-02,0.000000000000000000e+00,0.000000000000000000e+00,0.000000000000000000e+00,0.000000000000000000e+00,3.448275862068965469e-02,3.448275862068965469e-02,8.620689655172414367e-02,0.000000000000000000e+00,0.000000000000000000e+00,0.000000000000000000e+00,1.379310344827586188e-01,0.000000000000000000e+00,1.379310344827586188e-01,0.000000000000000000e+00,0.000000000000000000e+00,0.000000000000000000e+00,1.724137931034482735e-02,0.000000000000000000e+00,0.000000000000000000e+00,0.000000000000000000e+00,0.000000000000000000e+00,0.000000000000000000e+00,0.000000000000000000e+00,0.000000000000000000e+00,0.000000000000000000e+00,1.724137931034482735e-02,0.000000000000000000e+00,1.034482758620689641e-01,5.172413793103448204e-02,0.000000000000000000e+00,0.000000000000000000e+00
1.428571428571428492e-01,5.102040816326530726e-02,1.020408163265306041e-02,8.163265306122448328e-02,1.020408163265306145e-01,0.000000000000000000e+00,0.000000000000000000e+00,8.163265306122448328e-02,0.000000000000000000e+00,2.551020408163265363e-01,4.081632653061224164e-02,0.000000000000000000e+00,0.000000000000000000e+00,1.428571428571428492e-01,0.000000000000000000e+00,1.020408163265306041e-02,1.020408163265306041e-02,0.000000000000000000e+00,0.000000000000000000e+00,0.000000000000000000e+00,2.040816326530612082e-02,0.000000000000000000e+00,0.000000000000000000e+00,0.000000000000000000e+00,0.000000000000000000e+00,0.000000000000000000e+00,1.020408163265306041e-02,0.000000000000000000e+00,0.000000000000000000e+00,0.000000000000000000e+00,1.020408163265306041e-02,0.000000000000000000e+00,0.000000000000000000e+00,1.020408163265306041e-02,0.000000000000000000e+00,0.000000000000000000e+00,1.020408163265306041e-02,0.000000000000000000e+00,0.000000000000000000e+00,0.000000000000000000e+00,0.000000000000000000e+00,1.020408163265306041e-02,0.000000000000000000e+00,0.000000000000000000e+00,0.000000000000000000e+00,0.000000000000000000e+00,0.000000000000000000e+00,0.000000000000000000e+00,0.000000000000000000e+00,0.000000000000000000e+00,0.000000000000000000e+00,0.000000000000000000e+00,0.000000000000000000e+00
0.000000000000000000e+00,0.000000000000000000e+00,2.912621359223301065e-02,0.000000000000000000e+00,0.000000000000000000e+00,0.000000000000000000e+00,1.941747572815533812e-02,9.708737864077669061e-03,0.000000000000000000e+00,0.000000000000000000e+00,1.359223300970873738e-01,0.000000000000000000e+00,9.708737864077669061e-03,2.912621359223301065e-02,9.708737864077669061e-03,3.883495145631067624e-02,0.000000000000000000e+00,0.000000000000000000e+00,9.708737864077669061e-03,2.912621359223301065e-02,0.000000000000000000e+00,0.000000000000000000e+00,9.708737864077669061e-03,0.000000000000000000e+00,0.000000000000000000e+00,0.000000000000000000e+00,1.941747572815533812e-02,0.000000000000000000e+00,0.000000000000000000e+00,0.000000000000000000e+00,0.000000000000000000e+00,3.883495145631067624e-02,0.000000000000000000e+00,0.000000000000000000e+00,0.000000000000000000e+00,0.000000000000000000e+00,3.883495145631067624e-02,0.000000000000000000e+00,0.000000000000000000e+00,2.427184466019417508e-01,0.000000000000000000e+00,3.883495145631067624e-02,1.456310679611650394e-01,1.941747572815533812e-02,0.000000000000000000e+00,9.708737864077669755e-02,0.000000000000000000e+00,0.000000000000000000e+00,0.000000000000000000e+00,0.000000000000000000e+00,1.941747572815533812e-02,0.000000000000000000e+00,9.708737864077669061e-03
6.842105263157895190e-02,2.631578947368420907e-02,0.000000000000000000e+00,2.105263157894736795e-02,1.052631578947368397e-02,3.684210526315789130e-02,2.105263157894736795e-02,1.000000000000000056e-01,0.000000000000000000e+00,2.105263157894736795e-02,8.947368421052631637e-02,1.210526315789473700e-01,3.157894736842105365e-02,8.421052631578947179e-02,0.000000000000000000e+00,1.368421052631579038e-01,0.000000000000000000e+00,0.000000000000000000e+00,0.000000000000000000e+00,0.000000000000000000e+00,0.000000000000000000e+00,5.263157894736841987e-03,0.000000000000000000e+00,5.263157894736841987e-03,5.263157894736841987e-03,2.105263157894736795e-02,0.000000000000000000e+00,0.000000000000000000e+00,5.263157894736841987e-03,0.000000000000000000e+00,5.263157894736841987e-03,0.000000000000000000e+00,6.842105263157895190e-02,0.000000000000000000e+00,5.263157894736841987e-03,0.000000000000000000e+00,0.000000000000000000e+00,0.000000000000000000e+00,4.210526315789473589e-02,0.000000000000000000e+00,0.000000000000000000e+00,4.736842105263158048e-02,0.000000000000000000e+00,0.000000000000000000e+00,0.000000000000000000e+00,5.263157894736841987e-03,0.000000000000000000e+00,1.578947368421052683e-02,0.000000000000000000e+00,0.000000000000000000e+00,0.000000000000000000e+00,0.000000000000000000e+00,0.000000000000000000e+00
1.081081081081081141e-02,6.486486486486486847e-02,2.702702702702702853e-02,2.702702702702702853e-02,3.243243243243243423e-02,4.864864864864865135e-02,1.081081081081081141e-02,3.243243243243243423e-02,1.945945945945946054e-01,0.000000000000000000e+00,0.000000000000000000e+00,0.000000000000000000e+00,3.783783783783783994e-02,0.000000000000000000e+00,0.000000000000000000e+00,0.000000000000000000e+00,2.432432432432432567e-01,0.000000000000000000e+00,0.000000000000000000e+00,0.000000000000000000e+00,5.405405405405405705e-02,5.405405405405405705e-03,0.000000000000000000e+00,1.081081081081081141e-02,0.000000000000000000e+00,0.000000000000000000e+00,0.000000000000000000e+00,0.000000000000000000e+00,5.405405405405405705e-03,0.000000000000000000e+00,0.000000000000000000e+00,1.621621621621621712e-02,0.000000000000000000e+00,0.000000000000000000e+00,4.864864864864865135e-02,0.000000000000000000e+00,0.000000000000000000e+00,0.000000000000000000e+00,4.864864864864865135e-02,0.000000000000000000e+00,0.000000000000000000e+00,0.000000000000000000e+00,0.000000000000000000e+00,0.000000000000000000e+00,0.000000000000000000e+00,0.000000000000000000e+00,0.000000000000000000e+00,0.000000000000000000e+00,0.000000000000000000e+00,8.108108108108108558e-02,0.000000000000000000e+00,0.000000000000000000e+00,0.000000000000000000e+00
8.620689655172414367e-02,6.896551724137930939e-02,3.448275862068965469e-02,6.896551724137930939e-02,3.448275862068965469e-02,6.896551724137930939e-02,1.724137931034482735e-02,8.620689655172414367e-02,0.000000000000000000e+00,0.000000000000000000e+00,0.000000000000000000e+00,1.724137931034482735e-02,5.172413793103448204e-02,0.000000000000000000e+00,0.000000000000000000e+00,1.724137931034482735e-02,0.000000000000000000e+00,0.000000000000000000e+00,0.000000000000000000e+00,0.000000000000000000e+00,1.724137931034482735e-02,5.172413793103448204e-02,0.000000000000000000e+00,1.206896551724137984e-01,0.000000000000000000e+00,0.000000000000000000e+00,0.000000000000000000e+00,1.034482758620689641e-01,0.000000000000000000e+00,0.000000000000000000e+00,1.724137931034482735e-02,0.000000000000000000e+00,3.448275862068965469e-02,0.000000000000000000e+00,1.724137931034482735e-02,0.000000000000000000e+00,0.000000000000000000e+00,0.000000000000000000e+00,3.448275862068965469e-02,0.000000000000000000e+00,0.000000000000000000e+00,1.724137931034482735e-02,0.000000000000000000e+00,0.000000000000000000e+00,0.000000000000000000e+00,0.000000000000000000e+00,0.000000000000000000e+00,0.000000000000000000e+00,0.000000000000000000e+00,0.000000000000000000e+00,3.448275862068965469e-02,0.000000000000000000e+00,0.000000000000000000e+00
2.777777777777777624e-02,0.000000000000000000e+00,8.333333333333332871e-02,0.000000000000000000e+00,0.000000000000000000e+00,0.000000000000000000e+00,2.777777777777777624e-02,0.000000000000000000e+00,2.777777777777777624e-02,1.111111111111111049e-01,0.000000000000000000e+00,0.000000000000000000e+00,2.777777777777777624e-02,0.000000000000000000e+00,5.555555555555555247e-02,0.000000000000000000e+00,0.000000000000000000e+00,0.000000000000000000e+00,0.000000000000000000e+00,0.000000000000000000e+00,0.000000000000000000e+00,0.000000000000000000e+00,0.000000000000000000e+00,0.000000000000000000e+00,0.000000000000000000e+00,0.000000000000000000e+00,0.000000000000000000e+00,0.000000000000000000e+00,0.000000000000000000e+00,0.000000000000000000e+00,0.000000000000000000e+00,8.333333333333332871e-02,0.000000000000000000e+00,2.777777777777777624e-02,0.000000000000000000e+00,0.000000000000000000e+00,5.555555555555555247e-02,2.777777777777777624e-02,0.000000000000000000e+00,1.944444444444444475e-01,2.777777777777777624e-02,0.000000000000000000e+00,8.333333333333332871e-02,2.777777777777777624e-02,2.777777777777777624e-02,8.333333333333332871e-02,0.000000000000000000e+00,0.000000000000000000e+00,0.000000000000000000e+00,0.000000000000000000e+00,0.000000000000000000e+00,0.000000000000000000e+00,0.000000000000000000e+00
0.000000000000000000e+00,5.454545454545454281e-02,5.454545454545454281e-02,7.272727272727272374e-02,1.818181818181818094e-02,0.000000000000000000e+00,1.818181818181818094e-02,1.818181818181818094e-02,0.000000000000000000e+00,0.000000000000000000e+00,0.000000000000000000e+00,0.000000000000000000e+00,5.454545454545454281e-02,1.818181818181818094e-02,5.454545454545454281e-02,1.818181818181818094e-02,1.818181818181818094e-02,0.000000000000000000e+00,1.818181818181818094e-02,0.000000000000000000e+00,1.818181818181818094e-02,1.818181818181818094e-02,0.000000000000000000e+00,0.000000000000000000e+00,0.000000000000000000e+00,0.000000000000000000e+00,3.636363636363636187e-02,0.000000000000000000e+00,0.000000000000000000e+00,1.818181818181818094e-02,0.000000000000000000e+00,0.000000000000000000e+00,0.000000000000000000e+00,0.000000000000000000e+00,1.818181818181818094e-02,0.000000000000000000e+00,0.000000000000000000e+00,0.000000000000000000e+00,2.545454545454545192e-01,3.636363636363636187e-02,0.000000000000000000e+00,5.454545454545454281e-02,1.818181818181818094e-02,0.000000000000000000e+00,0.000000000000000000e+00,0.000000000000000000e+00,0.000000000000000000e+00,5.454545454545454281e-02,3.636363636363636187e-02,1.818181818181818094e-02,0.000000000000000000e+00,0.000000000000000000e+00,0.000000000000000000e+00
2.904564315352697185e-02,1.659751037344398342e-02,2.033195020746887960e-01,1.203319502074688824e-01,5.394190871369294871e-02,4.149377593360995854e-03,0.000000000000000000e+00,4.149377593360995854e-03,1.203319502074688824e-01,0.000000000000000000e+00,7.883817427385891863e-02,1.244813278008298670e-02,4.149377593360995854e-03,8.298755186721991708e-03,0.000000000000000000e+00,2.904564315352697185e-02,1.244813278008298670e-02,0.000000000000000000e+00,0.000000000000000000e+00,0.000000000000000000e+00,1.244813278008298670e-02,1.244813278008298670e-02,8.298755186721991708e-03,0.000000000000000000e+00,4.149377593360995854e-03,0.000000000000000000e+00,8.298755186721991361e-02,1.369294605809128762e-01,0.000000000000000000e+00,0.000000000000000000e+00,8.298755186721991708e-03,0.000000000000000000e+00,0.000000000000000000e+00,0.000000000000000000e+00,0.000000000000000000e+00,0.000000000000000000e+00,0.000000000000000000e+00,0.000000000000000000e+00,0.000000000000000000e+00,0.000000000000000000e+00,4.149377593360995854e-03,4.149377593360995854e-03,4.149377593360995854e-03,0.000000000000000000e+00,0.000000000000000000e+00,0.000000000000000000e+00,0.000000000000000000e+00,4.149377593360995854e-03,0.000000000000000000e+00,2.074688796680497840e-02,0.000000000000000000e+00,0.000000000000000000e+00,0.000000000000000000e+00
4.166666666666666435e-02,1.041666666666666609e-02,0.000000000000000000e+00,1.041666666666666609e-02,7.291666666666667129e-02,0.000000000000000000e+00,1.041666666666666609e-02,0.000000000000000000e+00,0.000000000000000000e+00,0.000000000000000000e+00,1.770833333333333426e-01,6.250000000000000000e-02,0.000000000000000000e+00,7.291666666666667129e-02,0.000000000000000000e+00,7.291666666666667129e-02,0.000000000000000000e+00,0.000000000000000000e+00,0.000000000000000000e+00,0.000000000000000000e+00,0.000000000000000000e+00,0.000000000000000000e+00,0.000000000000000000e+00,7.291666666666667129e-02,1.041666666666666609e-02,5.208333333333333565e-02,1.458333333333333426e-01,0.000000000000000000e+00,0.000000000000000000e+00,0.000000000000000000e+00,1.041666666666666609e-02,0.000000000000000000e+00,0.000000000000000000e+00,0.000000000000000000e+00,0.000000000000000000e+00,0.000000000000000000e+00,1.041666666666666609e-02,0.000000000000000000e+00,0.000000000000000000e+00,2.083333333333333218e-02,0.000000000000000000e+00,1.145833333333333287e-01,0.000000000000000000e+00,0.000000000000000000e+00,0.000000000000000000e+00,0.000000000000000000e+00,0.000000000000000000e+00,2.083333333333333218e-02,0.000000000000000000e+00,0.000000000000000000e+00,1.041666666666666609e-02,0.000000000000000000e+00,0.000000000000000000e+00
8.000000000000000167e-02,4.000000000000000083e-02,1.199999999999999956e-01,1.000000000000000056e-01,2.000000000000000042e-02,0.000000000000000000e+00,0.000000000000000000e+00,4.000000000000000083e-02,1.400000000000000133e-01,2.000000000000000042e-02,0.000000000000000000e+00,2.000000000000000042e-02,2.000000000000000042e-02,2.000000000000000042e-02,0.000000000000000000e+00,0.000000000000000000e+00,2.000000000000000042e-02,0.000000000000000000e+00,0.000000000000000000e+00,0.000000000000000000e+00,0.000000000000000000e+00,2.000000000000000042e-02,2.000000000000000042e-02,1.000000000000000056e-01,0.000000000000000000e+00,0.000000000000000000e+00,0.000000000000000000e+00,0.000000000000000000e+00,0.000000000000000000e+00,4.000000000000000083e-02,0.000000000000000000e+00,0.000000000000000000e+00,0.000000000000000000e+00,0.000000000000000000e+00,1.000000000000000056e-01,0.000000000000000000e+00,0.000000000000000000e+00,0.000000000000000000e+00,0.000000000000000000e+00,2.000000000000000042e-02,0.000000000000000000e+00,0.000000000000000000e+00,0.000000000000000000e+00,0.000000000000000000e+00,0.000000000000000000e+00,0.000000000000000000e+00,0.000000000000000000e+00,0.000000000000000000e+00,0.000000000000000000e+00,0.000000000000000000e+00,5.999999999999999778e-02,0.000000000000000000e+00,0.000000000000000000e+00
0.000000000000000000e+00,1.075268817204301161e-02,9.677419354838709409e-02,1.075268817204301161e-02,3.225806451612903136e-02,2.150537634408602322e-02,3.225806451612903136e-02,0.000000000000000000e+00,1.182795698924731242e-01,0.000000000000000000e+00,0.000000000000000000e+00,0.000000000000000000e+00,1.075268817204301161e-02,0.000000000000000000e+00,3.225806451612903136e-02,0.000000000000000000e+00,5.376344086021505458e-02,0.000000000000000000e+00,0.000000000000000000e+00,0.000000000000000000e+00,0.000000000000000000e+00,2.150537634408602322e-02,0.000000000000000000e+00,1.075268817204301161e-02,0.000000000000000000e+00,0.000000000000000000e+00,0.000000000000000000e+00,1.720430107526881858e-01,0.000000000000000000e+00,1.075268817204301161e-02,1.075268817204301161e-02,3.225806451612903136e-02,0.000000000000000000e+00,0.000000000000000000e+00,0.000000000000000000e+00,2.150537634408602322e-02,0.000000000000000000e+00,4.301075268817204644e-02,0.000000000000000000e+00,0.000000000000000000e+00,3.225806451612903136e-02,1.075268817204301161e-02,2.150537634408602322e-02,0.000000000000000000e+00,0.000000000000000000e+00,0.000000000000000000e+00,0.000000000000000000e+00,0.000000000000000000e+00,1.612903225806451568e-01,0.000000000000000000e+00,3.225806451612903136e-02,0.000000000000000000e+00,0.000000000000000000e+00
0.000000000000000000e+00,0.000000000000000000e+00,0.000000000000000000e+00,0.000000000000000000e+00,0.000000000000000000e+00,0.000000000000000000e+00,0.000000000000000000e+00,0.000000000000000000e+00,0.000000000000000000e+00,0.000000000000000000e+00,0.000000000000000000e+00,0.000000000000000000e+00,0.000000000000000000e+00,0.000000000000000000e+00,0.000000000000000000e+00,0.000000000000000000e+00,0.000000000000000000e+00,0.000000000000000000e+00,1.896551724137930939e-01,2.500000000000000000e-01,0.000000000000000000e+00,0.000000000000000000e+00,0.000000000000000000e+00,0.000000000000000000e+00,0.000000000000000000e+00,0.000000000000000000e+00,0.000000000000000000e+00,0.000000000000000000e+00,0.000000000000000000e+00,0.000000000000000000e+00,8.620689655172413673e-03,1.724137931034482735e-02,0.000000000000000000e+00,0.000000000000000000e+00,0.000000000000000000e+00,0.000000000000000000e+00,4.310344827586207184e-02,2.155172413793103314e-01,0.000000000000000000e+00,0.000000000000000000e+00,0.000000000000000000e+00,0.000000000000000000e+00,0.000000000000000000e+00,1.637931034482758563e-01,0.000000000000000000e+00,0.000000000000000000e+00,8.620689655172414367e-02,0.000000000000000000e+00,0.000000000000000000e+00,0.000000000000000000e+00,0.000000000000000000e+00,2.586206896551724102e-02,0.000000000000000000e+00
0.000000000000000000e+00,0.000000000000000000e+00,0.000000000000000000e+00,0.000000000000000000e+00,0.000000000000000000e+00,0.000000000000000000e+00,0.000000000000000000e+00,0.000000000000000000e+00,0.000000000000000000e+00,4.054054054054054279e-02,0.000000000000000000e+00,0.000000000000000000e+00,0.000000000000000000e+00,0.000000000000000000e+00,8.108108108108108558e-02,1.351351351351351426e-02,0.000000000000000000e+00,0.000000000000000000e+00,6.756756756756757132e-02,4.054054054054054279e-01,0.000000000000000000e+00,0.000000000000000000e+00,0.000000000000000000e+00,0.000000000000000000e+00,0.000000000000000000e+00,0.000000000000000000e+00,0.000000000000000000e+00,0.000000000000000000e+00,0.000000000000000000e+00,0.000000000000000000e+00,0.000000000000000000e+00,2.702702702702702853e-02,0.000000000000000000e+00,0.000000000000000000e+00,0.000000000000000000e+00,6.756756756756757132e-02,0.000000000000000000e+00,2.702702702702702853e-02,0.000000000000000000e+00,0.000000000000000000e+00,0.000000000000000000e+00,0.000000000000000000e+00,0.000000000000000000e+00,6.756756756756757132e-02,9.459459459459459985e-02,0.000000000000000000e+00,8.108108108108108558e-02,0.000000000000000000e+00,0.000000000000000000e+00,0.000000000000000000e+00,1.351351351351351426e-02,0.000000000000000000e+00,1.351351351351351426e-02
0.000000000000000000e+00,0.000000000000000000e+00,0.000000000000000000e+00,0.000000000000000000e+00,0.000000000000000000e+00,0.000000000000000000e+00,9.259259259259258745e-03,0.000000000000000000e+00,0.000000000000000000e+00,0.000000000000000000e+00,0.000000000000000000e+00,0.000000000000000000e+00,0.000000000000000000e+00,0.000000000000000000e+00,3.703703703703703498e-02,0.000000000000000000e+00,0.000000000000000000e+00,0.000000000000000000e+00,4.629629629629629650e-01,3.703703703703703498e-02,0.000000000000000000e+00,0.000000000000000000e+00,0.000000000000000000e+00,0.000000000000000000e+00,0.000000000000000000e+00,9.259259259259258745e-03,0.000000000000000000e+00,0.000000000000000000e+00,0.000000000000000000e+00,0.000000000000000000e+00,0.000000000000000000e+00,7.407407407407406996e-02,0.000000000000000000e+00,0.000000000000000000e+00,0.000000000000000000e+00,1.018518518518518462e-01,0.000000000000000000e+00,0.000000000000000000e+00,0.000000000000000000e+00,9.259259259259258745e-03,0.000000000000000000e+00,0.000000000000000000e+00,9.259259259259258745e-03,9.259259259259258745e-03,9.259259259259258745e-03,2.777777777777777624e-02,5.555555555555555247e-02,0.000000000000000000e+00,2.777777777777777624e-02,0.000000000000000000e+00,0.000000000000000000e+00,1.203703703703703637e-01,0.000000000000000000e+00
4.800000000000000100e-02,1.199999999999999956e-01,0.000000000000000000e+00,8.000000000000000167e-02,1.360000000000000098e-01,2.400000000000000050e-02,1.600000000000000033e-02,1.199999999999999956e-01,8.000000000000000167e-03,0.000000000000000000e+00,0.000000000000000000e+00,1.600000000000000033e-02,1.600000000000000033e-02,2.400000000000000050e-02,8.000000000000000167e-03,4.000000000000000083e-02,8.000000000000000167e-03,0.000000000000000000e+00,0.000000000000000000e+00,0.000000000000000000e+00,8.000000000000000167e-03,3.200000000000000067e-02,0.000000000000000000e+00,2.400000000000000050e-02,0.000000000000000000e+00,0.000000000000000000e+00,8.000000000000000167e-03,0.000000000000000000e+00,4.800000000000000100e-02,0.000000000000000000e+00,1.600000000000000033e-02,8.000000000000000167e-03,4.800000000000000100e-02,0.000000000000000000e+00,4.000000000000000083e-02,0.000000000000000000e+00,0.000000000000000000e+00,0.000000000000000000e+00,0.000000000000000000e+00,0.000000000000000000e+00,0.000000000000000000e+00,3.200000000000000067e-02,0.000000000000000000e+00,0.000000000000000000e+00,0.000000000000000000e+00,0.000000000000000000e+00,8.000000000000000167e-03,4.000000000000000083e-02,8.000000000000000167e-03,1.600000000000000033e-02,0.000000000000000000e+00,0.000000000000000000e+00,0.000000000000000000e+00
0.000000000000000000e+00,0.000000000000000000e+00,0.000000000000000000e+00,0.000000000000000000e+00,0.000000000000000000e+00,0.000000000000000000e+00,0.000000000000000000e+00,0.000000000000000000e+00,0.000000000000000000e+00,0.000000000000000000e+00,5.681818181818181629e-02,0.000000000000000000e+00,0.000000000000000000e+00,0.000000000000000000e+00,1.818181818181818232e-01,0.000000000000000000e+00,0.000000000000000000e+00,0.000000000000000000e+00,1.136363636363636395e-02,0.000000000000000000e+00,0.000000000000000000e+00,0.000000000000000000e+00,0.000000000000000000e+00,0.000000000000000000e+00,0.000000000000000000e+00,5.681818181818181629e-02,0.000000000000000000e+00,0.000000000000000000e+00,0.000000000000000000e+00,3.409090909090908839e-02,0.000000000000000000e+00,7.954545454545454419e-02,0.000000000000000000e+00,0.000000000000000000e+00,0.000000000000000000e+00,0.000000000000000000e+00,0.000000000000000000e+00,2.272727272727272790e-02,0.000000000000000000e+00,0.000000000000000000e+00,0.000000000000000000e+00,2.272727272727272790e-02,4.204545454545454697e-01,9.090909090909091161e-02,0.000000000000000000e+00,1.136363636363636395e-02,0.000000000000000000e+00,0.000000000000000000e+00,1.136363636363636395e-02,0.000000000000000000e+00,0.000000000000000000e+00,0.000000000000000000e+00,0.000000000000000000e+00
0.000000000000000000e+00,0.000000000000000000e+00,0.000000000000000000e+00,0.000000000000000000e+00,0.000000000000000000e+00,0.000000000000000000e+00,1.149425287356321823e-02,0.000000000000000000e+00,2.413793103448275967e-01,0.000000000000000000e+00,0.000000000000000000e+00,0.000000000000000000e+00,0.000000000000000000e+00,0.000000000000000000e+00,8.045977011494252762e-02,0.000000000000000000e+00,1.149425287356321823e-02,0.000000000000000000e+00,0.000000000000000000e+00,0.000000000000000000e+00,0.000000000000000000e+00,1.149425287356321823e-02,0.000000000000000000e+00,0.000000000000000000e+00,0.000000000000000000e+00,0.000000000000000000e+00,0.000000000000000000e+00,4.597701149425287293e-02,0.000000000000000000e+00,2.298850574712643646e-02,0.000000000000000000e+00,6.896551724137930939e-02,0.000000000000000000e+00,0.000000000000000000e+00,0.000000000000000000e+00,1.149425287356321823e-02,0.000000000000000000e+00,1.149425287356321823e-02,0.000000000000000000e+00,0.000000000000000000e+00,0.000000000000000000e+00,0.000000000000000000e+00,5.747126436781609116e-02,3.448275862068965469e-02,0.000000000000000000e+00,0.000000000000000000e+00,0.000000000000000000e+00,0.000000000000000000e+00,3.793103448275861878e-01,1.149425287356321823e-02,0.000000000000000000e+00,0.000000000000000000e+00,0.000000000000000000e+00
0.000000000000000000e+00,0.000000000000000000e+00,2.307692307692307820e-02,7.692307692307692735e-03,6.153846153846154188e-02,7.692307692307692735e-03,0.000000000000000000e+00,0.000000000000000000e+00,0.000000000000000000e+00,0.000000000000000000e+00,2.769230769230769384e-01,7.692307692307692735e-03,0.000000000000000000e+00,7.692307692307692735e-03,0.000000000000000000e+00,2.307692307692307820e-02,0.000000000000000000e+00,0.000000000000000000e+00,0.000000000000000000e+00,0.000000000000000000e+00,0.000000000000000000e+00,0.000000000000000000e+00,3.076923076923077094e-02,0.000000000000000000e+00,0.000000000000000000e+00,7.692307692307692735e-03,2.000000000000000111e-01,1.538461538461538547e-02,0.000000000000000000e+00,0.000000000000000000e+00,2.307692307692307820e-02,0.000000000000000000e+00,0.000000000000000000e+00,0.000000000000000000e+00,0.000000000000000000e+00,1.538461538461538547e-02,1.538461538461538547e-02,0.000000000000000000e+00,0.000000000000000000e+00,5.384615384615384914e-02,0.000000000000000000e+00,0.000000000000000000e+00,1.384615384615384692e-01,0.000000000000000000e+00,0.000000000000000000e+00,3.846153846153846367e-02,0.000000000000000000e+00,4.615384615384615641e-02,0.000000000000000000e+00,0.000000000000000000e+00,0.000000000000000000e+00,0.000000000000000000e+00,0.000000000000000000e+00
0.000000000000000000e+00,0.000000000000000000e+00,0.000000000000000000e+00,0.000000000000000000e+00,0.000000000000000000e+00,0.000000000000000000e+00,5.952380952380952051e-03,0.000000000000000000e+00,0.000000000000000000e+00,0.000000000000000000e+00,0.000000000000000000e+00,0.000000000000000000e+00,5.952380952380952051e-03,0.000000000000000000e+00,2.142857142857142738e-01,0.000000000000000000e+00,0.000000000000000000e+00,5.952380952380952051e-03,5.952380952380952051e-03,0.000000000000000000e+00,0.000000000000000000e+00,0.000000000000000000e+00,0.000000000000000000e+00,0.000000000000000000e+00,0.000000000000000000e+00,0.000000000000000000e+00,0.000000000000000000e+00,0.000000000000000000e+00,0.000000000000000000e+00,1.190476190476190410e-02,0.000000000000000000e+00,3.333333333333333148e-01,0.000000000000000000e+00,0.000000000000000000e+00,0.000000000000000000e+00,1.190476190476190410e-02,1.190476190476190410e-02,1.190476190476190410e-02,0.000000000000000000e+00,5.952380952380952051e-02,0.000000000000000000e+00,0.000000000000000000e+00,0.000000000000000000e+00,0.000000000000000000e+00,0.000000000000000000e+00,0.000000000000000000e+00,3.214285714285714524e-01,0.000000000000000000e+00,0.000000000000000000e+00,0.000000000000000000e+00,0.000000000000000000e+00,0.000000000000000000e+00,0.000000000000000000e+00
0.000000000000000000e+00,0.000000000000000000e+00,1.010101010101010187e-02,0.000000000000000000e+00,0.000000000000000000e+00,0.000000000000000000e+00,1.010101010101010187e-02,0.000000000000000000e+00,0.000000000000000000e+00,1.010101010101010187e-02,0.000000000000000000e+00,0.000000000000000000e+00,1.010101010101010187e-02,0.000000000000000000e+00,3.030303030303030387e-02,0.000000000000000000e+00,0.000000000000000000e+00,0.000000000000000000e+00,6.060606060606060774e-02,3.434343434343434254e-01,0.000000000000000000e+00,0.000000000000000000e+00,0.000000000000000000e+00,0.000000000000000000e+00,0.000000000000000000e+00,0.000000000000000000e+00,0.000000000000000000e+00,0.000000000000000000e+00,0.000000000000000000e+00,0.000000000000000000e+00,0.000000000000000000e+00,1.616161616161616299e-01,0.000000000000000000e+00,0.000000000000000000e+00,0.000000000000000000e+00,1.111111111111111049e-01,8.080808080808081495e-02,4.040404040404040747e-02,0.000000000000000000e+00,0.000000000000000000e+00,0.000000000000000000e+00,0.000000000000000000e+00,0.000000000000000000e+00,0.000000000000000000e+00,0.000000000000000000e+00,0.000000000000000000e+00,6.060606060606060774e-02,0.000000000000000000e+00,2.020202020202020374e-02,0.000000000000000000e+00,3.030303030303030387e-02,0.000000000000000000e+00,2.020202020202020374e-02
0.000000000000000000e+00,0.000000000000000000e+00,0.000000000000000000e+00,0.000000000000000000e+00,0.000000000000000000e+00,0.000000000000000000e+00,0.000000000000000000e+00,0.000000000000000000e+00,0.000000000000000000e+00,0.000000000000000000e+00,0.000000000000000000e+00,0.000000000000000000e+00,0.000000000000000000e+00,0.000000000000000000e+00,1.111111111111111154e-02,0.000000000000000000e+00,0.000000000000000000e+00,0.000000000000000000e+00,1.888888888888888840e-01,2.888888888888888618e-01,0.000000000000000000e+00,0.000000000000000000e+00,0.000000000000000000e+00,0.000000000000000000e+00,0.000000000000000000e+00,0.000000000000000000e+00,0.000000000000000000e+00,0.000000000000000000e+00,0.000000000000000000e+00,0.000000000000000000e+00,0.000000000000000000e+00,1.111111111111111154e-02,0.000000000000000000e+00,0.000000000000000000e+00,0.000000000000000000e+00,8.888888888888889228e-02,5.555555555555555247e-02,1.555555555555555580e-01,0.000000000000000000e+00,1.111111111111111154e-02,0.000000000000000000e+00,0.000000000000000000e+00,0.000000000000000000e+00,1.333333333333333315e-01,0.000000000000000000e+00,4.444444444444444614e-02,0.000000000000000000e+00,0.000000000000000000e+00,0.000000000000000000e+00,0.000000000000000000e+00,1.111111111111111154e-02,0.000000000000000000e+00,0.000000000000000000e+00
0.000000000000000000e+00,0.000000000000000000e+00,1.449275362318840597e-02,0.000000000000000000e+00,0.000000000000000000e+00,0.000000000000000000e+00,0.000000000000000000e+00,0.000000000000000000e+00,0.000000000000000000e+00,0.000000000000000000e+00,2.898550724637681195e-02,0.000000000000000000e+00,0.000000000000000000e+00,0.000000000000000000e+00,4.347826086956521618e-02,0.000000000000000000e+00,0.000000000000000000e+00,0.000000000000000000e+00,3.043478260869565410e-01,8.695652173913043237e-02,0.000000000000000000e+00,0.000000000000000000e+00,1.449275362318840597e-02,0.000000000000000000e+00,0.000000000000000000e+00,0.000000000000000000e+00,0.000000000000000000e+00,0.000000000000000000e+00,0.000000000000000000e+00,0.000000000000000000e+00,0.000000000000000000e+00,0.000000000000000000e+00,0.000000000000000000e+00,0.000000000000000000e+00,0.000000000000000000e+00,1.449275362318840597e-02,2.898550724637681195e-02,1.014492753623188470e-01,0.000000000000000000e+00,0.000000000000000000e+00,0.000000000000000000e+00,2.898550724637681195e-02,1.449275362318840597e-02,7.246376811594203160e-02,2.318840579710144956e-01,0.000000000000000000e+00,0.000000000000000000e+00,0.000000000000000000e+00,0.000000000000000000e+00,0.000000000000000000e+00,0.000000000000000000e+00,0.000000000000000000e+00,1.449275362318840597e-02
0.000000000000000000e+00,0.000000000000000000e+00,0.000000000000000000e+00,0.000000000000000000e+00,0.000000000000000000e+00,0.000000000000000000e+00,0.000000000000000000e+00,0.000000000000000000e+00,0.000000000000000000e+00,0.000000000000000000e+00,0.000000000000000000e+00,0.000000000000000000e+00,0.000000000000000000e+00,0.000000000000000000e+00,9.243697478991597105e-02,0.000000000000000000e+00,0.000000000000000000e+00,0.000000000000000000e+00,6.722689075630251809e-02,9.243697478991597105e-02,0.000000000000000000e+00,0.000000000000000000e+00,0.000000000000000000e+00,0.000000000000000000e+00,0.000000000000000000e+00,0.000000000000000000e+00,0.000000000000000000e+00,0.000000000000000000e+00,0.000000000000000000e+00,0.000000000000000000e+00,0.000000000000000000e+00,6.050420168067226490e-01,0.000000000000000000e+00,0.000000000000000000e+00,0.000000000000000000e+00,0.000000000000000000e+00,8.403361344537814762e-03,6.722689075630251809e-02,1.680672268907562952e-02,0.000000000000000000e+00,8.403361344537814762e-03,0.000000000000000000e+00,8.403361344537814762e-03,3.361344537815125905e-02,0.000000000000000000e+00,0.000000000000000000e+00,0.000000000000000000e+00,0.000000000000000000e+00,0.000000000000000000e+00,0.000000000000000000e+00,0.000000000000000000e+00,0.000000000000000000e+00,0.000000000000000000e+00
0.000000000000000000e+00,0.000000000000000000e+00,0.000000000000000000e+00,6.060606060606060774e-02,0.000000000000000000e+00,0.000000000000000000e+00,0.000000000000000000e+00,0.000000000000000000e+00,0.000000000000000000e+00,0.000000000000000000e+00,1.818181818181818232e-01,6.060606060606060774e-02,0.000000000000000000e+00,0.000000000000000000e+00,0.000000000000000000e+00,3.030303030303030387e-02,0.000000000000000000e+00,0.000000000000000000e+00,0.000000000000000000e+00,0.000000000000000000e+00,0.000000000000000000e+00,0.000000000000000000e+00,0.000000000000000000e+00,6.060606060606060774e-02,0.000000000000000000e+00,6.060606060606060774e-02,6.060606060606060774e-02,0.000000000000000000e+00,0.000000000000000000e+00,0.000000000000000000e+00,6.060606060606060774e-02,6.060606060606060774e-02,1.212121212121212155e-01,0.000000000000000000e+00,0.000000000000000000e+00,0.000000000000000000e+00,0.000000000000000000e+00,0.000000000000000000e+00,0.000000000000000000e+00,6.060606060606060774e-02,0.000000000000000000e+00,0.000000000000000000e+00,1.212121212121212155e-01,0.000000000000000000e+00,0.000000000000000000e+00,0.000000000000000000e+00,3.030303030303030387e-02,0.000000000000000000e+00,0.000000000000000000e+00,0.000000000000000000e+00,0.000000000000000000e+00,3.030303030303030387e-02,0.000000000000000000e+00
0.000000000000000000e+00,0.000000000000000000e+00,0.000000000000000000e+00,0.000000000000000000e+00,0.000000000000000000e+00,0.000000000000000000e+00,0.000000000000000000e+00,0.000000000000000000e+00,3.125000000000000000e-02,0.000000000000000000e+00,0.000000000000000000e+00,0.000000000000000000e+00,0.000000000000000000e+00,0.000000000000000000e+00,1.250000000000000000e-01,0.000000000000000000e+00,0.000000000000000000e+00,0.000000000000000000e+00,0.000000000000000000e+00,1.041666666666666609e-02,0.000000000000000000e+00,0.000000000000000000e+00,0.000000000000000000e+00,0.000000000000000000e+00,0.000000000000000000e+00,0.000000000000000000e+00,0.000000000000000000e+00,1.041666666666666609e-02,0.000000000000000000e+00,0.000000000000000000e+00,0.000000000000000000e+00,4.270833333333333148e-01,0.000000000000000000e+00,0.000000000000000000e+00,0.000000000000000000e+00,0.000000000000000000e+00,1.041666666666666609e-02,1.041666666666666609e-02,0.000000000000000000e+00,0.000000000000000000e+00,7.291666666666667129e-02,0.000000000000000000e+00,0.000000000000000000e+00,4.166666666666666435e-02,1.041666666666666609e-02,0.000000000000000000e+00,2.500000000000000000e-01,0.000000000000000000e+00,0.000000000000000000e+00,0.000000000000000000e+00,0.000000000000000000e+00,0.000000000000000000e+00,0.000000000000000000e+00
0.000000000000000000e+00,0.000000000000000000e+00,3.125000000000000000e-02,0.000000000000000000e+00,0.000000000000000000e+00,0.000000000000000000e+00,0.000000000000000000e+00,0.000000000000000000e+00,2.031250000000000000e-01,0.000000000000000000e+00,0.000000000000000000e+00,0.000000000000000000e+00,3.125000000000000000e-02,0.000000000000000000e+00,0.000000000000000000e+00,0.000000000000000000e+00,3.125000000000000000e-02,0.000000000000000000e+00,0.000000000000000000e+00,0.000000000000000000e+00,3.125000000000000000e-02,3.125000000000000000e-02,0.000000000000000000e+00,1.406250000000000000e-01,0.000000000000000000e+00,0.000000000000000000e+00,0.000000000000000000e+00,1.406250000000000000e-01,1.562500000000000000e-02,0.000000000000000000e+00,0.000000000000000000e+00,1.562500000000000000e-02,0.000000000000000000e+00,6.250000000000000000e-02,4.687500000000000000e-02,0.000000000000000000e+00,0.000000000000000000e+00,0.000000000000000000e+00,0.000000000000000000e+00,0.000000000000000000e+00,4.687500000000000000e-02,0.000000000000000000e+00,1.562500000000000000e-02,0.000000000000000000e+00,0.000000000000000000e+00,0.000000000000000000e+00,0.000000000000000000e+00,0.000000000000000000e+00,1.250000000000000000e-01,0.000000000000000000e+00,3.125000000000000000e-02,0.000000000000000000e+00,0.000000000000000000e+00
0.000000000000000000e+00,0.000000000000000000e+00,2.439024390243902524e-02,0.000000000000000000e+00,0.000000000000000000e+00,0.000000000000000000e+00,0.000000000000000000e+00,2.439024390243902524e-02,0.000000000000000000e+00,0.000000000000000000e+00,2.439024390243902524e-02,0.000000000000000000e+00,2.439024390243902524e-02,0.000000000000000000e+00,0.000000000000000000e+00,0.000000000000000000e+00,4.878048780487805047e-02,0.000000000000000000e+00,2.439024390243902524e-02,9.756097560975610095e-02,2.439024390243902524e-02,4.878048780487805047e-02,0.000000000000000000e+00,4.878048780487805047e-02,0.000000000000000000e+00,2.439024390243902524e-02,0.000000000000000000e+00,0.000000000000000000e+00,7.317073170731706877e-02,2.439024390243902524e-02,2.439024390243902524e-02,2.439024390243902524e-02,0.000000000000000000e+00,4.878048780487805047e-02,0.000000000000000000e+00,2.439024390243902524e-02,0.000000000000000000e+00,0.000000000000000000e+00,0.000000000000000000e+00,0.000000000000000000e+00,2.439024390243902524e-02,2.439024390243902524e-02,0.000000000000000000e+00,2.439024390243902524e-02,2.439024390243902524e-02,0.000000000000000000e+00,1.219512195121951192e-01,0.000000000000000000e+00,2.439024390243902524e-02,0.000000000000000000e+00,0.000000000000000000e+00,2.439024390243902524e-02,9.756097560975610095e-02
0.000000000000000000e+00,2.941176470588235253e-02,0.000000000000000000e+00,0.000000000000000000e+00,0.000000000000000000e+00,5.882352941176470507e-02,2.941176470588235253e-02,0.000000000000000000e+00,0.000000000000000000e+00,5.882352941176470507e-02,2.941176470588235253e-02,2.941176470588235253e-02,0.000000000000000000e+00,0.000000000000000000e+00,0.000000000000000000e+00,0.000000000000000000e+00,0.000000000000000000e+00,0.000000000000000000e+00,2.941176470588235253e-02,0.000000000000000000e+00,0.000000000000000000e+00,2.941176470588235253e-02,2.647058823529411797e-01,0.000000000000000000e+00,0.000000000000000000e+00,0.000000000000000000e+00,0.000000000000000000e+00,0.000000000000000000e+00,0.000000000000000000e+00,0.000000000000000000e+00,0.000000000000000000e+00,0.000000000000000000e+00,0.000000000000000000e+00,0.000000000000000000e+00,0.000000000000000000e+00,8.823529411764706454e-02,0.000000000000000000e+00,1.764705882352941291e-01,0.000000000000000000e+00,0.000000000000000000e+00,0.000000000000000000e+00,0.000000000000000000e+00,0.000000000000000000e+00,2.941176470588235253e-02,0.000000000000000000e+00,2.941176470588235253e-02,0.000000000000000000e+00,0.000000000000000000e+00,2.941176470588235253e-02,0.000000000000000000e+00,8.823529411764706454e-02,0.000000000000000000e+00,0.000000000000000000e+00
0.000000000000000000e+00,0.000000000000000000e+00,0.000000000000000000e+00,0.000000000000000000e+00,0.000000000000000000e+00,0.000000000000000000e+00,0.000000000000000000e+00,0.000000000000000000e+00,9.090909090909091161e-02,0.000000000000000000e+00,0.000000000000000000e+00,0.000000000000000000e+00,0.000000000000000000e+00,0.000000000000000000e+00,9.090909090909091161e-02,0.000000000000000000e+00,0.000000000000000000e+00,0.000000000000000000e+00,2.727272727272727071e-01,9.090909090909091161e-02,0.000000000000000000e+00,0.000000000000000000e+00,0.000000000000000000e+00,0.000000000000000000e+00,0.000000000000000000e+00,0.000000000000000000e+00,0.000000000000000000e+00,0.000000000000000000e+00,0.000000000000000000e+00,0.000000000000000000e+00,0.000000000000000000e+00,0.000000000000000000e+00,0.000000000000000000e+00,0.000000000000000000e+00,0.000000000000000000e+00,9.090909090909091161e-02,0.000000000000000000e+00,0.000000000000000000e+00,0.000000000000000000e+00,0.000000000000000000e+00,0.000000000000000000e+00,0.000000000000000000e+00,0.000000000000000000e+00,0.000000000000000000e+00,0.000000000000000000e+00,0.000000000000000000e+00,2.727272727272727071e-01,0.000000000000000000e+00,0.000000000000000000e+00,0.000000000000000000e+00,0.000000000000000000e+00,9.090909090909091161e-02,0.000000000000000000e+00
