0.000000000000000000e+00,5.035246727089627387e-03,3.021148036253776432e-03,1.057401812688821691e-01,5.639476334340382674e-02,2.618328298086606415e-02,1.540785498489425920e-01,1.711983887210473398e-02,0.000000000000000000e+00,6.042296072507552865e-03,1.007049345417925477e-03,6.042296072507552865e-03,7.049345417925478863e-02,6.344410876132930421e-02,2.014098690835850955e-03,2.215508559919436224e-02,0.000000000000000000e+00,1.208459214501510573e-02,8.056394763343403820e-03,2.014098690835850955e-03,1.007049345417925477e-03,1.067472306143000954e-01,1.007049345417925477e-03,6.042296072507552865e-03,1.611278952668680764e-02,3.222557905337361528e-02,1.409869083585095668e-02,1.007049345417925477e-03,3.021148036253776432e-03,5.337361530715004770e-02,1.208459214501510573e-02,1.007049345417925477e-03,4.028197381671701910e-03,4.330312185297079813e-02,1.812688821752266033e-02,0.000000000000000000e+00,2.014098690835850955e-02,0.000000000000000000e+00,0.000000000000000000e+00,8.056394763343403820e-03,1.309164149043303207e-02,3.222557905337361528e-02,1.007049345417925477e-03,0.000000000000000000e+00,0.000000000000000000e+00,2.719033232628398702e-02,0.000000000000000000e+00,0.000000000000000000e+00,0.000000000000000000e+00,2.014098690835850955e-03,2.014098690835850955e-02,2.014098690835850955e-03,0.000000000000000000e+00
3.168567807351077570e-02,0.000000000000000000e+00,8.871989860583016918e-02,2.661596958174904798e-02,1.736375158428390408e-01,2.179974651457541324e-01,1.520912547528517102e-02,3.802281368821292754e-03,2.408111533586818759e-02,1.267427122940430846e-03,7.604562737642585508e-03,5.323193916349809596e-02,6.337135614702154446e-03,5.069708491761723383e-03,0.000000000000000000e+00,3.802281368821292754e-03,1.394169835234474082e-02,1.394169835234474082e-02,1.267427122940430846e-03,0.000000000000000000e+00,2.281368821292775739e-02,2.027883396704689353e-02,4.816223067173637518e-02,1.267427122940430889e-02,5.069708491761723383e-03,1.267427122940430846e-03,1.394169835234474082e-02,5.703422053231939348e-02,5.576679340937896329e-02,2.534854245880861692e-03,3.802281368821292754e-03,0.000000000000000000e+00,3.802281368821292754e-03,3.548795944233206628e-02,2.281368821292775739e-02,0.000000000000000000e+00,0.000000000000000000e+00,0.000000000000000000e+00,0.000000000000000000e+00,0.000000000000000000e+00,0.000000000000000000e+00,0.000000000000000000e+00,0.000000000000000000e+00,0.000000000000000000e+00,0.000000000000000000e+00,1.267427122940430846e-03,0.000000000000000000e+00,0.000000000000000000e+00,0.000000000000000000e+00,2.534854245880861692e-03,0.000000000000000000e+00,2.534854245880861692e-03,0.000000000000000000e+00
2.564102564102564014e-02,5.731523378582201872e-02,0.000000000000000000e+00,4.374057315233785548e-02,6.184012066365007776e-02,1.342383107088989391e-01,8.597285067873303155e-02,2.865761689291100936e-02,1.960784313725490169e-02,1.508295625942684829e-03,4.524886877828054703e-03,1.508295625942684829e-03,5.731523378582201872e-02,1.809954751131221881e-02,0.000000000000000000e+00,0.000000000000000000e+00,4.524886877828054703e-03,2.111613876319758804e-02,1.508295625942684829e-03,0.000000000000000000e+00,3.016591251885369657e-03,2.141779788838612253e-01,4.524886877828054703e-03,1.508295625942684829e-03,1.357466063348416324e-02,2.111613876319758804e-02,0.000000000000000000e+00,0.000000000000000000e+00,0.000000000000000000e+00,7.692307692307692735e-02,1.508295625942684829e-03,0.000000000000000000e+00,1.508295625942684829e-03,1.809954751131221881e-02,1.960784313725490169e-02,0.000000000000000000e+00,6.033182503770739315e-03,0.000000000000000000e+00,0.000000000000000000e+00,4.524886877828054703e-03,9.049773755656109406e-03,1.206636500754147863e-02,0.000000000000000000e+00,0.000000000000000000e+00,0.000000000000000000e+00,1.055806938159879402e-02,0.000000000000000000e+00,0.000000000000000000e+00,0.000000000000000000e+00,3.016591251885369657e-03,6.033182503770739315e-03,3.016591251885369657e-03,3.016591251885369657e-03
7.366638441998306364e-02,2.540220152413208941e-03,1.778154106689246519e-02,0.000000000000000000e+00,4.233700254022015191e-03,3.302286198137172057e-02,5.080440304826417883e-03,1.812023708721422488e-01,5.927180355630821268e-02,1.185436071126164288e-02,1.439458086367485096e-02,1.778154106689246519e-02,3.302286198137172057e-02,3.386960203217612066e-03,0.000000000000000000e+00,8.467400508044030166e-04,2.540220152413209115e-02,1.778154106689246519e-02,0.000000000000000000e+00,0.000000000000000000e+00,1.007620660457239636e-01,5.080440304826417883e-03,0.000000000000000000e+00,1.439458086367485096e-02,6.689246401354784211e-02,0.000000000000000000e+00,1.608806096528365634e-02,3.725656223539373230e-02,2.963590177815410634e-02,0.000000000000000000e+00,5.080440304826417883e-03,0.000000000000000000e+00,5.503810330228620096e-02,1.354784081287044827e-02,2.540220152413208941e-03,0.000000000000000000e+00,0.000000000000000000e+00,0.000000000000000000e+00,1.329381879762912833e-01,0.000000000000000000e+00,8.467400508044030166e-04,1.693480101608806033e-03,0.000000000000000000e+00,0.000000000000000000e+00,0.000000000000000000e+00,0.000000000000000000e+00,0.000000000000000000e+00,9.314140558848433074e-03,0.000000000000000000e+00,6.773920406435224133e-03,8.467400508044030166e-04,0.000000000000000000e+00,0.000000000000000000e+00
4.811898512685914425e-02,1.924759405074365770e-01,3.849518810148731124e-02,8.748906386701662532e-04,0.000000000000000000e+00,1.749781277340332342e-01,6.124234470691163230e-03,5.686789151356080180e-02,1.574803149606299191e-02,0.000000000000000000e+00,6.999125109361330026e-03,7.611548556430446089e-02,8.748906386701662749e-03,2.624671916010498651e-03,0.000000000000000000e+00,9.623797025371827810e-03,1.749781277340332550e-02,1.574803149606299191e-02,0.000000000000000000e+00,0.000000000000000000e+00,2.624671916010498651e-03,2.012248468941382415e-02,9.623797025371827810e-03,1.487314085739282511e-02,8.748906386701662532e-04,0.000000000000000000e+00,1.312335958005249326e-02,2.362204724409448786e-02,6.386701662292212922e-02,0.000000000000000000e+00,3.499562554680665013e-03,8.748906386701662532e-04,8.748906386701662749e-03,2.624671916010498651e-03,1.137357830271216140e-02,0.000000000000000000e+00,0.000000000000000000e+00,0.000000000000000000e+00,1.417322834645669272e-01,0.000000000000000000e+00,0.000000000000000000e+00,8.748906386701662749e-03,0.000000000000000000e+00,0.000000000000000000e+00,0.000000000000000000e+00,0.000000000000000000e+00,0.000000000000000000e+00,2.624671916010498651e-03,0.000000000000000000e+00,0.000000000000000000e+00,0.000000000000000000e+00,0.000000000000000000e+00,0.000000000000000000e+00
1.730558598028477668e-01,1.139101861993428305e-01,5.147864184008762306e-02,6.900328587075575670e-02,1.566265060240963902e-01,0.000000000000000000e+00,2.409638554216867595e-02,1.040525739320920101e-01,2.847754654983570763e-02,8.762322015334063352e-03,3.285870755750273757e-03,1.533406352683461087e-02,1.533406352683461087e-02,3.285870755750273930e-02,0.000000000000000000e+00,2.300109529025191543e-02,5.695509309967141526e-02,2.300109529025191543e-02,0.000000000000000000e+00,0.000000000000000000e+00,4.381161007667031676e-03,4.381161007667031676e-03,3.833515881708652456e-02,1.095290251916757919e-03,1.095290251916757919e-03,0.000000000000000000e+00,2.190580503833515838e-03,1.642935377875136965e-02,4.381161007667031676e-03,0.000000000000000000e+00,0.000000000000000000e+00,0.000000000000000000e+00,2.190580503833515838e-03,1.861993428258488376e-02,0.000000000000000000e+00,0.000000000000000000e+00,0.000000000000000000e+00,0.000000000000000000e+00,0.000000000000000000e+00,0.000000000000000000e+00,0.000000000000000000e+00,4.381161007667031676e-03,0.000000000000000000e+00,0.000000000000000000e+00,0.000000000000000000e+00,0.000000000000000000e+00,0.000000000000000000e+00,0.000000000000000000e+00,0.000000000000000000e+00,0.000000000000000000e+00,2.190580503833515838e-03,1.095290251916757919e-03,0.000000000000000000e+00
0.000000000000000000e+00,0.000000000000000000e+00,0.000000000000000000e+00,0.000000000000000000e+00,0.000000000000000000e+00,0.000000000000000000e+00,0.000000000000000000e+00,0.000000000000000000e+00,1.064962726304579440e-03,2.129925452609158880e-03,0.000000000000000000e+00,0.000000000000000000e+00,3.194888178913737886e-03,8.519701810436635520e-03,2.129925452609158880e-03,0.000000000000000000e+00,0.000000000000000000e+00,4.259850905218317760e-03,4.153354632587859252e-02,2.023429179978700893e-02,0.000000000000000000e+00,3.194888178913737886e-03,0.000000000000000000e+00,0.000000000000000000e+00,0.000000000000000000e+00,2.129925452609158880e-03,0.000000000000000000e+00,0.000000000000000000e+00,0.000000000000000000e+00,0.000000000000000000e+00,4.259850905218317760e-03,2.129925452609158880e-03,0.000000000000000000e+00,1.064962726304579440e-03,3.194888178913737886e-03,3.823216187433439717e-01,2.023429179978700893e-02,1.043663471778487756e-01,0.000000000000000000e+00,2.129925452609158880e-03,5.324813631522896766e-03,4.259850905218317760e-03,0.000000000000000000e+00,1.224707135250266282e-01,2.097976570820021258e-01,0.000000000000000000e+00,3.194888178913737886e-03,1.064962726304579440e-03,1.064962726304579440e-03,3.194888178913737886e-03,1.597444089456868943e-02,4.259850905218317760e-03,2.129925452609158706e-02
1.083249749247743171e-01,0.000000000000000000e+00,2.206619859578736256e-02,1.865596790371113478e-01,5.215646940822467326e-02,8.224674022066198742e-02,3.009027081243730983e-03,0.000000000000000000e+00,2.006018054162487380e-02,5.616850551654965079e-02,1.705115346038114238e-02,1.805416248746238850e-02,8.024072216649949865e-03,6.519558676028083810e-02,0.000000000000000000e+00,1.905717151454363115e-02,1.404212637913741270e-02,2.407221664994984786e-02,0.000000000000000000e+00,0.000000000000000000e+00,2.908726178535606804e-02,9.027081243731194249e-03,1.003009027081243733e-03,1.705115346038114238e-02,6.318956870611835974e-02,2.006018054162487466e-03,4.212637913741223983e-02,1.103309929789368128e-02,6.018054162487462139e-02,0.000000000000000000e+00,5.015045135406218449e-03,0.000000000000000000e+00,8.024072216649949865e-03,4.613841524573721042e-02,2.006018054162487466e-03,0.000000000000000000e+00,0.000000000000000000e+00,0.000000000000000000e+00,0.000000000000000000e+00,0.000000000000000000e+00,0.000000000000000000e+00,1.003009027081243733e-03,0.000000000000000000e+00,0.000000000000000000e+00,0.000000000000000000e+00,0.000000000000000000e+00,0.000000000000000000e+00,4.012036108324974933e-03,0.000000000000000000e+00,0.000000000000000000e+00,3.009027081243730983e-03,0.000000000000000000e+00,0.000000000000000000e+00
0.000000000000000000e+00,3.456221198156682241e-03,1.152073732718894052e-02,6.221198156682027774e-02,3.110599078341013887e-02,2.073732718894009258e-02,1.036866359447004560e-01,1.036866359447004629e-02,0.000000000000000000e+00,4.608294930875576033e-03,0.000000000000000000e+00,0.000000000000000000e+00,3.571428571428571230e-02,0.000000000000000000e+00,1.152073732718894008e-03,0.000000000000000000e+00,1.002304147465437750e-01,1.497695852534562146e-02,3.456221198156682241e-03,0.000000000000000000e+00,5.069124423963133896e-02,1.612903225806451568e-02,2.304147465437788016e-03,6.912442396313364483e-03,4.608294930875576033e-03,0.000000000000000000e+00,0.000000000000000000e+00,6.566820276497695175e-02,0.000000000000000000e+00,2.880184331797235042e-02,9.216589861751152066e-03,6.912442396313364483e-03,0.000000000000000000e+00,2.419354838709677352e-02,7.027649769585253559e-02,0.000000000000000000e+00,0.000000000000000000e+00,0.000000000000000000e+00,0.000000000000000000e+00,0.000000000000000000e+00,2.188940092165898577e-01,0.000000000000000000e+00,0.000000000000000000e+00,2.304147465437788016e-03,0.000000000000000000e+00,3.456221198156682241e-03,0.000000000000000000e+00,0.000000000000000000e+00,4.608294930875576033e-03,5.645161290322580488e-02,1.728110599078341164e-02,5.760368663594470258e-03,2.304147465437788016e-03
2.380952380952380820e-02,0.000000000000000000e+00,2.164502164502164500e-03,6.926406926406926401e-02,0.000000000000000000e+00,2.164502164502164500e-03,3.398268398268398105e-01,6.493506493506492894e-02,2.164502164502164500e-03,0.000000000000000000e+00,8.658008658008658001e-03,0.000000000000000000e+00,2.597402597402597574e-02,4.329004329004328827e-02,2.164502164502164500e-03,0.000000000000000000e+00,3.030303030303030387e-02,2.164502164502164414e-02,0.000000000000000000e+00,2.380952380952380820e-02,4.761904761904761640e-02,2.813852813852813980e-02,0.000000000000000000e+00,0.000000000000000000e+00,2.380952380952380820e-02,2.164502164502164414e-02,0.000000000000000000e+00,0.000000000000000000e+00,0.000000000000000000e+00,4.761904761904761640e-02,0.000000000000000000e+00,0.000000000000000000e+00,0.000000000000000000e+00,1.298701298701298787e-02,0.000000000000000000e+00,0.000000000000000000e+00,1.038961038961039030e-01,0.000000000000000000e+00,0.000000000000000000e+00,0.000000000000000000e+00,8.658008658008658001e-03,0.000000000000000000e+00,0.000000000000000000e+00,0.000000000000000000e+00,0.000000000000000000e+00,6.493506493506493935e-03,0.000000000000000000e+00,0.000000000000000000e+00,0.000000000000000000e+00,0.000000000000000000e+00,2.164502164502164414e-02,1.731601731601731600e-02,0.000000000000000000e+00
4.966887417218543259e-03,0.000000000000000000e+00,8.278145695364239054e-03,4.966887417218543259e-03,2.649006622516556289e-02,1.821192052980132384e-02,6.953642384105959695e-02,3.311258278145695361e-03,0.000000000000000000e+00,3.311258278145695361e-03,0.000000000000000000e+00,6.456953642384105629e-02,8.278145695364239054e-03,7.947019867549669214e-02,1.655629139072847681e-03,1.456953642384105907e-01,0.000000000000000000e+00,1.986754966887417304e-02,0.000000000000000000e+00,0.000000000000000000e+00,0.000000000000000000e+00,1.158940397350993398e-02,3.311258278145695361e-03,0.000000000000000000e+00,1.158940397350993398e-02,2.500000000000000000e-01,4.966887417218543259e-03,0.000000000000000000e+00,0.000000000000000000e+00,6.622516556291390723e-03,0.000000000000000000e+00,0.000000000000000000e+00,8.443708609271523280e-02,6.622516556291390723e-03,0.000000000000000000e+00,0.000000000000000000e+00,1.490066225165562891e-02,0.000000000000000000e+00,0.000000000000000000e+00,0.000000000000000000e+00,0.000000000000000000e+00,1.092715231788079500e-01,0.000000000000000000e+00,0.000000000000000000e+00,0.000000000000000000e+00,3.807947019867549687e-02,0.000000000000000000e+00,0.000000000000000000e+00,0.000000000000000000e+00,0.000000000000000000e+00,0.000000000000000000e+00,0.000000000000000000e+00,0.000000000000000000e+00
6.518904823989569997e-02,1.564537157757496869e-02,1.303780964797913999e-02,9.126466753585396954e-03,1.160365058670143473e-01,1.173402868318122565e-02,3.911342894393742171e-03,1.303780964797913999e-02,0.000000000000000000e+00,1.303780964797913913e-03,4.823989569752281520e-02,0.000000000000000000e+00,3.911342894393742171e-03,7.561929595827901474e-02,0.000000000000000000e+00,2.542372881355932090e-01,0.000000000000000000e+00,3.650586701434158782e-02,1.303780964797913913e-03,0.000000000000000000e+00,0.000000000000000000e+00,1.303780964797913913e-03,1.303780964797913999e-01,2.607561929595827825e-03,9.126466753585396954e-03,3.911342894393741998e-02,1.043024771838331130e-02,0.000000000000000000e+00,1.825293350717079391e-02,0.000000000000000000e+00,2.607561929595827825e-03,0.000000000000000000e+00,9.126466753585397995e-02,6.518904823989569997e-03,0.000000000000000000e+00,0.000000000000000000e+00,0.000000000000000000e+00,0.000000000000000000e+00,0.000000000000000000e+00,0.000000000000000000e+00,0.000000000000000000e+00,1.825293350717079391e-02,0.000000000000000000e+00,0.000000000000000000e+00,0.000000000000000000e+00,0.000000000000000000e+00,0.000000000000000000e+00,0.000000000000000000e+00,0.000000000000000000e+00,0.000000000000000000e+00,1.303780964797913913e-03,0.000000000000000000e+00,0.000000000000000000e+00
4.458598726114649385e-02,0.000000000000000000e+00,9.872611464968153450e-02,1.385350318471337550e-01,1.433121019108280284e-02,1.751592356687898047e-02,1.114649681528662346e-02,4.458598726114649385e-02,5.732484076433121134e-02,4.936305732484076725e-02,3.184713375796178331e-02,3.184713375796178504e-03,0.000000000000000000e+00,6.369426751592357008e-03,1.273885350318471402e-02,0.000000000000000000e+00,1.273885350318471402e-02,1.273885350318471402e-02,0.000000000000000000e+00,3.184713375796178504e-03,3.662420382165604976e-02,7.961783439490445827e-03,0.000000000000000000e+00,2.866242038216560567e-02,1.433121019108280284e-02,3.184713375796178504e-03,2.229299363057324693e-02,4.617834394904458267e-02,1.273885350318471402e-02,2.229299363057324693e-02,2.547770700636942803e-02,1.592356687898089252e-03,6.369426751592357008e-03,3.184713375796178331e-02,1.592356687898089252e-03,0.000000000000000000e+00,4.777070063694267323e-03,0.000000000000000000e+00,0.000000000000000000e+00,2.547770700636942803e-02,1.592356687898089165e-02,3.184713375796178504e-03,2.707006369426751685e-02,2.707006369426751685e-02,0.000000000000000000e+00,0.000000000000000000e+00,0.000000000000000000e+00,3.821656050955413858e-02,1.114649681528662346e-02,9.554140127388534645e-03,1.433121019108280284e-02,0.000000000000000000e+00,3.184713375796178504e-03
1.612483745123537149e-01,0.000000000000000000e+00,2.600780234070221124e-03,1.300390117035110475e-02,1.300390117035110562e-03,1.300390117035110475e-02,2.600780234070220950e-02,1.417425227568270552e-01,0.000000000000000000e+00,3.901170351105331946e-02,2.340702210663199098e-02,7.802340702210663372e-03,1.170351105331599549e-02,0.000000000000000000e+00,0.000000000000000000e+00,0.000000000000000000e+00,3.901170351105331686e-03,1.690507152145643774e-02,1.300390117035110562e-03,0.000000000000000000e+00,2.600780234070221124e-03,5.201560468140442248e-03,2.600780234070221124e-03,3.901170351105331946e-02,9.882964889466840097e-02,7.802340702210663372e-03,2.730819245773732362e-01,0.000000000000000000e+00,1.040312093628088450e-02,0.000000000000000000e+00,1.300390117035110475e-02,2.600780234070221124e-03,1.820546163849154700e-02,1.560468140442132674e-02,0.000000000000000000e+00,0.000000000000000000e+00,2.600780234070221124e-03,0.000000000000000000e+00,1.820546163849154700e-02,0.000000000000000000e+00,0.000000000000000000e+00,1.690507152145643774e-02,0.000000000000000000e+00,0.000000000000000000e+00,0.000000000000000000e+00,1.300390117035110562e-03,0.000000000000000000e+00,7.802340702210663372e-03,0.000000000000000000e+00,1.300390117035110562e-03,0.000000000000000000e+00,0.000000000000000000e+00,0.000000000000000000e+00
2.941176470588235253e-02,4.705882352941176405e-02,1.490196078431372528e-01,8.039215686274510386e-02,9.411764705882352811e-02,1.568627450980392135e-02,7.843137254901960675e-03,3.137254901960784270e-02,4.705882352941176405e-02,1.372549019607843118e-02,8.627450980392156743e-02,7.843137254901960675e-03,9.803921568627450844e-03,8.039215686274510386e-02,0.000000000000000000e+00,1.137254901960784298e-01,2.745098039215686236e-02,3.921568627450980338e-03,0.000000000000000000e+00,0.000000000000000000e+00,3.921568627450980338e-03,1.568627450980392135e-02,2.352941176470588203e-02,0.000000000000000000e+00,9.803921568627450844e-03,9.803921568627450844e-03,7.843137254901960675e-03,5.882352941176470507e-03,0.000000000000000000e+00,1.176470588235294101e-02,3.921568627450980338e-03,0.000000000000000000e+00,1.372549019607843118e-02,0.000000000000000000e+00,1.176470588235294101e-02,0.000000000000000000e+00,7.843137254901960675e-03,0.000000000000000000e+00,0.000000000000000000e+00,3.921568627450980338e-03,1.960784313725490169e-03,1.960784313725490169e-02,0.000000000000000000e+00,0.000000000000000000e+00,0.000000000000000000e+00,3.921568627450980338e-03,0.000000000000000000e+00,0.000000000000000000e+00,0.000000000000000000e+00,0.000000000000000000e+00,0.000000000000000000e+00,0.000000000000000000e+00,0.000000000000000000e+00
1.322115384615384602e-02,1.201923076923076990e-02,0.000000000000000000e+00,0.000000000000000000e+00,1.923076923076923184e-02,4.807692307692307959e-03,2.403846153846153980e-03,6.009615384615384949e-03,0.000000000000000000e+00,0.000000000000000000e+00,1.093750000000000000e-01,3.605769230769230727e-01,0.000000000000000000e+00,3.605769230769230969e-03,0.000000000000000000e+00,0.000000000000000000e+00,0.000000000000000000e+00,9.615384615384615918e-03,0.000000000000000000e+00,0.000000000000000000e+00,0.000000000000000000e+00,0.000000000000000000e+00,2.524038461538461592e-02,3.485576923076923184e-02,1.201923076923076990e-03,4.807692307692307959e-03,2.019230769230769273e-01,0.000000000000000000e+00,4.807692307692307959e-03,0.000000000000000000e+00,1.201923076923076990e-03,0.000000000000000000e+00,1.274038461538461453e-01,0.000000000000000000e+00,0.000000000000000000e+00,0.000000000000000000e+00,0.000000000000000000e+00,0.000000000000000000e+00,1.322115384615384602e-02,0.000000000000000000e+00,0.000000000000000000e+00,1.562500000000000000e-02,0.000000000000000000e+00,0.000000000000000000e+00,0.000000000000000000e+00,0.000000000000000000e+00,0.000000000000000000e+00,2.884615384615384776e-02,0.000000000000000000e+00,0.000000000000000000e+00,0.000000000000000000e+00,0.000000000000000000e+00,0.000000000000000000e+00
1.646090534979424008e-02,1.234567901234567833e-02,8.230452674897120041e-03,1.234567901234567833e-02,1.371742112482853167e-02,6.721536351165981193e-02,1.234567901234567833e-02,1.920438957475994676e-02,2.222222222222222099e-01,1.371742112482853167e-02,0.000000000000000000e+00,0.000000000000000000e+00,1.234567901234567833e-02,0.000000000000000000e+00,0.000000000000000000e+00,0.000000000000000000e+00,0.000000000000000000e+00,2.331961591220850505e-02,0.000000000000000000e+00,1.371742112482853123e-03,2.661179698216735168e-01,0.000000000000000000e+00,0.000000000000000000e+00,2.331961591220850505e-02,1.234567901234567833e-02,0.000000000000000000e+00,0.000000000000000000e+00,2.098765432098765316e-01,1.097393689986282499e-02,2.743484224965706247e-03,2.743484224965706247e-03,1.371742112482853123e-03,0.000000000000000000e+00,2.331961591220850505e-02,5.486968449931412493e-03,0.000000000000000000e+00,0.000000000000000000e+00,0.000000000000000000e+00,0.000000000000000000e+00,0.000000000000000000e+00,0.000000000000000000e+00,0.000000000000000000e+00,0.000000000000000000e+00,0.000000000000000000e+00,0.000000000000000000e+00,0.000000000000000000e+00,0.000000000000000000e+00,0.000000000000000000e+00,0.000000000000000000e+00,5.486968449931412493e-03,1.371742112482853123e-03,0.000000000000000000e+00,0.000000000000000000e+00
1.836734693877551186e-02,2.040816326530612082e-02,3.061224489795918297e-02,4.081632653061224164e-02,1.836734693877551186e-02,5.918367346938775697e-02,1.224489795918367284e-02,3.673469387755102372e-02,2.857142857142857054e-02,1.428571428571428527e-02,2.244897959183673325e-02,5.306122448979591621e-02,3.061224489795918297e-02,2.040816326530612082e-02,1.020408163265306041e-02,1.428571428571428527e-02,3.061224489795918297e-02,0.000000000000000000e+00,4.081632653061224858e-03,8.163265306122449716e-03,2.653061224489795811e-02,1.020408163265306041e-02,1.836734693877551186e-02,1.836734693877551186e-02,2.857142857142857054e-02,1.224489795918367284e-02,3.061224489795918297e-02,1.224489795918367284e-02,2.653061224489795811e-02,1.224489795918367284e-02,4.081632653061224858e-03,2.040816326530612429e-03,2.040816326530612082e-02,1.632653061224489943e-02,2.040816326530612082e-02,6.122448979591836420e-03,1.428571428571428527e-02,8.163265306122449716e-03,4.693877551020408240e-02,1.224489795918367284e-02,2.040816326530612429e-03,1.020408163265306041e-02,6.122448979591836420e-03,1.020408163265306041e-02,6.122448979591836420e-03,6.122448979591836420e-03,6.122448979591836420e-03,1.836734693877551186e-02,6.122448979591836420e-03,2.040816326530612082e-02,8.163265306122449716e-03,4.081632653061224858e-03,7.551020408163265640e-02
0.000000000000000000e+00,1.091492776886035382e-01,2.568218298555377185e-02,2.728731942215088455e-02,1.990369181380417241e-01,2.086677367576244072e-02,4.815409309791332006e-03,4.815409309791332006e-03,4.815409309791332006e-03,3.210272873194221482e-03,3.210272873194221221e-02,5.296950240770465640e-02,4.815409309791332006e-03,2.247191011235954994e-02,0.000000000000000000e+00,1.139646869983948624e-01,3.210272873194221482e-03,1.123595505617977497e-02,0.000000000000000000e+00,1.605136436597110741e-03,1.605136436597110741e-03,3.210272873194221482e-03,8.186195826645265017e-02,0.000000000000000000e+00,0.000000000000000000e+00,4.815409309791332006e-03,1.717495987158908499e-01,3.370786516853932491e-02,0.000000000000000000e+00,0.000000000000000000e+00,1.926163723916532802e-02,0.000000000000000000e+00,3.210272873194221482e-03,0.000000000000000000e+00,1.605136436597110611e-02,1.605136436597110741e-03,0.000000000000000000e+00,0.000000000000000000e+00,3.210272873194221482e-03,0.000000000000000000e+00,0.000000000000000000e+00,1.444622792937399688e-02,0.000000000000000000e+00,0.000000000000000000e+00,0.000000000000000000e+00,0.000000000000000000e+00,0.000000000000000000e+00,0.000000000000000000e+00,0.000000000000000000e+00,0.000000000000000000e+00,3.210272873194221482e-03,0.000000000000000000e+00,0.000000000000000000e+00
9.487666034155597256e-03,0.000000000000000000e+00,5.692599620493358527e-03,2.030360531309297889e-01,3.795066413662239162e-03,0.000000000000000000e+00,1.897533206831119581e-03,8.538899430740037877e-02,1.897533206831119451e-02,1.518026565464895561e-01,1.138519924098671705e-02,3.795066413662239162e-03,4.364326375711574668e-02,7.969639468690702111e-02,0.000000000000000000e+00,1.897533206831119581e-03,3.225806451612903136e-02,1.518026565464895665e-02,0.000000000000000000e+00,0.000000000000000000e+00,8.349146110056926418e-02,0.000000000000000000e+00,0.000000000000000000e+00,0.000000000000000000e+00,6.831119544592030579e-02,0.000000000000000000e+00,1.233396584440227678e-01,4.364326375711574668e-02,0.000000000000000000e+00,0.000000000000000000e+00,1.897533206831119581e-03,0.000000000000000000e+00,0.000000000000000000e+00,0.000000000000000000e+00,0.000000000000000000e+00,0.000000000000000000e+00,1.897533206831119581e-03,0.000000000000000000e+00,0.000000000000000000e+00,0.000000000000000000e+00,0.000000000000000000e+00,3.795066413662239162e-03,1.897533206831119581e-03,0.000000000000000000e+00,0.000000000000000000e+00,0.000000000000000000e+00,0.000000000000000000e+00,1.897533206831119581e-03,0.000000000000000000e+00,1.897533206831119581e-03,0.000000000000000000e+00,0.000000000000000000e+00,0.000000000000000000e+00
2.210884353741496625e-02,1.360544217687074779e-02,6.802721088435373896e-03,7.653061224489796088e-02,2.551020408163265363e-02,2.380952380952380820e-02,4.761904761904761640e-02,3.401360544217687382e-02,1.904761904761904656e-01,5.612244897959183659e-02,0.000000000000000000e+00,0.000000000000000000e+00,1.020408163265306041e-02,1.700680272108843474e-03,0.000000000000000000e+00,0.000000000000000000e+00,3.231292517006802978e-01,3.231292517006802839e-02,1.700680272108843474e-03,0.000000000000000000e+00,0.000000000000000000e+00,1.700680272108843474e-03,1.700680272108843474e-03,0.000000000000000000e+00,1.530612244897959148e-02,0.000000000000000000e+00,0.000000000000000000e+00,6.122448979591836593e-02,0.000000000000000000e+00,0.000000000000000000e+00,3.401360544217686948e-03,0.000000000000000000e+00,0.000000000000000000e+00,3.231292517006802839e-02,1.020408163265306041e-02,0.000000000000000000e+00,0.000000000000000000e+00,0.000000000000000000e+00,0.000000000000000000e+00,0.000000000000000000e+00,0.000000000000000000e+00,0.000000000000000000e+00,0.000000000000000000e+00,0.000000000000000000e+00,0.000000000000000000e+00,0.000000000000000000e+00,0.000000000000000000e+00,0.000000000000000000e+00,0.000000000000000000e+00,6.802721088435373896e-03,0.000000000000000000e+00,1.700680272108843474e-03,0.000000000000000000e+00
2.141327623126338450e-03,1.070663811563169095e-02,1.327623126338329795e-01,3.854389721627408949e-02,7.708779443254817898e-02,4.282655246252676899e-03,5.139186295503211932e-02,2.141327623126338450e-03,2.141327623126338450e-03,0.000000000000000000e+00,2.141327623126338450e-03,0.000000000000000000e+00,6.423982869379014915e-03,6.423982869379014915e-03,5.139186295503211932e-02,0.000000000000000000e+00,0.000000000000000000e+00,6.423982869379014915e-03,4.282655246252676899e-03,2.141327623126338450e-03,0.000000000000000000e+00,0.000000000000000000e+00,0.000000000000000000e+00,2.783725910064239681e-02,0.000000000000000000e+00,0.000000000000000000e+00,1.070663811563169095e-02,1.498929336188436871e-02,1.284796573875802983e-02,1.927194860813704475e-02,3.426124197002141519e-02,1.927194860813704475e-02,0.000000000000000000e+00,6.423982869379014915e-03,3.854389721627408949e-02,0.000000000000000000e+00,2.141327623126338450e-03,2.355460385438972251e-02,0.000000000000000000e+00,8.993576017130620881e-02,2.141327623126338189e-02,0.000000000000000000e+00,1.713062098501070551e-01,2.141327623126338450e-03,0.000000000000000000e+00,8.565310492505353798e-03,0.000000000000000000e+00,1.498929336188436871e-02,4.282655246252676379e-02,6.423982869379014915e-03,4.282655246252676899e-03,0.000000000000000000e+00,2.783725910064239681e-02
1.939058171745152229e-02,3.878116343490304457e-02,0.000000000000000000e+00,2.770083102493074798e-03,3.878116343490304457e-02,3.047091412742382321e-02,4.432132963988919538e-01,0.000000000000000000e+00,2.770083102493074798e-03,0.000000000000000000e+00,2.770083102493074798e-03,6.371191135734072253e-02,1.385041551246537356e-02,5.540166204986149597e-03,0.000000000000000000e+00,4.155124653739612067e-02,0.000000000000000000e+00,1.385041551246537356e-02,1.939058171745152229e-02,0.000000000000000000e+00,0.000000000000000000e+00,3.324099722991689931e-02,0.000000000000000000e+00,0.000000000000000000e+00,0.000000000000000000e+00,2.770083102493074712e-02,0.000000000000000000e+00,0.000000000000000000e+00,0.000000000000000000e+00,1.662049861495844966e-02,0.000000000000000000e+00,0.000000000000000000e+00,1.108033240997229919e-02,2.770083102493074798e-03,0.000000000000000000e+00,0.000000000000000000e+00,1.108033240997229919e-02,2.770083102493074798e-03,0.000000000000000000e+00,0.000000000000000000e+00,0.000000000000000000e+00,1.385041551246537356e-02,0.000000000000000000e+00,0.000000000000000000e+00,0.000000000000000000e+00,7.479224376731301305e-02,0.000000000000000000e+00,0.000000000000000000e+00,0.000000000000000000e+00,0.000000000000000000e+00,5.540166204986149597e-03,6.371191135734072253e-02,0.000000000000000000e+00
3.156146179401993213e-02,2.491694352159468454e-02,3.322259136212624663e-03,4.485049833887043425e-02,3.654485049833887389e-02,1.661129568106312331e-03,3.322259136212624663e-03,1.495016611295681142e-02,1.993355481727574624e-02,4.983388704318936560e-03,6.644518272425249325e-03,3.322259136212624663e-03,8.471760797342192673e-02,2.325581395348837177e-02,0.000000000000000000e+00,1.661129568106312418e-02,1.495016611295681142e-02,1.328903654485049865e-02,4.983388704318936560e-03,3.322259136212624663e-03,1.661129568106312331e-03,3.986710963455149248e-02,0.000000000000000000e+00,0.000000000000000000e+00,4.983388704318936560e-03,1.162790697674418589e-02,4.485049833887043425e-02,1.827242524916943694e-02,6.312292358803986425e-02,3.322259136212624663e-03,1.162790697674418589e-02,0.000000000000000000e+00,6.644518272425249672e-02,3.488372093023255766e-02,5.647840531561462013e-02,6.644518272425249325e-03,4.983388704318936560e-03,6.644518272425249325e-03,4.983388704318936560e-03,1.162790697674418589e-02,8.305647840531562090e-03,5.647840531561462013e-02,9.966777408637873120e-03,9.966777408637873120e-03,0.000000000000000000e+00,3.322259136212624663e-03,0.000000000000000000e+00,6.644518272425249672e-02,1.328903654485049865e-02,4.651162790697674354e-02,3.654485049833887389e-02,0.000000000000000000e+00,0.000000000000000000e+00
2.239185750636132344e-01,2.798982188295165430e-02,1.017811704834605674e-02,1.119592875318066172e-01,2.544529262086513838e-02,7.633587786259541687e-03,2.035623409669211348e-02,1.170483460559796490e-01,0.000000000000000000e+00,1.603053435114503711e-01,2.290076335877862593e-02,1.272264631043256919e-02,2.544529262086514185e-03,1.297709923664122078e-01,0.000000000000000000e+00,1.017811704834605674e-02,5.089058524173028369e-03,4.071246819338422696e-02,0.000000000000000000e+00,0.000000000000000000e+00,1.526717557251908337e-02,0.000000000000000000e+00,0.000000000000000000e+00,0.000000000000000000e+00,0.000000000000000000e+00,0.000000000000000000e+00,0.000000000000000000e+00,0.000000000000000000e+00,1.272264631043256919e-02,0.000000000000000000e+00,2.544529262086514185e-03,0.000000000000000000e+00,1.526717557251908337e-02,2.290076335877862593e-02,0.000000000000000000e+00,0.000000000000000000e+00,0.000000000000000000e+00,0.000000000000000000e+00,0.000000000000000000e+00,0.000000000000000000e+00,0.000000000000000000e+00,2.544529262086514185e-03,0.000000000000000000e+00,0.000000000000000000e+00,0.000000000000000000e+00,0.000000000000000000e+00,0.000000000000000000e+00,0.000000000000000000e+00,0.000000000000000000e+00,0.000000000000000000e+00,0.000000000000000000e+00,0.000000000000000000e+00,0.000000000000000000e+00
2.638522427440633152e-03,2.638522427440633152e-03,1.319261213720316663e-02,2.638522427440633152e-03,2.638522427440633152e-03,0.000000000000000000e+00,3.430079155672823010e-02,2.638522427440633152e-03,0.000000000000000000e+00,5.277044854881266303e-03,1.635883905013192641e-01,0.000000000000000000e+00,1.319261213720316663e-02,7.124010554089710290e-02,6.068601583113456682e-02,8.970976253298153236e-02,0.000000000000000000e+00,2.638522427440633152e-03,5.277044854881266303e-03,1.055408970976253261e-02,0.000000000000000000e+00,0.000000000000000000e+00,2.638522427440633152e-03,2.638522427440633152e-03,0.000000000000000000e+00,0.000000000000000000e+00,2.638522427440633152e-03,0.000000000000000000e+00,0.000000000000000000e+00,0.000000000000000000e+00,7.915567282321900322e-03,2.638522427440633152e-03,2.638522427440633152e-03,5.277044854881266303e-03,0.000000000000000000e+00,0.000000000000000000e+00,6.860158311345646021e-02,0.000000000000000000e+00,0.000000000000000000e+00,2.216358839050131813e-01,0.000000000000000000e+00,1.846965699208443293e-02,5.013192612137203075e-02,2.638522427440633152e-03,0.000000000000000000e+00,9.762532981530343268e-02,0.000000000000000000e+00,1.583113456464380064e-02,0.000000000000000000e+00,0.000000000000000000e+00,0.000000000000000000e+00,0.000000000000000000e+00,1.583113456464380064e-02
1.823708206686929997e-02,2.228976697061803292e-02,4.052684903748733809e-03,2.127659574468085055e-02,3.039513677811550227e-02,3.039513677811550140e-03,7.092198581560283516e-03,9.625126646403242558e-02,0.000000000000000000e+00,0.000000000000000000e+00,2.228976697061803292e-02,5.065856129685916698e-02,3.242147922998987047e-02,1.509625126646403359e-01,0.000000000000000000e+00,1.590678824721377949e-01,0.000000000000000000e+00,1.823708206686929997e-02,1.013171225937183452e-03,0.000000000000000000e+00,0.000000000000000000e+00,2.026342451874366905e-03,0.000000000000000000e+00,1.317122593718338466e-02,1.114488348530901646e-02,9.118541033434649987e-03,0.000000000000000000e+00,0.000000000000000000e+00,6.079027355623100280e-03,0.000000000000000000e+00,1.418439716312056703e-02,2.026342451874366905e-03,9.523809523809523281e-02,0.000000000000000000e+00,1.013171225937183452e-03,0.000000000000000000e+00,1.013171225937183452e-03,0.000000000000000000e+00,8.206686930091185161e-02,0.000000000000000000e+00,0.000000000000000000e+00,5.167173252279635282e-02,0.000000000000000000e+00,0.000000000000000000e+00,0.000000000000000000e+00,2.026342451874366905e-03,0.000000000000000000e+00,6.889564336372847042e-02,0.000000000000000000e+00,0.000000000000000000e+00,3.039513677811550140e-03,0.000000000000000000e+00,0.000000000000000000e+00
5.641748942172073247e-03,6.488011283497883974e-02,4.231311706629055369e-03,3.949224259520451447e-02,1.410437235543018399e-02,4.231311706629054675e-02,8.462623413258110738e-03,4.231311706629054675e-02,9.449929478138223427e-02,0.000000000000000000e+00,0.000000000000000000e+00,0.000000000000000000e+00,3.949224259520451447e-02,1.410437235543018312e-03,0.000000000000000000e+00,0.000000000000000000e+00,2.496473906911142460e-01,1.269393511988716437e-02,0.000000000000000000e+00,0.000000000000000000e+00,4.231311706629054675e-02,0.000000000000000000e+00,0.000000000000000000e+00,1.410437235543018399e-02,0.000000000000000000e+00,0.000000000000000000e+00,0.000000000000000000e+00,0.000000000000000000e+00,2.256699576868829299e-02,0.000000000000000000e+00,4.231311706629055369e-03,2.820874471086036624e-03,0.000000000000000000e+00,1.410437235543018312e-03,6.488011283497883974e-02,0.000000000000000000e+00,0.000000000000000000e+00,0.000000000000000000e+00,9.308885754583920424e-02,0.000000000000000000e+00,0.000000000000000000e+00,0.000000000000000000e+00,0.000000000000000000e+00,0.000000000000000000e+00,0.000000000000000000e+00,0.000000000000000000e+00,0.000000000000000000e+00,4.231311706629055369e-03,0.000000000000000000e+00,1.311706629055006956e-01,0.000000000000000000e+00,0.000000000000000000e+00,0.000000000000000000e+00
1.825192802056555264e-01,5.398457583547557753e-02,2.570694087403599046e-02,4.884318766066837736e-02,6.169665809768637432e-02,6.169665809768637432e-02,7.712082262210796790e-03,5.398457583547557753e-02,7.712082262210796790e-03,1.799485861182519367e-02,1.285347043701799523e-02,1.799485861182519367e-02,3.598971722365038733e-02,2.570694087403598786e-03,0.000000000000000000e+00,0.000000000000000000e+00,0.000000000000000000e+00,1.028277634961439514e-02,0.000000000000000000e+00,0.000000000000000000e+00,1.285347043701799523e-02,2.313624678663239037e-02,3.084832904884318716e-02,1.619537275064267257e-01,1.542416452442159358e-02,0.000000000000000000e+00,1.799485861182519367e-02,3.598971722365038733e-02,0.000000000000000000e+00,5.141388174807197571e-03,2.570694087403598786e-03,1.028277634961439514e-02,0.000000000000000000e+00,1.285347043701799523e-02,1.285347043701799523e-02,0.000000000000000000e+00,0.000000000000000000e+00,0.000000000000000000e+00,1.799485861182519367e-02,0.000000000000000000e+00,0.000000000000000000e+00,7.712082262210796790e-03,0.000000000000000000e+00,0.000000000000000000e+00,0.000000000000000000e+00,0.000000000000000000e+00,0.000000000000000000e+00,7.712082262210796790e-03,0.000000000000000000e+00,0.000000000000000000e+00,1.799485861182519367e-02,5.141388174807197571e-03,0.000000000000000000e+00
3.690036900369003583e-03,1.476014760147601433e-02,9.594095940959410096e-02,1.845018450184501835e-02,0.000000000000000000e+00,0.000000000000000000e+00,5.166051660516605276e-02,0.000000000000000000e+00,8.118081180811807795e-02,8.487084870848708718e-02,0.000000000000000000e+00,0.000000000000000000e+00,3.690036900369003670e-02,2.583025830258302638e-02,9.963099630996309630e-02,0.000000000000000000e+00,0.000000000000000000e+00,1.845018450184501835e-02,2.583025830258302638e-02,1.476014760147601433e-02,0.000000000000000000e+00,0.000000000000000000e+00,7.380073800738007166e-03,0.000000000000000000e+00,0.000000000000000000e+00,0.000000000000000000e+00,0.000000000000000000e+00,0.000000000000000000e+00,0.000000000000000000e+00,0.000000000000000000e+00,0.000000000000000000e+00,3.690036900369003670e-02,0.000000000000000000e+00,1.107011070110701031e-02,7.380073800738007166e-03,0.000000000000000000e+00,6.273062730627305961e-02,3.690036900369003583e-03,0.000000000000000000e+00,1.291512915129151284e-01,2.583025830258302638e-02,0.000000000000000000e+00,5.166051660516605276e-02,1.107011070110701031e-02,3.690036900369003583e-03,7.749077490774908261e-02,0.000000000000000000e+00,0.000000000000000000e+00,0.000000000000000000e+00,0.000000000000000000e+00,0.000000000000000000e+00,0.000000000000000000e+00,0.000000000000000000e+00
0.000000000000000000e+00,1.435406698564593332e-02,4.306220095693780170e-02,8.133971291866028130e-02,9.569377990430621636e-03,0.000000000000000000e+00,1.435406698564593332e-02,0.000000000000000000e+00,2.870813397129186664e-02,0.000000000000000000e+00,4.784688995215310818e-03,4.784688995215310818e-03,1.196172248803827748e-01,9.569377990430621636e-03,3.827751196172248654e-02,9.569377990430621636e-03,1.435406698564593332e-02,2.870813397129186664e-02,0.000000000000000000e+00,4.784688995215310818e-03,4.784688995215310818e-03,2.392344497607655496e-02,0.000000000000000000e+00,0.000000000000000000e+00,0.000000000000000000e+00,1.435406698564593332e-02,9.569377990430621983e-02,2.870813397129186664e-02,4.784688995215310818e-03,2.392344497607655496e-02,0.000000000000000000e+00,0.000000000000000000e+00,0.000000000000000000e+00,0.000000000000000000e+00,1.913875598086124327e-02,0.000000000000000000e+00,0.000000000000000000e+00,0.000000000000000000e+00,1.387559808612440215e-01,1.913875598086124327e-02,1.913875598086124327e-02,9.090909090909091161e-02,0.000000000000000000e+00,0.000000000000000000e+00,0.000000000000000000e+00,0.000000000000000000e+00,4.784688995215310818e-03,6.220095693779904150e-02,4.784688995215310818e-03,1.435406698564593332e-02,0.000000000000000000e+00,4.784688995215310818e-03,0.000000000000000000e+00
1.951219512195121950e-02,3.902439024390243899e-02,1.000000000000000056e-01,1.219512195121951192e-01,5.609756097560975735e-02,1.463414634146341549e-02,0.000000000000000000e+00,1.219512195121951262e-02,1.195121951219512146e-01,2.439024390243902437e-03,2.682926829268292637e-02,4.878048780487804874e-03,7.317073170731707744e-03,1.463414634146341549e-02,0.000000000000000000e+00,3.170731707317073211e-02,8.048780487804878259e-02,1.463414634146341549e-02,0.000000000000000000e+00,0.000000000000000000e+00,9.756097560975609748e-03,4.878048780487804874e-03,0.000000000000000000e+00,0.000000000000000000e+00,0.000000000000000000e+00,0.000000000000000000e+00,8.048780487804878259e-02,1.731707317073170604e-01,2.439024390243902437e-03,2.439024390243902437e-03,9.756097560975609748e-03,0.000000000000000000e+00,4.878048780487804874e-03,0.000000000000000000e+00,2.439024390243902437e-03,0.000000000000000000e+00,0.000000000000000000e+00,0.000000000000000000e+00,0.000000000000000000e+00,2.439024390243902437e-03,2.439024390243902437e-03,7.317073170731707744e-03,0.000000000000000000e+00,0.000000000000000000e+00,0.000000000000000000e+00,0.000000000000000000e+00,0.000000000000000000e+00,9.756097560975609748e-03,0.000000000000000000e+00,2.195121951219512063e-02,0.000000000000000000e+00,0.000000000000000000e+00,0.000000000000000000e+00
1.724137931034482735e-02,5.172413793103448204e-03,1.724137931034482735e-03,1.724137931034482735e-03,5.862068965517241298e-02,5.172413793103448204e-03,1.206896551724137914e-02,6.896551724137930939e-03,0.000000000000000000e+00,3.448275862068965469e-03,1.103448275862068950e-01,8.620689655172414367e-02,1.379310344827586188e-02,4.655172413793103731e-02,0.000000000000000000e+00,8.448275862068965747e-02,0.000000000000000000e+00,1.379310344827586188e-02,0.000000000000000000e+00,0.000000000000000000e+00,0.000000000000000000e+00,0.000000000000000000e+00,1.724137931034482735e-02,1.034482758620689641e-01,3.448275862068965469e-03,7.068965517241379559e-02,1.379310344827586188e-01,0.000000000000000000e+00,6.896551724137930939e-03,0.000000000000000000e+00,5.172413793103448204e-03,0.000000000000000000e+00,0.000000000000000000e+00,5.172413793103448204e-03,0.000000000000000000e+00,0.000000000000000000e+00,1.206896551724137914e-02,0.000000000000000000e+00,0.000000000000000000e+00,1.034482758620689641e-02,0.000000000000000000e+00,7.931034482758621273e-02,0.000000000000000000e+00,0.000000000000000000e+00,0.000000000000000000e+00,0.000000000000000000e+00,0.000000000000000000e+00,6.206896551724137845e-02,0.000000000000000000e+00,0.000000000000000000e+00,1.896551724137931008e-02,0.000000000000000000e+00,0.000000000000000000e+00
3.746397694524495475e-02,2.593659942363112439e-02,3.746397694524495475e-02,7.780979827089337664e-02,4.899135446685878859e-02,8.645533141210375375e-03,1.440922190201729056e-02,1.729106628242075075e-02,5.187319884726224878e-02,3.458213256484150150e-02,1.152737752161383210e-02,2.881844380403458025e-03,1.325648414985590717e-01,3.746397694524495475e-02,0.000000000000000000e+00,1.440922190201729056e-02,1.729106628242075075e-02,1.152737752161383210e-02,2.017291066282420747e-02,2.881844380403458025e-03,1.152737752161383210e-02,3.746397694524495475e-02,2.881844380403458025e-03,1.440922190201729125e-01,1.440922190201729056e-02,5.763688760806916049e-03,0.000000000000000000e+00,1.152737752161383210e-02,2.881844380403458025e-03,2.017291066282420747e-02,2.881844380403458025e-03,2.881844380403458025e-03,0.000000000000000000e+00,0.000000000000000000e+00,2.881844380403458111e-02,0.000000000000000000e+00,0.000000000000000000e+00,0.000000000000000000e+00,0.000000000000000000e+00,2.881844380403458025e-03,2.881844380403458111e-02,1.440922190201729056e-02,0.000000000000000000e+00,0.000000000000000000e+00,0.000000000000000000e+00,5.763688760806916049e-03,0.000000000000000000e+00,0.000000000000000000e+00,0.000000000000000000e+00,2.881844380403458025e-03,4.899135446685878859e-02,0.000000000000000000e+00,5.763688760806916049e-03
0.000000000000000000e+00,5.187319884726224878e-02,8.645533141210375028e-02,2.881844380403458025e-03,6.051873198847262242e-02,2.017291066282420747e-02,2.305475504322766420e-02,0.000000000000000000e+00,1.469740634005763658e-01,0.000000000000000000e+00,0.000000000000000000e+00,0.000000000000000000e+00,2.881844380403458025e-03,8.645533141210375375e-03,3.458213256484150150e-02,5.763688760806916049e-03,1.440922190201729056e-02,2.593659942363112439e-02,0.000000000000000000e+00,0.000000000000000000e+00,0.000000000000000000e+00,1.440922190201729056e-02,2.881844380403458025e-03,6.628242074927953587e-02,0.000000000000000000e+00,5.763688760806916049e-03,1.440922190201729056e-02,1.268011527377521652e-01,5.763688760806916049e-03,1.152737752161383210e-02,2.593659942363112439e-02,0.000000000000000000e+00,0.000000000000000000e+00,2.881844380403458025e-03,0.000000000000000000e+00,5.763688760806916049e-03,0.000000000000000000e+00,1.152737752161383210e-02,5.763688760806916049e-03,5.763688760806916049e-03,4.322766570605187514e-02,0.000000000000000000e+00,1.440922190201729056e-02,0.000000000000000000e+00,0.000000000000000000e+00,0.000000000000000000e+00,2.881844380403458025e-03,2.881844380403458025e-03,9.798270893371757717e-02,3.458213256484150150e-02,1.440922190201729056e-02,0.000000000000000000e+00,0.000000000000000000e+00
0.000000000000000000e+00,0.000000000000000000e+00,0.000000000000000000e+00,0.000000000000000000e+00,0.000000000000000000e+00,0.000000000000000000e+00,0.000000000000000000e+00,0.000000000000000000e+00,0.000000000000000000e+00,0.000000000000000000e+00,0.000000000000000000e+00,0.000000000000000000e+00,0.000000000000000000e+00,0.000000000000000000e+00,0.000000000000000000e+00,0.000000000000000000e+00,0.000000000000000000e+00,1.461377870563674262e-02,2.212943632567849761e-01,1.586638830897703634e-01,0.000000000000000000e+00,0.000000000000000000e+00,0.000000000000000000e+00,8.350730688935281004e-03,0.000000000000000000e+00,0.000000000000000000e+00,0.000000000000000000e+00,0.000000000000000000e+00,0.000000000000000000e+00,0.000000000000000000e+00,0.000000000000000000e+00,1.670146137787056201e-02,0.000000000000000000e+00,0.000000000000000000e+00,0.000000000000000000e+00,0.000000000000000000e+00,4.175365344467640849e-02,1.837160751565762029e-01,0.000000000000000000e+00,0.000000000000000000e+00,0.000000000000000000e+00,0.000000000000000000e+00,0.000000000000000000e+00,1.482254697286012612e-01,0.000000000000000000e+00,0.000000000000000000e+00,1.189979123173277725e-01,0.000000000000000000e+00,0.000000000000000000e+00,0.000000000000000000e+00,8.350730688935281004e-03,3.549060542797494860e-02,4.384133611691023308e-02
0.000000000000000000e+00,0.000000000000000000e+00,0.000000000000000000e+00,0.000000000000000000e+00,0.000000000000000000e+00,0.000000000000000000e+00,0.000000000000000000e+00,0.000000000000000000e+00,0.000000000000000000e+00,1.281138790035587227e-01,1.067615658362989356e-02,0.000000000000000000e+00,7.117437722419928461e-03,3.558718861209964231e-03,2.846975088967971385e-02,7.117437722419928461e-03,0.000000000000000000e+00,7.117437722419928461e-03,9.252669039145906826e-02,4.021352313167259607e-01,0.000000000000000000e+00,0.000000000000000000e+00,0.000000000000000000e+00,7.117437722419928461e-03,0.000000000000000000e+00,0.000000000000000000e+00,0.000000000000000000e+00,0.000000000000000000e+00,0.000000000000000000e+00,3.558718861209964231e-03,3.558718861209964231e-03,7.117437722419928461e-03,3.558718861209964231e-03,3.558718861209964231e-03,0.000000000000000000e+00,4.270462633451957424e-02,0.000000000000000000e+00,1.423487544483985692e-02,0.000000000000000000e+00,7.117437722419928461e-03,0.000000000000000000e+00,0.000000000000000000e+00,3.558718861209964231e-03,1.067615658362989356e-01,8.896797153024911531e-02,0.000000000000000000e+00,1.067615658362989356e-02,0.000000000000000000e+00,0.000000000000000000e+00,0.000000000000000000e+00,3.558718861209964231e-03,0.000000000000000000e+00,7.117437722419928461e-03
0.000000000000000000e+00,0.000000000000000000e+00,0.000000000000000000e+00,0.000000000000000000e+00,0.000000000000000000e+00,0.000000000000000000e+00,3.048780487804878155e-03,0.000000000000000000e+00,0.000000000000000000e+00,0.000000000000000000e+00,0.000000000000000000e+00,0.000000000000000000e+00,0.000000000000000000e+00,0.000000000000000000e+00,8.536585365853659180e-02,0.000000000000000000e+00,0.000000000000000000e+00,9.146341463414633596e-03,4.298780487804877981e-01,4.878048780487805047e-02,0.000000000000000000e+00,3.048780487804878155e-03,0.000000000000000000e+00,0.000000000000000000e+00,0.000000000000000000e+00,0.000000000000000000e+00,0.000000000000000000e+00,0.000000000000000000e+00,0.000000000000000000e+00,0.000000000000000000e+00,9.146341463414633596e-03,5.182926829268292429e-02,0.000000000000000000e+00,0.000000000000000000e+00,0.000000000000000000e+00,6.707317073170732113e-02,0.000000000000000000e+00,0.000000000000000000e+00,0.000000000000000000e+00,0.000000000000000000e+00,0.000000000000000000e+00,3.048780487804878155e-03,3.048780487804878155e-03,1.524390243902438991e-02,3.048780487804878155e-03,3.658536585365853439e-02,3.048780487804877981e-02,3.048780487804878155e-03,9.146341463414633596e-03,0.000000000000000000e+00,6.097560975609756309e-03,1.768292682926829174e-01,6.097560975609756309e-03
2.139037433155080090e-02,1.229946524064171182e-01,5.347593582887700224e-03,1.069518716577540079e-01,1.354723707664884091e-01,2.317290552584670357e-02,5.347593582887700224e-03,7.843137254901960675e-02,1.960784313725490169e-02,0.000000000000000000e+00,1.426024955436720060e-02,1.782531194295900075e-03,4.991087344028520556e-02,1.604278074866310327e-02,0.000000000000000000e+00,1.604278074866310327e-02,1.069518716577540045e-02,1.960784313725490169e-02,0.000000000000000000e+00,0.000000000000000000e+00,1.069518716577540045e-02,2.139037433155080090e-02,0.000000000000000000e+00,1.960784313725490169e-02,0.000000000000000000e+00,0.000000000000000000e+00,8.912655971479501241e-03,1.960784313725490169e-02,3.386809269162210229e-02,1.782531194295900075e-03,1.604278074866310327e-02,1.782531194295900075e-03,4.099821746880570605e-02,0.000000000000000000e+00,3.743315508021390070e-02,0.000000000000000000e+00,0.000000000000000000e+00,0.000000000000000000e+00,0.000000000000000000e+00,0.000000000000000000e+00,5.347593582887700224e-03,3.386809269162210229e-02,0.000000000000000000e+00,1.782531194295900075e-03,0.000000000000000000e+00,0.000000000000000000e+00,1.782531194295900075e-03,7.308377896613191260e-02,1.782531194295900075e-03,1.960784313725490169e-02,3.565062388591800149e-03,0.000000000000000000e+00,0.000000000000000000e+00
0.000000000000000000e+00,0.000000000000000000e+00,0.000000000000000000e+00,0.000000000000000000e+00,3.636363636363636360e-03,0.000000000000000000e+00,1.090909090909090995e-02,0.000000000000000000e+00,0.000000000000000000e+00,0.000000000000000000e+00,2.545454545454545539e-02,0.000000000000000000e+00,1.454545454545454544e-02,3.636363636363636360e-03,3.636363636363636465e-01,0.000000000000000000e+00,0.000000000000000000e+00,1.090909090909090995e-02,1.090909090909090995e-02,2.181818181818181990e-02,0.000000000000000000e+00,3.636363636363636360e-03,0.000000000000000000e+00,1.818181818181818094e-02,0.000000000000000000e+00,5.454545454545454281e-02,0.000000000000000000e+00,0.000000000000000000e+00,0.000000000000000000e+00,5.454545454545454281e-02,1.454545454545454544e-02,8.000000000000000167e-02,0.000000000000000000e+00,0.000000000000000000e+00,0.000000000000000000e+00,0.000000000000000000e+00,3.272727272727272985e-02,7.272727272727272721e-03,0.000000000000000000e+00,0.000000000000000000e+00,0.000000000000000000e+00,0.000000000000000000e+00,1.818181818181818232e-01,5.090909090909091078e-02,0.000000000000000000e+00,3.272727272727272985e-02,0.000000000000000000e+00,0.000000000000000000e+00,3.636363636363636360e-03,0.000000000000000000e+00,0.000000000000000000e+00,0.000000000000000000e+00,0.000000000000000000e+00
0.000000000000000000e+00,0.000000000000000000e+00,5.865102639296187678e-03,8.797653958944282385e-03,0.000000000000000000e+00,0.000000000000000000e+00,1.759530791788856477e-02,0.000000000000000000e+00,1.466275659824047006e-01,0.000000000000000000e+00,0.000000000000000000e+00,0.000000000000000000e+00,8.797653958944282385e-03,0.000000000000000000e+00,1.583577712609970656e-01,0.000000000000000000e+00,1.759530791788856477e-02,2.346041055718475071e-02,8.797653958944282385e-03,2.932551319648093839e-03,0.000000000000000000e+00,0.000000000000000000e+00,0.000000000000000000e+00,1.173020527859237536e-02,0.000000000000000000e+00,0.000000000000000000e+00,0.000000000000000000e+00,1.466275659824047006e-02,0.000000000000000000e+00,6.451612903225806273e-02,0.000000000000000000e+00,1.026392961876832904e-01,0.000000000000000000e+00,0.000000000000000000e+00,2.932551319648093839e-03,1.173020527859237536e-02,0.000000000000000000e+00,3.225806451612903136e-02,0.000000000000000000e+00,0.000000000000000000e+00,0.000000000000000000e+00,0.000000000000000000e+00,3.225806451612903136e-02,2.346041055718475071e-02,5.865102639296187678e-03,2.932551319648093839e-03,0.000000000000000000e+00,0.000000000000000000e+00,2.785923753665688896e-01,1.173020527859237536e-02,5.865102639296187678e-03,0.000000000000000000e+00,0.000000000000000000e+00
9.708737864077669061e-03,4.854368932038834530e-03,3.155339805825242705e-02,0.000000000000000000e+00,5.582524271844660491e-02,9.708737864077669061e-03,1.213592233009708719e-02,0.000000000000000000e+00,0.000000000000000000e+00,0.000000000000000000e+00,1.601941747572815655e-01,1.941747572815533812e-02,7.281553398058252663e-03,7.281553398058252663e-03,9.708737864077669061e-03,4.368932038834951598e-02,0.000000000000000000e+00,1.456310679611650533e-02,2.427184466019417265e-03,2.427184466019417265e-03,0.000000000000000000e+00,0.000000000000000000e+00,4.854368932038834530e-03,4.126213592233009958e-02,0.000000000000000000e+00,2.669902912621359078e-02,2.063106796116504771e-01,4.854368932038834530e-03,9.708737864077669061e-03,0.000000000000000000e+00,2.912621359223301065e-02,0.000000000000000000e+00,1.699029126213592172e-02,0.000000000000000000e+00,2.184466019417475799e-02,0.000000000000000000e+00,0.000000000000000000e+00,2.427184466019417265e-03,0.000000000000000000e+00,6.067961165048543770e-02,0.000000000000000000e+00,0.000000000000000000e+00,8.495145631067961556e-02,4.854368932038834530e-03,2.427184466019417265e-03,2.669902912621359078e-02,0.000000000000000000e+00,4.611650485436893238e-02,2.427184466019417265e-03,0.000000000000000000e+00,1.213592233009708719e-02,0.000000000000000000e+00,4.854368932038834530e-03
0.000000000000000000e+00,0.000000000000000000e+00,0.000000000000000000e+00,0.000000000000000000e+00,0.000000000000000000e+00,0.000000000000000000e+00,3.521126760563380361e-03,0.000000000000000000e+00,0.000000000000000000e+00,0.000000000000000000e+00,0.000000000000000000e+00,0.000000000000000000e+00,0.000000000000000000e+00,0.000000000000000000e+00,3.802816901408450634e-01,0.000000000000000000e+00,0.000000000000000000e+00,1.760563380281690224e-02,7.042253521126760722e-03,3.521126760563380361e-03,0.000000000000000000e+00,7.042253521126760722e-03,0.000000000000000000e+00,7.042253521126760722e-03,0.000000000000000000e+00,0.000000000000000000e+00,3.521126760563380361e-03,0.000000000000000000e+00,0.000000000000000000e+00,1.408450704225352144e-02,0.000000000000000000e+00,2.781690140845070602e-01,0.000000000000000000e+00,0.000000000000000000e+00,3.521126760563380361e-03,0.000000000000000000e+00,3.521126760563380361e-03,3.521126760563380361e-03,3.521126760563380361e-03,5.281690140845070325e-02,1.760563380281690224e-02,1.056338028169014065e-02,0.000000000000000000e+00,0.000000000000000000e+00,0.000000000000000000e+00,1.056338028169014065e-02,1.690140845070422504e-01,3.521126760563380361e-03,0.000000000000000000e+00,0.000000000000000000e+00,0.000000000000000000e+00,0.000000000000000000e+00,0.000000000000000000e+00
0.000000000000000000e+00,0.000000000000000000e+00,5.970149253731343343e-03,5.970149253731343343e-03,0.000000000000000000e+00,0.000000000000000000e+00,2.985074626865671672e-03,0.000000000000000000e+00,0.000000000000000000e+00,0.000000000000000000e+00,0.000000000000000000e+00,0.000000000000000000e+00,3.283582089552238709e-02,0.000000000000000000e+00,2.388059701492537337e-02,0.000000000000000000e+00,0.000000000000000000e+00,1.492537313432835792e-02,7.164179104477612359e-02,4.238805970149253644e-01,0.000000000000000000e+00,0.000000000000000000e+00,0.000000000000000000e+00,0.000000000000000000e+00,0.000000000000000000e+00,0.000000000000000000e+00,0.000000000000000000e+00,0.000000000000000000e+00,0.000000000000000000e+00,5.970149253731343343e-03,5.970149253731343343e-03,7.462686567164178442e-02,0.000000000000000000e+00,0.000000000000000000e+00,0.000000000000000000e+00,3.582089552238806179e-02,1.283582089552238736e-01,1.791044776119403090e-02,0.000000000000000000e+00,2.985074626865671672e-03,0.000000000000000000e+00,0.000000000000000000e+00,0.000000000000000000e+00,0.000000000000000000e+00,0.000000000000000000e+00,0.000000000000000000e+00,9.850746268656716820e-02,5.970149253731343343e-03,1.194029850746268669e-02,2.985074626865671672e-03,8.955223880597015448e-03,0.000000000000000000e+00,1.791044776119403090e-02
0.000000000000000000e+00,0.000000000000000000e+00,0.000000000000000000e+00,0.000000000000000000e+00,0.000000000000000000e+00,0.000000000000000000e+00,3.597122302158273568e-03,0.000000000000000000e+00,0.000000000000000000e+00,0.000000000000000000e+00,0.000000000000000000e+00,0.000000000000000000e+00,0.000000000000000000e+00,0.000000000000000000e+00,0.000000000000000000e+00,0.000000000000000000e+00,0.000000000000000000e+00,2.158273381294964141e-02,2.661870503597122406e-01,2.374100719424460382e-01,0.000000000000000000e+00,0.000000000000000000e+00,0.000000000000000000e+00,3.597122302158273568e-03,0.000000000000000000e+00,0.000000000000000000e+00,0.000000000000000000e+00,0.000000000000000000e+00,0.000000000000000000e+00,0.000000000000000000e+00,0.000000000000000000e+00,7.194244604316547137e-03,0.000000000000000000e+00,0.000000000000000000e+00,0.000000000000000000e+00,1.474820143884892076e-01,5.395683453237409832e-02,8.273381294964028687e-02,0.000000000000000000e+00,0.000000000000000000e+00,0.000000000000000000e+00,0.000000000000000000e+00,3.597122302158273568e-03,6.834532374100719954e-02,0.000000000000000000e+00,1.079136690647482071e-02,2.517985611510791324e-02,0.000000000000000000e+00,0.000000000000000000e+00,0.000000000000000000e+00,7.194244604316547137e-03,2.517985611510791324e-02,3.597122302158273222e-02
0.000000000000000000e+00,0.000000000000000000e+00,0.000000000000000000e+00,0.000000000000000000e+00,0.000000000000000000e+00,0.000000000000000000e+00,4.854368932038834530e-03,0.000000000000000000e+00,0.000000000000000000e+00,0.000000000000000000e+00,0.000000000000000000e+00,0.000000000000000000e+00,0.000000000000000000e+00,0.000000000000000000e+00,9.223300970873786475e-02,0.000000000000000000e+00,0.000000000000000000e+00,9.708737864077669061e-03,3.592233009708737934e-01,4.854368932038834877e-02,0.000000000000000000e+00,0.000000000000000000e+00,4.854368932038834530e-03,4.854368932038834530e-03,0.000000000000000000e+00,4.854368932038834530e-03,0.000000000000000000e+00,0.000000000000000000e+00,0.000000000000000000e+00,0.000000000000000000e+00,4.854368932038834530e-03,0.000000000000000000e+00,0.000000000000000000e+00,0.000000000000000000e+00,0.000000000000000000e+00,1.941747572815533812e-02,3.883495145631067624e-02,9.223300970873786475e-02,0.000000000000000000e+00,0.000000000000000000e+00,0.000000000000000000e+00,4.854368932038834530e-03,9.708737864077669061e-03,2.912621359223301065e-02,2.135922330097087263e-01,0.000000000000000000e+00,0.000000000000000000e+00,0.000000000000000000e+00,0.000000000000000000e+00,0.000000000000000000e+00,1.456310679611650533e-02,4.368932038834951598e-02,0.000000000000000000e+00
0.000000000000000000e+00,0.000000000000000000e+00,0.000000000000000000e+00,3.906250000000000000e-03,0.000000000000000000e+00,0.000000000000000000e+00,0.000000000000000000e+00,0.000000000000000000e+00,0.000000000000000000e+00,0.000000000000000000e+00,0.000000000000000000e+00,0.000000000000000000e+00,0.000000000000000000e+00,0.000000000000000000e+00,5.468750000000000000e-02,0.000000000000000000e+00,0.000000000000000000e+00,0.000000000000000000e+00,1.640625000000000000e-01,1.132812500000000000e-01,0.000000000000000000e+00,0.000000000000000000e+00,0.000000000000000000e+00,0.000000000000000000e+00,0.000000000000000000e+00,3.906250000000000000e-03,0.000000000000000000e+00,0.000000000000000000e+00,0.000000000000000000e+00,0.000000000000000000e+00,7.812500000000000000e-03,3.554687500000000000e-01,0.000000000000000000e+00,0.000000000000000000e+00,0.000000000000000000e+00,0.000000000000000000e+00,3.906250000000000000e-03,9.375000000000000000e-02,3.906250000000000000e-03,0.000000000000000000e+00,7.812500000000000000e-03,0.000000000000000000e+00,3.125000000000000000e-02,6.250000000000000000e-02,0.000000000000000000e+00,0.000000000000000000e+00,0.000000000000000000e+00,0.000000000000000000e+00,1.562500000000000000e-02,0.000000000000000000e+00,3.515625000000000000e-02,2.734375000000000000e-02,1.562500000000000000e-02
2.932551319648093839e-03,5.865102639296187678e-03,2.932551319648093839e-03,2.346041055718475071e-02,8.797653958944282385e-03,5.865102639296187678e-03,8.797653958944282385e-03,2.052785923753665601e-02,0.000000000000000000e+00,2.932551319648093839e-03,6.744868035190615396e-02,1.759530791788856477e-02,2.346041055718475071e-02,3.812316715542522078e-02,8.797653958944282385e-03,8.797653958944282385e-03,0.000000000000000000e+00,1.759530791788856477e-02,0.000000000000000000e+00,0.000000000000000000e+00,0.000000000000000000e+00,1.466275659824047006e-02,2.932551319648093839e-03,1.818181818181818232e-01,0.000000000000000000e+00,1.466275659824047006e-02,1.143695014662756554e-01,2.932551319648093839e-03,5.865102639296187678e-03,5.865102639296187678e-03,3.225806451612903136e-02,2.932551319648093839e-03,1.260997067448680342e-01,2.932551319648093839e-03,5.865102639296187678e-03,0.000000000000000000e+00,1.173020527859237536e-02,0.000000000000000000e+00,3.225806451612903136e-02,2.639296187683284542e-02,0.000000000000000000e+00,4.398826979472141019e-02,5.865102639296188025e-02,8.797653958944282385e-03,0.000000000000000000e+00,0.000000000000000000e+00,8.797653958944282385e-03,0.000000000000000000e+00,2.932551319648093839e-03,2.932551319648093839e-03,2.052785923753665601e-02,0.000000000000000000e+00,5.865102639296187678e-03
0.000000000000000000e+00,0.000000000000000000e+00,0.000000000000000000e+00,0.000000000000000000e+00,0.000000000000000000e+00,0.000000000000000000e+00,8.849557522123893682e-03,0.000000000000000000e+00,2.654867256637168105e-02,0.000000000000000000e+00,0.000000000000000000e+00,0.000000000000000000e+00,0.000000000000000000e+00,0.000000000000000000e+00,2.123893805309734484e-01,0.000000000000000000e+00,0.000000000000000000e+00,1.327433628318584052e-02,0.000000000000000000e+00,0.000000000000000000e+00,0.000000000000000000e+00,0.000000000000000000e+00,0.000000000000000000e+00,4.424778761061946841e-03,0.000000000000000000e+00,0.000000000000000000e+00,0.000000000000000000e+00,0.000000000000000000e+00,0.000000000000000000e+00,4.424778761061946841e-03,4.424778761061946841e-03,3.938053097345132758e-01,0.000000000000000000e+00,0.000000000000000000e+00,1.769911504424778736e-02,0.000000000000000000e+00,0.000000000000000000e+00,2.654867256637168105e-02,0.000000000000000000e+00,0.000000000000000000e+00,1.017699115044247843e-01,0.000000000000000000e+00,4.424778761061946841e-03,4.424778761061946841e-03,0.000000000000000000e+00,0.000000000000000000e+00,1.681415929203539938e-01,0.000000000000000000e+00,0.000000000000000000e+00,0.000000000000000000e+00,8.849557522123893682e-03,0.000000000000000000e+00,0.000000000000000000e+00
0.000000000000000000e+00,0.000000000000000000e+00,7.604562737642585508e-03,3.802281368821292667e-02,3.802281368821292754e-03,1.140684410646387870e-02,1.901140684410646334e-02,3.802281368821292754e-03,1.026615969581749083e-01,0.000000000000000000e+00,0.000000000000000000e+00,0.000000000000000000e+00,1.520912547528517102e-02,0.000000000000000000e+00,0.000000000000000000e+00,0.000000000000000000e+00,1.901140684410646334e-02,1.140684410646387870e-02,0.000000000000000000e+00,0.000000000000000000e+00,2.661596958174904798e-02,3.802281368821292754e-03,0.000000000000000000e+00,1.901140684410646264e-01,0.000000000000000000e+00,0.000000000000000000e+00,0.000000000000000000e+00,2.775665399239543585e-01,1.140684410646387870e-02,0.000000000000000000e+00,3.802281368821292754e-03,3.802281368821292754e-03,0.000000000000000000e+00,7.604562737642585508e-03,3.422053231939163609e-02,0.000000000000000000e+00,0.000000000000000000e+00,0.000000000000000000e+00,3.802281368821292754e-03,0.000000000000000000e+00,7.224334600760455583e-02,0.000000000000000000e+00,3.802281368821292754e-03,3.802281368821292754e-03,3.802281368821292754e-03,3.802281368821292754e-03,0.000000000000000000e+00,7.604562737642585508e-03,6.844106463878327218e-02,0.000000000000000000e+00,3.802281368821292667e-02,0.000000000000000000e+00,3.802281368821292754e-03
0.000000000000000000e+00,0.000000000000000000e+00,1.388888888888888812e-02,1.851851851851851749e-02,1.388888888888888812e-02,9.259259259259258745e-03,0.000000000000000000e+00,4.629629629629629373e-03,5.092592592592592310e-02,4.166666666666666435e-02,0.000000000000000000e+00,0.000000000000000000e+00,2.777777777777777624e-02,9.259259259259258745e-03,0.000000000000000000e+00,1.388888888888888812e-02,0.000000000000000000e+00,1.851851851851851749e-02,2.777777777777777624e-02,4.629629629629629373e-03,0.000000000000000000e+00,9.259259259259258745e-03,4.629629629629629373e-03,1.296296296296296224e-01,0.000000000000000000e+00,1.388888888888888812e-02,1.851851851851851749e-02,1.388888888888888812e-02,3.240740740740740561e-02,9.259259259259258745e-03,2.314814814814814686e-02,4.629629629629629373e-03,1.851851851851851749e-02,6.944444444444444753e-02,1.388888888888888812e-02,3.240740740740740561e-02,4.629629629629629373e-03,0.000000000000000000e+00,9.259259259259258745e-03,4.629629629629629373e-03,9.259259259259258745e-03,0.000000000000000000e+00,4.629629629629629373e-03,4.629629629629629373e-03,4.629629629629629373e-03,0.000000000000000000e+00,9.259259259259258745e-02,4.166666666666666435e-02,9.259259259259258745e-03,2.777777777777777624e-02,0.000000000000000000e+00,6.944444444444444753e-02,6.944444444444444753e-02
5.952380952380952051e-03,4.761904761904761640e-02,3.571428571428571230e-02,1.190476190476190410e-02,1.190476190476190410e-02,4.761904761904761640e-02,8.928571428571428770e-02,5.952380952380952051e-03,0.000000000000000000e+00,4.166666666666666435e-02,2.380952380952380820e-02,4.166666666666666435e-02,0.000000000000000000e+00,1.785714285714285615e-02,0.000000000000000000e+00,4.166666666666666435e-02,0.000000000000000000e+00,3.571428571428571230e-02,3.571428571428571230e-02,1.190476190476190410e-02,5.952380952380952051e-03,1.190476190476190410e-02,2.321428571428571508e-01,0.000000000000000000e+00,0.000000000000000000e+00,5.952380952380952051e-03,0.000000000000000000e+00,0.000000000000000000e+00,0.000000000000000000e+00,0.000000000000000000e+00,2.380952380952380820e-02,0.000000000000000000e+00,0.000000000000000000e+00,0.000000000000000000e+00,0.000000000000000000e+00,4.166666666666666435e-02,0.000000000000000000e+00,6.547619047619047949e-02,0.000000000000000000e+00,0.000000000000000000e+00,0.000000000000000000e+00,0.000000000000000000e+00,0.000000000000000000e+00,0.000000000000000000e+00,5.952380952380952051e-03,0.000000000000000000e+00,0.000000000000000000e+00,0.000000000000000000e+00,5.952380952380952051e-03,0.000000000000000000e+00,9.523809523809523281e-02,0.000000000000000000e+00,0.000000000000000000e+00
2.521008403361344602e-02,1.680672268907562952e-02,3.361344537815125905e-02,0.000000000000000000e+00,0.000000000000000000e+00,1.680672268907562952e-02,0.000000000000000000e+00,2.521008403361344602e-02,1.680672268907562952e-02,8.403361344537814762e-03,1.680672268907562952e-02,2.521008403361344602e-02,0.000000000000000000e+00,0.000000000000000000e+00,8.403361344537814762e-03,8.403361344537814762e-03,0.000000000000000000e+00,1.680672268907562952e-02,2.436974789915966333e-01,8.403361344537815802e-02,8.403361344537814762e-03,0.000000000000000000e+00,8.403361344537814762e-03,0.000000000000000000e+00,0.000000000000000000e+00,0.000000000000000000e+00,0.000000000000000000e+00,0.000000000000000000e+00,0.000000000000000000e+00,0.000000000000000000e+00,0.000000000000000000e+00,0.000000000000000000e+00,0.000000000000000000e+00,0.000000000000000000e+00,0.000000000000000000e+00,2.521008403361344602e-02,1.680672268907562952e-02,7.563025210084033112e-02,0.000000000000000000e+00,8.403361344537814762e-03,0.000000000000000000e+00,0.000000000000000000e+00,0.000000000000000000e+00,5.882352941176470507e-02,8.403361344537814762e-03,8.403361344537814762e-03,1.932773109243697551e-01,0.000000000000000000e+00,0.000000000000000000e+00,0.000000000000000000e+00,2.521008403361344602e-02,1.680672268907562952e-02,0.000000000000000000e+00
