0.000000000000000000e+00,2.838709677419355010e-02,1.096774193548387052e-02,6.322580645161290924e-02,3.677419354838709631e-02,2.903225806451613031e-02,7.806451612903225756e-02,2.516129032258064557e-02,0.000000000000000000e+00,2.322580645161290494e-02,8.387096774193547946e-03,1.483870967741935526e-02,5.677419354838710019e-02,7.290322580645161588e-02,1.290322580645161289e-03,2.838709677419355010e-02,3.225806451612903223e-03,1.612903225806451568e-02,2.580645161290322578e-03,3.225806451612903223e-03,0.000000000000000000e+00,9.161290322580645240e-02,3.225806451612903223e-03,9.677419354838710103e-03,1.548387096774193547e-02,4.516129032258064252e-02,3.225806451612903223e-03,0.000000000000000000e+00,1.096774193548387052e-02,1.006451612903225823e-01,2.000000000000000042e-02,6.451612903225806446e-04,8.387096774193547946e-03,7.935483870967742492e-02,9.677419354838710103e-03,0.000000000000000000e+00,2.129032258064516084e-02,0.000000000000000000e+00,0.000000000000000000e+00,5.806451612903226235e-03,1.225806451612903268e-02,1.225806451612903268e-02,0.000000000000000000e+00,6.451612903225806446e-04,0.000000000000000000e+00,3.806451612903225673e-02,0.000000000000000000e+00,0.000000000000000000e+00,0.000000000000000000e+00,0.000000000000000000e+00,1.935483870967741934e-03,4.516129032258064946e-03,2.580645161290322578e-03
6.430868167202571928e-02,0.000000000000000000e+00,1.607717041800643121e-01,1.446945337620578718e-02,7.797427652733118775e-02,1.881028938906752490e-01,6.430868167202572275e-03,1.205787781350482236e-02,2.331189710610932428e-02,4.019292604501607455e-03,1.768488745980707419e-02,6.832797427652732847e-02,7.234726688102893592e-03,4.019292604501607455e-03,0.000000000000000000e+00,2.411575562700964820e-03,1.446945337620578718e-02,1.286173633440514455e-02,4.019292604501607455e-03,0.000000000000000000e+00,1.688102893890675374e-02,1.446945337620578718e-02,7.958199356913182865e-02,1.848874598070739464e-02,1.688102893890675374e-02,4.019292604501607455e-03,8.038585209003215343e-04,6.430868167202572275e-03,8.601286173633440613e-02,4.019292604501607455e-03,2.170418006430868338e-02,0.000000000000000000e+00,3.215434083601286137e-03,3.938906752411575757e-02,1.607717041800643069e-03,0.000000000000000000e+00,0.000000000000000000e+00,0.000000000000000000e+00,0.000000000000000000e+00,0.000000000000000000e+00,0.000000000000000000e+00,0.000000000000000000e+00,0.000000000000000000e+00,0.000000000000000000e+00,0.000000000000000000e+00,2.411575562700964820e-03,0.000000000000000000e+00,0.000000000000000000e+00,0.000000000000000000e+00,8.038585209003215343e-04,0.000000000000000000e+00,8.038585209003215343e-04,0.000000000000000000e+00
3.046594982078853001e-02,1.146953405017921146e-01,0.000000000000000000e+00,3.225806451612903136e-02,3.225806451612903136e-02,5.645161290322580488e-02,6.541218637992832208e-02,3.942652329749103679e-02,1.792114695340501704e-02,2.688172043010752903e-03,3.584229390681003581e-03,1.792114695340501791e-03,3.942652329749103679e-02,1.164874551971326229e-02,7.168458781362007162e-03,1.792114695340501791e-03,1.612903225806451568e-02,9.856630824372759198e-03,1.792114695340501791e-03,1.792114695340501791e-03,1.792114695340501791e-03,1.765232974910394270e-01,4.480286738351254260e-03,0.000000000000000000e+00,4.480286738351254260e-03,2.419354838709677352e-02,0.000000000000000000e+00,0.000000000000000000e+00,0.000000000000000000e+00,1.980286738351254572e-01,1.792114695340501791e-03,0.000000000000000000e+00,0.000000000000000000e+00,2.777777777777777624e-02,9.856630824372759198e-03,0.000000000000000000e+00,8.960573476702508953e-04,0.000000000000000000e+00,0.000000000000000000e+00,1.792114695340501791e-03,2.060931899641577081e-02,5.376344086021505805e-03,0.000000000000000000e+00,0.000000000000000000e+00,0.000000000000000000e+00,1.881720430107526945e-02,0.000000000000000000e+00,0.000000000000000000e+00,0.000000000000000000e+00,8.960573476702508953e-04,0.000000000000000000e+00,5.376344086021505805e-03,1.075268817204301161e-02
1.012861736334405155e-01,0.000000000000000000e+00,2.250803858520900383e-02,0.000000000000000000e+00,4.823151125401929640e-03,3.376205787781350748e-02,1.607717041800643069e-03,1.993569131832797492e-01,5.305466237942121910e-02,2.411575562700964473e-02,1.768488745980707419e-02,1.607717041800642982e-02,5.305466237942121910e-02,3.215434083601286137e-03,0.000000000000000000e+00,0.000000000000000000e+00,2.250803858520900383e-02,6.430868167202572275e-03,0.000000000000000000e+00,0.000000000000000000e+00,9.807073954983923370e-02,4.823151125401929640e-03,0.000000000000000000e+00,1.286173633440514455e-02,9.163987138263665622e-02,0.000000000000000000e+00,4.823151125401929640e-03,4.823151125401929640e-03,8.681672025723473352e-02,0.000000000000000000e+00,1.607717041800642982e-02,1.607717041800643069e-03,5.787781350482314874e-02,8.038585209003214910e-03,3.215434083601286137e-03,0.000000000000000000e+00,0.000000000000000000e+00,0.000000000000000000e+00,4.180064308681671892e-02,0.000000000000000000e+00,1.607717041800643069e-03,0.000000000000000000e+00,0.000000000000000000e+00,0.000000000000000000e+00,0.000000000000000000e+00,0.000000000000000000e+00,0.000000000000000000e+00,4.823151125401929640e-03,0.000000000000000000e+00,1.607717041800643069e-03,0.000000000000000000e+00,0.000000000000000000e+00,0.000000000000000000e+00
8.448540706605223161e-02,2.718894009216589747e-01,4.608294930875576206e-02,1.536098310291858678e-03,0.000000000000000000e+00,1.397849462365591267e-01,3.072196620583717355e-03,3.533026113671274698e-02,1.689708141321044632e-02,0.000000000000000000e+00,3.072196620583717355e-03,5.683563748079877020e-02,6.144393241167434710e-03,1.536098310291858678e-03,0.000000000000000000e+00,7.680491551459293388e-03,1.075268817204301161e-02,6.144393241167434710e-03,3.072196620583717355e-03,0.000000000000000000e+00,0.000000000000000000e+00,7.680491551459293388e-03,1.536098310291858678e-02,9.216589861751152066e-03,0.000000000000000000e+00,0.000000000000000000e+00,7.680491551459293388e-03,7.680491551459293388e-03,1.443932411674347105e-01,0.000000000000000000e+00,1.382488479262672897e-02,0.000000000000000000e+00,1.075268817204301161e-02,3.072196620583717355e-03,9.216589861751152066e-03,0.000000000000000000e+00,0.000000000000000000e+00,0.000000000000000000e+00,5.990783410138248583e-02,0.000000000000000000e+00,0.000000000000000000e+00,6.144393241167434710e-03,0.000000000000000000e+00,0.000000000000000000e+00,0.000000000000000000e+00,0.000000000000000000e+00,0.000000000000000000e+00,9.216589861751152066e-03,0.000000000000000000e+00,0.000000000000000000e+00,1.536098310291858678e-03,0.000000000000000000e+00,0.000000000000000000e+00
2.086720867208672059e-01,1.964769647696476829e-01,9.214092140921409380e-02,2.303523035230352345e-02,3.387533875338753081e-02,0.000000000000000000e+00,2.032520325203251987e-02,1.246612466124661228e-01,2.845528455284552713e-02,8.130081300813008990e-03,9.485094850948509043e-03,3.252032520325203596e-02,1.355013550135501354e-03,1.219512195121951262e-02,0.000000000000000000e+00,8.130081300813008990e-03,4.878048780487805047e-02,1.626016260162601798e-02,0.000000000000000000e+00,0.000000000000000000e+00,4.065040650406504495e-03,2.710027100271002708e-03,7.452574525745257750e-02,1.355013550135501354e-03,6.775067750677507203e-03,0.000000000000000000e+00,0.000000000000000000e+00,0.000000000000000000e+00,8.130081300813008990e-03,0.000000000000000000e+00,1.355013550135501354e-03,0.000000000000000000e+00,4.065040650406504495e-03,2.981029810298102892e-02,0.000000000000000000e+00,0.000000000000000000e+00,0.000000000000000000e+00,0.000000000000000000e+00,0.000000000000000000e+00,0.000000000000000000e+00,0.000000000000000000e+00,0.000000000000000000e+00,0.000000000000000000e+00,0.000000000000000000e+00,0.000000000000000000e+00,0.000000000000000000e+00,0.000000000000000000e+00,0.000000000000000000e+00,0.000000000000000000e+00,0.000000000000000000e+00,0.000000000000000000e+00,2.710027100271002708e-03,0.000000000000000000e+00
0.000000000000000000e+00,1.227830832196452962e-02,0.000000000000000000e+00,0.000000000000000000e+00,0.000000000000000000e+00,0.000000000000000000e+00,0.000000000000000000e+00,0.000000000000000000e+00,1.364256480218281045e-03,5.457025920873124179e-03,0.000000000000000000e+00,0.000000000000000000e+00,1.637107776261937167e-02,1.364256480218281045e-03,9.549795361527967097e-03,4.092769440654842918e-03,0.000000000000000000e+00,2.728512960436562090e-03,4.502046384720327643e-02,4.638472032742155249e-02,0.000000000000000000e+00,2.728512960436562090e-03,0.000000000000000000e+00,0.000000000000000000e+00,0.000000000000000000e+00,0.000000000000000000e+00,0.000000000000000000e+00,0.000000000000000000e+00,0.000000000000000000e+00,1.364256480218281045e-03,1.227830832196452962e-02,1.364256480218281045e-03,0.000000000000000000e+00,2.728512960436562090e-03,0.000000000000000000e+00,2.332878581173260524e-01,3.683492496589358539e-02,1.186903137789904472e-01,0.000000000000000000e+00,1.364256480218281045e-03,2.728512960436562090e-03,2.728512960436562090e-03,0.000000000000000000e+00,1.418826739427012373e-01,2.073669849931787101e-01,0.000000000000000000e+00,1.364256480218281045e-03,0.000000000000000000e+00,1.364256480218281045e-03,0.000000000000000000e+00,1.091405184174624836e-02,6.821282401091405441e-03,6.957708049113232873e-02
1.428571428571428492e-01,3.348214285714285528e-03,4.687500000000000000e-02,6.138392857142856845e-02,2.790178571428571577e-02,8.370535714285713691e-02,1.116071428571428509e-03,0.000000000000000000e+00,1.450892857142857192e-02,8.705357142857142461e-02,2.901785714285714385e-02,2.455357142857142808e-02,3.348214285714285528e-03,3.125000000000000000e-02,1.116071428571428509e-03,1.116071428571428596e-02,6.696428571428571057e-03,1.562500000000000000e-02,1.116071428571428509e-03,2.232142857142857019e-03,4.910714285714285615e-02,3.348214285714285528e-03,5.580357142857142981e-03,1.674107142857142808e-02,1.383928571428571508e-01,2.232142857142857019e-03,2.232142857142857019e-03,1.116071428571428509e-03,9.263392857142857539e-02,0.000000000000000000e+00,5.580357142857142981e-03,2.232142857142857019e-03,1.674107142857142808e-02,6.138392857142856845e-02,1.116071428571428509e-03,0.000000000000000000e+00,0.000000000000000000e+00,0.000000000000000000e+00,0.000000000000000000e+00,0.000000000000000000e+00,0.000000000000000000e+00,2.232142857142857019e-03,0.000000000000000000e+00,0.000000000000000000e+00,0.000000000000000000e+00,0.000000000000000000e+00,0.000000000000000000e+00,1.116071428571428509e-03,0.000000000000000000e+00,1.116071428571428509e-03,0.000000000000000000e+00,2.232142857142857019e-03,0.000000000000000000e+00
0.000000000000000000e+00,1.684532924961715250e-02,1.684532924961715250e-02,2.909647779479326152e-02,2.143950995405819251e-02,1.837672281776416700e-02,7.656967840735068309e-02,4.594180704441041749e-03,0.000000000000000000e+00,3.062787136294027688e-03,0.000000000000000000e+00,0.000000000000000000e+00,5.972434915773353753e-02,0.000000000000000000e+00,3.062787136294027688e-03,0.000000000000000000e+00,1.531393568147013662e-01,9.188361408882083498e-03,1.531393568147013844e-03,1.531393568147013844e-03,5.359877488514547955e-02,1.531393568147013801e-02,3.062787136294027688e-03,3.062787136294027688e-03,1.071975497702909626e-02,0.000000000000000000e+00,0.000000000000000000e+00,1.531393568147013801e-02,0.000000000000000000e+00,5.206738131699847200e-02,1.531393568147013801e-02,3.062787136294027688e-03,0.000000000000000000e+00,5.513016845329249405e-02,7.963246554364471208e-02,0.000000000000000000e+00,3.062787136294027688e-03,0.000000000000000000e+00,0.000000000000000000e+00,0.000000000000000000e+00,2.266462480857580342e-01,0.000000000000000000e+00,0.000000000000000000e+00,0.000000000000000000e+00,0.000000000000000000e+00,1.225114854517611075e-02,0.000000000000000000e+00,0.000000000000000000e+00,4.594180704441041749e-03,2.297090352220520701e-02,1.531393568147013844e-03,1.531393568147013844e-03,6.125574272588055376e-03
5.489260143198090858e-02,4.773269689737470386e-03,2.386634844868735193e-03,2.028639618138424958e-02,0.000000000000000000e+00,8.353221957040572743e-03,1.849642004773269788e-01,9.188544152744630711e-02,1.789976133651551352e-02,0.000000000000000000e+00,4.773269689737470386e-03,0.000000000000000000e+00,3.937947494033412765e-02,3.460620525059665553e-02,5.966587112171837549e-03,0.000000000000000000e+00,1.670644391408114549e-02,2.983293556085918688e-02,0.000000000000000000e+00,5.966587112171837549e-03,3.937947494033412765e-02,1.789976133651551352e-02,0.000000000000000000e+00,0.000000000000000000e+00,6.801909307875894650e-02,3.460620525059665553e-02,0.000000000000000000e+00,0.000000000000000000e+00,0.000000000000000000e+00,1.443914081145584727e-01,7.159904534606205580e-03,0.000000000000000000e+00,0.000000000000000000e+00,1.431980906921241116e-02,1.193317422434367597e-03,0.000000000000000000e+00,1.133651551312649108e-01,0.000000000000000000e+00,0.000000000000000000e+00,0.000000000000000000e+00,3.579952267303102790e-03,4.773269689737470386e-03,0.000000000000000000e+00,0.000000000000000000e+00,0.000000000000000000e+00,2.625298329355608626e-02,0.000000000000000000e+00,0.000000000000000000e+00,0.000000000000000000e+00,0.000000000000000000e+00,1.193317422434367597e-03,1.193317422434367597e-03,0.000000000000000000e+00
1.398601398601398600e-02,2.564102564102564014e-02,9.324009324009324001e-03,6.993006993006993001e-03,1.864801864801864800e-02,1.398601398601398600e-02,3.030303030303030387e-02,9.324009324009324001e-03,0.000000000000000000e+00,3.496503496503496500e-03,0.000000000000000000e+00,3.962703962703962440e-02,6.993006993006993001e-03,7.459207459207459201e-02,3.496503496503496500e-03,1.200466200466200478e-01,0.000000000000000000e+00,1.515151515151515194e-02,1.165501165501165500e-03,0.000000000000000000e+00,0.000000000000000000e+00,9.324009324009324001e-03,4.662004662004662001e-03,4.662004662004662001e-03,6.993006993006993001e-03,3.321678321678321888e-01,1.165501165501165500e-03,0.000000000000000000e+00,0.000000000000000000e+00,1.165501165501165587e-02,1.165501165501165500e-03,0.000000000000000000e+00,1.013986013986013929e-01,1.048951048951048994e-02,0.000000000000000000e+00,0.000000000000000000e+00,1.048951048951048994e-02,0.000000000000000000e+00,0.000000000000000000e+00,0.000000000000000000e+00,0.000000000000000000e+00,7.109557109557108900e-02,0.000000000000000000e+00,0.000000000000000000e+00,0.000000000000000000e+00,3.613053613053612834e-02,0.000000000000000000e+00,0.000000000000000000e+00,0.000000000000000000e+00,0.000000000000000000e+00,0.000000000000000000e+00,2.331002331002331000e-03,3.496503496503496500e-03
1.210762331838565048e-01,6.128550074738415426e-02,1.046337817638266082e-02,7.473841554559042949e-03,4.185351270553064329e-02,1.195814648729446976e-02,0.000000000000000000e+00,2.690582959641255739e-02,0.000000000000000000e+00,2.989536621823617440e-03,6.875934230194319374e-02,0.000000000000000000e+00,2.989536621823617440e-03,3.736920777279521821e-02,0.000000000000000000e+00,1.390134529147982190e-01,0.000000000000000000e+00,2.092675635276532164e-02,1.494768310911808720e-03,0.000000000000000000e+00,0.000000000000000000e+00,1.494768310911808720e-03,1.748878923766816196e-01,7.473841554559042949e-03,1.644245142002989657e-02,4.783258594917787904e-02,0.000000000000000000e+00,0.000000000000000000e+00,3.139013452914798247e-02,0.000000000000000000e+00,2.989536621823617440e-03,0.000000000000000000e+00,1.106128550074738370e-01,4.633781763826606837e-02,0.000000000000000000e+00,0.000000000000000000e+00,0.000000000000000000e+00,0.000000000000000000e+00,0.000000000000000000e+00,0.000000000000000000e+00,0.000000000000000000e+00,4.484304932735425943e-03,0.000000000000000000e+00,0.000000000000000000e+00,0.000000000000000000e+00,0.000000000000000000e+00,0.000000000000000000e+00,0.000000000000000000e+00,0.000000000000000000e+00,0.000000000000000000e+00,1.494768310911808720e-03,0.000000000000000000e+00,0.000000000000000000e+00
5.537459283387621833e-02,0.000000000000000000e+00,1.319218241042345308e-01,9.771986970684039264e-02,1.465798045602605820e-02,6.514657980456026350e-03,8.143322475570032720e-03,3.094462540716612364e-02,6.514657980456026176e-02,1.140065146579804511e-01,6.351791530944625452e-02,0.000000000000000000e+00,0.000000000000000000e+00,1.140065146579804546e-02,1.302931596091205270e-02,0.000000000000000000e+00,9.771986970684038223e-03,1.302931596091205270e-02,0.000000000000000000e+00,1.628664495114006587e-03,2.605863192182410540e-02,8.143322475570032720e-03,0.000000000000000000e+00,2.768729641693810917e-02,4.234527687296416737e-02,3.257328990228013175e-03,1.628664495114006587e-03,6.514657980456026350e-03,1.465798045602605820e-02,3.094462540716612364e-02,5.048859934853420356e-02,0.000000000000000000e+00,2.442996742671009816e-02,1.628664495114006544e-02,1.140065146579804546e-02,0.000000000000000000e+00,9.771986970684038223e-03,0.000000000000000000e+00,0.000000000000000000e+00,1.140065146579804546e-02,6.514657980456026350e-03,1.628664495114006587e-03,1.954397394136807645e-02,2.117263843648208368e-02,0.000000000000000000e+00,0.000000000000000000e+00,0.000000000000000000e+00,1.302931596091205270e-02,4.885993485342019112e-03,1.140065146579804546e-02,0.000000000000000000e+00,0.000000000000000000e+00,0.000000000000000000e+00
2.439759036144578397e-01,0.000000000000000000e+00,1.054216867469879443e-02,7.530120481927710802e-03,0.000000000000000000e+00,7.530120481927710802e-03,6.024096385542168988e-03,1.445783132530120418e-01,1.506024096385542247e-03,7.530120481927711495e-02,3.012048192771084321e-02,1.957831325301204878e-02,1.054216867469879443e-02,0.000000000000000000e+00,0.000000000000000000e+00,6.024096385542168988e-03,1.506024096385542247e-03,9.036144578313252615e-03,1.506024096385542247e-03,0.000000000000000000e+00,1.506024096385542247e-03,1.506024096385542247e-03,1.506024096385542247e-03,1.957831325301204878e-02,1.731927710843373380e-01,1.506024096385542160e-02,6.626506024096386060e-02,0.000000000000000000e+00,4.668674698795180489e-02,1.506024096385542247e-03,3.614457831325301046e-02,0.000000000000000000e+00,1.957831325301204878e-02,2.259036144578313240e-02,0.000000000000000000e+00,0.000000000000000000e+00,0.000000000000000000e+00,0.000000000000000000e+00,0.000000000000000000e+00,0.000000000000000000e+00,0.000000000000000000e+00,3.012048192771084494e-03,0.000000000000000000e+00,0.000000000000000000e+00,0.000000000000000000e+00,1.506024096385542247e-03,0.000000000000000000e+00,1.506024096385542160e-02,0.000000000000000000e+00,0.000000000000000000e+00,0.000000000000000000e+00,0.000000000000000000e+00,0.000000000000000000e+00
5.771248688352571127e-02,7.974816369359916113e-02,2.109129066107030548e-01,4.407135362014690666e-02,4.302203567681007340e-02,6.295907660020986542e-03,1.469045120671563440e-02,2.938090241343126879e-02,2.938090241343126879e-02,2.728226652675760922e-02,1.028331584470094373e-01,1.364113326337880461e-02,1.049317943336831004e-02,7.030430220356767568e-02,0.000000000000000000e+00,7.345225603357817545e-02,1.049317943336831004e-02,8.394543546694648722e-03,0.000000000000000000e+00,0.000000000000000000e+00,3.147953830010493271e-03,1.364113326337880461e-02,3.043022035676810205e-02,0.000000000000000000e+00,1.259181532004197308e-02,8.394543546694648722e-03,5.246589716684155018e-03,0.000000000000000000e+00,0.000000000000000000e+00,1.573976915005246419e-02,1.783840503672612723e-02,0.000000000000000000e+00,9.443861490031480246e-03,0.000000000000000000e+00,1.049317943336831004e-02,0.000000000000000000e+00,3.147953830010493271e-03,1.049317943336831090e-03,0.000000000000000000e+00,9.443861490031480246e-03,0.000000000000000000e+00,1.364113326337880461e-02,0.000000000000000000e+00,0.000000000000000000e+00,0.000000000000000000e+00,1.259181532004197308e-02,0.000000000000000000e+00,0.000000000000000000e+00,0.000000000000000000e+00,0.000000000000000000e+00,0.000000000000000000e+00,0.000000000000000000e+00,1.049317943336831090e-03
2.341137123745819226e-02,3.678929765886287950e-02,1.672240802675585255e-03,0.000000000000000000e+00,1.170568561872909613e-02,3.344481605351170509e-03,0.000000000000000000e+00,3.344481605351170509e-03,0.000000000000000000e+00,0.000000000000000000e+00,2.023411371237458234e-01,3.595317725752508187e-01,0.000000000000000000e+00,0.000000000000000000e+00,0.000000000000000000e+00,0.000000000000000000e+00,0.000000000000000000e+00,3.344481605351170509e-03,3.344481605351170509e-03,0.000000000000000000e+00,0.000000000000000000e+00,0.000000000000000000e+00,2.842809364548494824e-02,1.505016722408026794e-02,0.000000000000000000e+00,1.337792642140468204e-02,5.183946488294314398e-02,0.000000000000000000e+00,2.842809364548494824e-02,0.000000000000000000e+00,2.006688963210702392e-02,0.000000000000000000e+00,1.655518394648829439e-01,1.672240802675585255e-03,0.000000000000000000e+00,0.000000000000000000e+00,0.000000000000000000e+00,0.000000000000000000e+00,5.016722408026755980e-03,0.000000000000000000e+00,0.000000000000000000e+00,5.016722408026755980e-03,0.000000000000000000e+00,0.000000000000000000e+00,0.000000000000000000e+00,0.000000000000000000e+00,0.000000000000000000e+00,1.337792642140468204e-02,0.000000000000000000e+00,0.000000000000000000e+00,3.344481605351170509e-03,0.000000000000000000e+00,0.000000000000000000e+00
6.436781609195402210e-02,2.068965517241379282e-02,2.758620689655172376e-02,1.149425287356321823e-02,9.195402298850574585e-03,6.896551724137930939e-02,6.896551724137930939e-03,2.298850574712643646e-02,2.528735632183908288e-01,1.149425287356321823e-02,0.000000000000000000e+00,0.000000000000000000e+00,1.149425287356321823e-02,0.000000000000000000e+00,0.000000000000000000e+00,0.000000000000000000e+00,0.000000000000000000e+00,0.000000000000000000e+00,0.000000000000000000e+00,4.597701149425287293e-03,2.114942528735632155e-01,0.000000000000000000e+00,0.000000000000000000e+00,2.528735632183908011e-02,1.839080459770114917e-02,0.000000000000000000e+00,0.000000000000000000e+00,7.816091954022988397e-02,3.678160919540229834e-02,0.000000000000000000e+00,1.379310344827586188e-02,0.000000000000000000e+00,0.000000000000000000e+00,9.425287356321838950e-02,4.597701149425287293e-03,0.000000000000000000e+00,0.000000000000000000e+00,0.000000000000000000e+00,0.000000000000000000e+00,0.000000000000000000e+00,0.000000000000000000e+00,0.000000000000000000e+00,0.000000000000000000e+00,0.000000000000000000e+00,0.000000000000000000e+00,0.000000000000000000e+00,0.000000000000000000e+00,0.000000000000000000e+00,0.000000000000000000e+00,2.298850574712643646e-03,2.298850574712643646e-03,0.000000000000000000e+00,0.000000000000000000e+00
4.761904761904761640e-02,2.380952380952380820e-02,3.273809523809523975e-02,2.083333333333333218e-02,1.190476190476190410e-02,5.952380952380952051e-02,1.785714285714285615e-02,4.166666666666666435e-02,2.678571428571428423e-02,3.869047619047619180e-02,2.976190476190476025e-02,3.273809523809523975e-02,2.083333333333333218e-02,1.190476190476190410e-02,5.952380952380952051e-03,1.488095238095238013e-02,8.928571428571428076e-03,0.000000000000000000e+00,1.488095238095238013e-02,2.976190476190476025e-03,2.678571428571428423e-02,8.928571428571428076e-03,2.083333333333333218e-02,1.785714285714285615e-02,3.273809523809523975e-02,3.571428571428571230e-02,0.000000000000000000e+00,5.952380952380952051e-03,2.976190476190476025e-02,2.678571428571428423e-02,2.380952380952380820e-02,0.000000000000000000e+00,2.976190476190476025e-02,3.869047619047619180e-02,1.190476190476190410e-02,8.928571428571428076e-03,1.785714285714285615e-02,1.190476190476190410e-02,0.000000000000000000e+00,2.083333333333333218e-02,8.928571428571428076e-03,0.000000000000000000e+00,2.976190476190476025e-03,8.928571428571428076e-03,8.928571428571428076e-03,2.678571428571428423e-02,0.000000000000000000e+00,1.190476190476190410e-02,8.928571428571428076e-03,2.976190476190476025e-03,0.000000000000000000e+00,1.488095238095238013e-02,7.142857142857142461e-02
8.375209380234505119e-03,2.345058626465661711e-01,5.025125628140703765e-02,2.177554438860971470e-02,1.172529313232830855e-01,1.507537688442210991e-02,0.000000000000000000e+00,3.350083752093802394e-03,0.000000000000000000e+00,5.025125628140703592e-03,5.527638190954774211e-02,4.857621440536013385e-02,8.375209380234505119e-03,3.517587939698492427e-02,0.000000000000000000e+00,1.038525963149078690e-01,1.675041876046901197e-03,1.005025125628140718e-02,0.000000000000000000e+00,1.675041876046901197e-03,0.000000000000000000e+00,5.025125628140703592e-03,1.474036850921273123e-01,1.675041876046901197e-03,0.000000000000000000e+00,1.172529313232830751e-02,6.700167504187604789e-03,0.000000000000000000e+00,3.350083752093802394e-03,1.675041876046901197e-03,4.690117252931323005e-02,0.000000000000000000e+00,3.350083752093802394e-03,0.000000000000000000e+00,1.675041876046901024e-02,1.675041876046901197e-03,0.000000000000000000e+00,0.000000000000000000e+00,0.000000000000000000e+00,0.000000000000000000e+00,0.000000000000000000e+00,2.177554438860971470e-02,3.350083752093802394e-03,0.000000000000000000e+00,1.675041876046901197e-03,3.350083752093802394e-03,0.000000000000000000e+00,0.000000000000000000e+00,0.000000000000000000e+00,0.000000000000000000e+00,1.675041876046901197e-03,1.675041876046901197e-03,0.000000000000000000e+00
1.763668430335096904e-02,7.054673721340387615e-03,5.291005291005290712e-03,1.022927689594356204e-01,1.410934744268077523e-02,0.000000000000000000e+00,3.527336860670193808e-03,8.289241622574955448e-02,1.763668430335096904e-02,3.086419753086419582e-01,1.234567901234567833e-02,0.000000000000000000e+00,5.820105820105819783e-02,1.093474426807760080e-01,0.000000000000000000e+00,5.291005291005290712e-03,2.116402116402116285e-02,0.000000000000000000e+00,0.000000000000000000e+00,0.000000000000000000e+00,5.114638447971781021e-02,0.000000000000000000e+00,0.000000000000000000e+00,0.000000000000000000e+00,1.146384479717812988e-01,3.527336860670193808e-03,8.818342151675484519e-03,5.291005291005290712e-03,0.000000000000000000e+00,3.527336860670193808e-03,2.292768959435625975e-02,0.000000000000000000e+00,0.000000000000000000e+00,0.000000000000000000e+00,0.000000000000000000e+00,0.000000000000000000e+00,1.058201058201058142e-02,0.000000000000000000e+00,0.000000000000000000e+00,0.000000000000000000e+00,0.000000000000000000e+00,8.818342151675484519e-03,1.763668430335096904e-03,0.000000000000000000e+00,0.000000000000000000e+00,0.000000000000000000e+00,0.000000000000000000e+00,0.000000000000000000e+00,0.000000000000000000e+00,1.763668430335096904e-03,1.763668430335096904e-03,0.000000000000000000e+00,0.000000000000000000e+00
3.937007874015747977e-02,4.199475065616797842e-02,5.249343832020997302e-03,3.674540682414698112e-02,1.574803149606299191e-02,1.049868766404199460e-02,2.099737532808398921e-02,4.724409448818897572e-02,2.493438320209973857e-01,1.207349081364829380e-01,0.000000000000000000e+00,0.000000000000000000e+00,1.049868766404199460e-02,0.000000000000000000e+00,0.000000000000000000e+00,0.000000000000000000e+00,2.650918635170603777e-01,2.624671916010498651e-02,2.624671916010498651e-03,0.000000000000000000e+00,0.000000000000000000e+00,0.000000000000000000e+00,0.000000000000000000e+00,0.000000000000000000e+00,4.986876640419947437e-02,0.000000000000000000e+00,0.000000000000000000e+00,2.624671916010498651e-03,0.000000000000000000e+00,0.000000000000000000e+00,0.000000000000000000e+00,0.000000000000000000e+00,0.000000000000000000e+00,5.511811023622047168e-02,0.000000000000000000e+00,0.000000000000000000e+00,0.000000000000000000e+00,0.000000000000000000e+00,0.000000000000000000e+00,0.000000000000000000e+00,0.000000000000000000e+00,0.000000000000000000e+00,0.000000000000000000e+00,0.000000000000000000e+00,0.000000000000000000e+00,0.000000000000000000e+00,0.000000000000000000e+00,0.000000000000000000e+00,0.000000000000000000e+00,0.000000000000000000e+00,0.000000000000000000e+00,0.000000000000000000e+00,0.000000000000000000e+00
3.816793893129770843e-03,4.007633587786259277e-02,1.564885496183206215e-01,2.671755725190839634e-02,5.343511450381679267e-02,1.908396946564885422e-03,1.908396946564885552e-02,3.816793893129770843e-03,3.816793893129770843e-03,0.000000000000000000e+00,5.725190839694656482e-03,0.000000000000000000e+00,3.053435114503816675e-02,3.816793893129770843e-03,6.106870229007633349e-02,0.000000000000000000e+00,1.908396946564885422e-03,1.908396946564885422e-03,5.725190839694656482e-03,0.000000000000000000e+00,0.000000000000000000e+00,0.000000000000000000e+00,0.000000000000000000e+00,2.671755725190839634e-02,0.000000000000000000e+00,1.908396946564885422e-03,0.000000000000000000e+00,5.725190839694656482e-03,3.816793893129770843e-03,1.717557251908397031e-02,3.816793893129771104e-02,9.541984732824427759e-03,0.000000000000000000e+00,0.000000000000000000e+00,5.152671755725191094e-02,0.000000000000000000e+00,1.908396946564885422e-03,2.099236641221374072e-02,0.000000000000000000e+00,1.278625954198473191e-01,2.862595419847328154e-02,0.000000000000000000e+00,1.774809160305343414e-01,5.725190839694656482e-03,0.000000000000000000e+00,3.816793893129770843e-03,0.000000000000000000e+00,3.816793893129770843e-03,3.053435114503816675e-02,5.725190839694656482e-03,0.000000000000000000e+00,0.000000000000000000e+00,1.908396946564885552e-02
6.024096385542168641e-02,1.067125645438898457e-01,6.884681583476764434e-03,0.000000000000000000e+00,2.581755593803786511e-02,3.270223752151463215e-02,2.512908777969019014e-01,5.163511187607573542e-03,6.884681583476764434e-03,1.721170395869191109e-03,3.442340791738382217e-03,5.679862306368330810e-02,3.442340791738382217e-03,6.884681583476764434e-03,0.000000000000000000e+00,2.753872633390705774e-02,1.721170395869191109e-03,1.376936316695352887e-02,1.204819277108433798e-02,0.000000000000000000e+00,0.000000000000000000e+00,2.409638554216867595e-02,0.000000000000000000e+00,0.000000000000000000e+00,0.000000000000000000e+00,8.950086058519793331e-02,0.000000000000000000e+00,0.000000000000000000e+00,0.000000000000000000e+00,5.163511187607573022e-02,5.163511187607573542e-03,0.000000000000000000e+00,1.204819277108433798e-02,2.065404475043029417e-02,3.442340791738382217e-03,0.000000000000000000e+00,1.204819277108433798e-02,1.721170395869191109e-03,0.000000000000000000e+00,0.000000000000000000e+00,0.000000000000000000e+00,1.204819277108433798e-02,0.000000000000000000e+00,0.000000000000000000e+00,0.000000000000000000e+00,9.810671256454389644e-02,0.000000000000000000e+00,0.000000000000000000e+00,0.000000000000000000e+00,0.000000000000000000e+00,1.721170395869191109e-03,4.475043029259896665e-02,0.000000000000000000e+00
1.171003717472118982e-01,5.947955390334572212e-02,7.434944237918215265e-03,3.159851301115241401e-02,1.672862453531598348e-02,3.717472118959107633e-03,0.000000000000000000e+00,2.602230483271375516e-02,2.602230483271375516e-02,3.717472118959107633e-03,2.602230483271375516e-02,9.293680297397769949e-03,8.178438661710037139e-02,2.416356877323420221e-02,0.000000000000000000e+00,1.486988847583643053e-02,1.486988847583643053e-02,1.301115241635687758e-02,1.858736059479553816e-03,7.434944237918215265e-03,3.717472118959107633e-03,2.788104089219330811e-02,0.000000000000000000e+00,0.000000000000000000e+00,3.717472118959107633e-03,2.788104089219330811e-02,9.293680297397769949e-03,1.858736059479553816e-03,7.249070631970259970e-02,1.672862453531598348e-02,7.434944237918215265e-03,0.000000000000000000e+00,1.096654275092936864e-01,8.550185873605947728e-02,3.531598513011152685e-02,1.858736059479553816e-03,3.717472118959107633e-03,3.717472118959107633e-03,3.717472118959107633e-03,1.672862453531598348e-02,1.115241635687732290e-02,2.044609665427509285e-02,1.858736059479553816e-03,1.858736059479553816e-03,0.000000000000000000e+00,7.434944237918215265e-03,0.000000000000000000e+00,1.858736059479553990e-02,9.293680297397769949e-03,3.717472118959107633e-03,9.293680297397769949e-03,0.000000000000000000e+00,0.000000000000000000e+00
2.841091492776885996e-01,3.531300160513643760e-02,3.531300160513643760e-02,2.568218298555377185e-02,1.444622792937399688e-02,1.284109149277688593e-02,3.210272873194221482e-03,1.589085072231139761e-01,3.210272873194221482e-03,2.054574638844301748e-01,1.926163723916532802e-02,4.815409309791332006e-03,3.210272873194221482e-03,8.828250401284108706e-02,0.000000000000000000e+00,4.815409309791332006e-03,4.815409309791332006e-03,1.284109149277688593e-02,0.000000000000000000e+00,0.000000000000000000e+00,1.605136436597110611e-02,0.000000000000000000e+00,1.605136436597110741e-03,0.000000000000000000e+00,0.000000000000000000e+00,4.815409309791332006e-03,0.000000000000000000e+00,0.000000000000000000e+00,6.420545746388442963e-03,0.000000000000000000e+00,0.000000000000000000e+00,0.000000000000000000e+00,1.123595505617977497e-02,4.333868378812198718e-02,0.000000000000000000e+00,0.000000000000000000e+00,0.000000000000000000e+00,0.000000000000000000e+00,0.000000000000000000e+00,0.000000000000000000e+00,0.000000000000000000e+00,0.000000000000000000e+00,0.000000000000000000e+00,0.000000000000000000e+00,0.000000000000000000e+00,0.000000000000000000e+00,0.000000000000000000e+00,0.000000000000000000e+00,0.000000000000000000e+00,0.000000000000000000e+00,0.000000000000000000e+00,0.000000000000000000e+00,0.000000000000000000e+00
2.954209748892171541e-03,7.385524372230427986e-03,1.477104874446085597e-02,0.000000000000000000e+00,0.000000000000000000e+00,0.000000000000000000e+00,1.772525849335302925e-02,0.000000000000000000e+00,0.000000000000000000e+00,1.329394387001477107e-02,2.008862629246676579e-01,0.000000000000000000e+00,1.329394387001477107e-02,6.056129985228951573e-02,6.646971935007385535e-02,5.465288035450516918e-02,0.000000000000000000e+00,1.624815361890694088e-02,2.954209748892171541e-03,2.954209748892171541e-03,0.000000000000000000e+00,1.477104874446085771e-03,7.385524372230427986e-03,7.385524372230427986e-03,0.000000000000000000e+00,0.000000000000000000e+00,0.000000000000000000e+00,0.000000000000000000e+00,0.000000000000000000e+00,1.033973412112259953e-02,7.385524372230427986e-03,2.954209748892171541e-03,1.477104874446085771e-03,7.385524372230427986e-03,0.000000000000000000e+00,0.000000000000000000e+00,3.397341211225997359e-02,0.000000000000000000e+00,0.000000000000000000e+00,2.171344165435745988e-01,0.000000000000000000e+00,2.954209748892171195e-02,4.726735598227474466e-02,5.908419497784343083e-03,1.477104874446085771e-03,9.748892171344165913e-02,0.000000000000000000e+00,4.431314623338257312e-03,0.000000000000000000e+00,0.000000000000000000e+00,1.477104874446085771e-03,2.954209748892171541e-03,3.840472673559822830e-02
4.907975460122699501e-02,1.840490797546012400e-02,0.000000000000000000e+00,0.000000000000000000e+00,3.680981595092024800e-02,6.134969325153374377e-03,0.000000000000000000e+00,4.294478527607362150e-02,0.000000000000000000e+00,0.000000000000000000e+00,6.134969325153374203e-02,3.067484662576687102e-02,6.134969325153374203e-02,1.411042944785275977e-01,0.000000000000000000e+00,2.024539877300613466e-01,0.000000000000000000e+00,0.000000000000000000e+00,0.000000000000000000e+00,0.000000000000000000e+00,0.000000000000000000e+00,0.000000000000000000e+00,0.000000000000000000e+00,1.840490797546012400e-02,2.453987730061349751e-02,3.067484662576687102e-02,0.000000000000000000e+00,0.000000000000000000e+00,6.134969325153374377e-03,0.000000000000000000e+00,3.067484662576687102e-02,0.000000000000000000e+00,1.042944785276073566e-01,0.000000000000000000e+00,0.000000000000000000e+00,0.000000000000000000e+00,0.000000000000000000e+00,0.000000000000000000e+00,3.067484662576687102e-02,0.000000000000000000e+00,0.000000000000000000e+00,4.907975460122699501e-02,0.000000000000000000e+00,0.000000000000000000e+00,0.000000000000000000e+00,0.000000000000000000e+00,0.000000000000000000e+00,4.907975460122699501e-02,0.000000000000000000e+00,0.000000000000000000e+00,6.134969325153374377e-03,0.000000000000000000e+00,0.000000000000000000e+00
8.928571428571428076e-03,1.071428571428571369e-01,0.000000000000000000e+00,3.571428571428571230e-02,1.785714285714285615e-02,5.357142857142856845e-02,0.000000000000000000e+00,3.571428571428571230e-02,8.928571428571428770e-02,0.000000000000000000e+00,0.000000000000000000e+00,0.000000000000000000e+00,3.571428571428571230e-02,0.000000000000000000e+00,0.000000000000000000e+00,0.000000000000000000e+00,2.410714285714285754e-01,0.000000000000000000e+00,0.000000000000000000e+00,0.000000000000000000e+00,1.785714285714285615e-02,8.928571428571428076e-03,0.000000000000000000e+00,8.928571428571428076e-03,0.000000000000000000e+00,0.000000000000000000e+00,0.000000000000000000e+00,0.000000000000000000e+00,9.821428571428571230e-02,0.000000000000000000e+00,0.000000000000000000e+00,0.000000000000000000e+00,0.000000000000000000e+00,8.928571428571428076e-03,9.821428571428571230e-02,0.000000000000000000e+00,0.000000000000000000e+00,0.000000000000000000e+00,4.464285714285714385e-02,0.000000000000000000e+00,0.000000000000000000e+00,0.000000000000000000e+00,0.000000000000000000e+00,0.000000000000000000e+00,0.000000000000000000e+00,0.000000000000000000e+00,0.000000000000000000e+00,0.000000000000000000e+00,0.000000000000000000e+00,8.928571428571428770e-02,0.000000000000000000e+00,0.000000000000000000e+00,0.000000000000000000e+00
2.317073170731707432e-01,1.062717770034843218e-01,2.264808362369338107e-02,1.393728222996515678e-02,2.961672473867595773e-02,5.052264808362369464e-02,0.000000000000000000e+00,5.749128919860627129e-02,2.439024390243902524e-02,8.710801393728222555e-03,1.045296167247386845e-02,4.006968641114982271e-02,2.961672473867595773e-02,3.484320557491289196e-03,0.000000000000000000e+00,0.000000000000000000e+00,0.000000000000000000e+00,1.393728222996515678e-02,0.000000000000000000e+00,0.000000000000000000e+00,1.219512195121951262e-02,1.045296167247386845e-02,1.045296167247386845e-02,1.777003484320557603e-01,3.484320557491289022e-02,0.000000000000000000e+00,5.226480836236934227e-03,6.968641114982578391e-03,0.000000000000000000e+00,0.000000000000000000e+00,8.710801393728222555e-03,0.000000000000000000e+00,2.090592334494773691e-02,4.529616724738676214e-02,1.393728222996515678e-02,0.000000000000000000e+00,0.000000000000000000e+00,0.000000000000000000e+00,0.000000000000000000e+00,0.000000000000000000e+00,0.000000000000000000e+00,0.000000000000000000e+00,0.000000000000000000e+00,0.000000000000000000e+00,0.000000000000000000e+00,0.000000000000000000e+00,0.000000000000000000e+00,5.226480836236934227e-03,0.000000000000000000e+00,0.000000000000000000e+00,5.226480836236934227e-03,0.000000000000000000e+00,0.000000000000000000e+00
2.770083102493074798e-03,6.925207756232686779e-03,1.038781163434902982e-01,5.540166204986149597e-03,0.000000000000000000e+00,0.000000000000000000e+00,2.631578947368420907e-02,1.385041551246537399e-03,1.800554016620498771e-02,9.833795013850415989e-02,8.310249307479224828e-03,0.000000000000000000e+00,4.570637119113573482e-02,6.925207756232686779e-03,1.565096952908587302e-01,0.000000000000000000e+00,2.770083102493074798e-03,5.540166204986149597e-03,2.631578947368420907e-02,2.631578947368420907e-02,0.000000000000000000e+00,6.925207756232686779e-03,0.000000000000000000e+00,2.770083102493074798e-03,0.000000000000000000e+00,1.385041551246537399e-03,0.000000000000000000e+00,0.000000000000000000e+00,0.000000000000000000e+00,0.000000000000000000e+00,4.155124653739612414e-03,1.385041551246537356e-02,0.000000000000000000e+00,9.695290858725761143e-03,2.770083102493074798e-03,0.000000000000000000e+00,4.016620498614958262e-02,1.108033240997229919e-02,0.000000000000000000e+00,1.675900277008310346e-01,2.354570637119113644e-02,0.000000000000000000e+00,7.479224376731301305e-02,1.800554016620498771e-02,1.385041551246537399e-03,6.786703601108033668e-02,0.000000000000000000e+00,0.000000000000000000e+00,2.770083102493074798e-03,0.000000000000000000e+00,0.000000000000000000e+00,2.770083102493074798e-03,6.925207756232686779e-03
0.000000000000000000e+00,3.380281690140844730e-02,5.633802816901408751e-03,1.690140845070422365e-02,3.661971830985915471e-02,0.000000000000000000e+00,1.408450704225352144e-02,1.408450704225352144e-02,1.408450704225352144e-02,5.633802816901408751e-03,3.380281690140844730e-02,0.000000000000000000e+00,1.436619718309859184e-01,2.535211267605633895e-02,1.521126760563380198e-01,2.253521126760563500e-02,8.450704225352111826e-03,2.535211267605633895e-02,1.126760563380281750e-02,2.816901408450704376e-03,5.633802816901408751e-03,3.661971830985915471e-02,5.633802816901408751e-03,2.816901408450704376e-03,0.000000000000000000e+00,2.253521126760563500e-02,2.816901408450704289e-02,0.000000000000000000e+00,1.126760563380281750e-02,1.408450704225352144e-02,0.000000000000000000e+00,0.000000000000000000e+00,0.000000000000000000e+00,0.000000000000000000e+00,1.971830985915493106e-02,0.000000000000000000e+00,0.000000000000000000e+00,0.000000000000000000e+00,5.915492957746478625e-02,1.971830985915493106e-02,1.408450704225352144e-02,7.605633802816900990e-02,8.450704225352111826e-03,0.000000000000000000e+00,0.000000000000000000e+00,8.450704225352111826e-03,2.816901408450704376e-03,7.605633802816900990e-02,5.633802816901408751e-03,5.633802816901408751e-03,5.633802816901408751e-03,5.633802816901408751e-03,0.000000000000000000e+00
3.773584905660377214e-02,7.924528301886792081e-02,1.169811320754716999e-01,7.924528301886792081e-02,1.094339622641509469e-01,7.547169811320754776e-03,0.000000000000000000e+00,4.528301886792452519e-02,1.660377358490565947e-01,7.547169811320754776e-03,6.037735849056603821e-02,0.000000000000000000e+00,4.150943396226414867e-02,1.132075471698113130e-02,0.000000000000000000e+00,1.886792452830188607e-02,4.150943396226414867e-02,1.509433962264150955e-02,0.000000000000000000e+00,0.000000000000000000e+00,7.547169811320754776e-03,7.547169811320754776e-03,0.000000000000000000e+00,0.000000000000000000e+00,1.886792452830188607e-02,3.773584905660377388e-03,1.509433962264150955e-02,2.264150943396226259e-02,7.547169811320754776e-03,7.547169811320754776e-03,1.886792452830188607e-02,0.000000000000000000e+00,0.000000000000000000e+00,0.000000000000000000e+00,1.886792452830188607e-02,0.000000000000000000e+00,0.000000000000000000e+00,0.000000000000000000e+00,0.000000000000000000e+00,3.773584905660377388e-03,3.773584905660377388e-03,1.132075471698113130e-02,0.000000000000000000e+00,0.000000000000000000e+00,0.000000000000000000e+00,0.000000000000000000e+00,0.000000000000000000e+00,3.773584905660377388e-03,0.000000000000000000e+00,1.132075471698113130e-02,0.000000000000000000e+00,0.000000000000000000e+00,0.000000000000000000e+00
3.696498054474708223e-02,2.334630350194552562e-02,1.945525291828793801e-03,5.836575875486381404e-03,4.280155642023346363e-02,1.945525291828793801e-03,1.361867704280155661e-02,3.891050583657587603e-03,0.000000000000000000e+00,3.891050583657587603e-03,1.712062256809338545e-01,1.108949416342412397e-01,9.727626459143969007e-03,5.447470817120622644e-02,1.945525291828793801e-03,9.338521400778210246e-02,0.000000000000000000e+00,1.167315175097276281e-02,1.945525291828793801e-03,0.000000000000000000e+00,0.000000000000000000e+00,3.891050583657587603e-03,3.112840466926070082e-02,1.517509727626459026e-01,7.782101167315175205e-03,7.976653696498053892e-02,2.140077821011673181e-02,0.000000000000000000e+00,2.918287937743190702e-02,0.000000000000000000e+00,1.556420233463035041e-02,0.000000000000000000e+00,0.000000000000000000e+00,1.750972762645914421e-02,1.945525291828793801e-03,0.000000000000000000e+00,7.782101167315175205e-03,0.000000000000000000e+00,0.000000000000000000e+00,1.945525291828793801e-03,0.000000000000000000e+00,2.918287937743190702e-02,0.000000000000000000e+00,0.000000000000000000e+00,0.000000000000000000e+00,0.000000000000000000e+00,0.000000000000000000e+00,9.727626459143969007e-03,0.000000000000000000e+00,0.000000000000000000e+00,1.945525291828793801e-03,0.000000000000000000e+00,0.000000000000000000e+00
1.461038961038960970e-01,9.415584415584415945e-02,7.792207792207792028e-02,2.597402597402597574e-02,1.136363636363636395e-02,1.785714285714285615e-02,3.246753246753246967e-03,3.571428571428571230e-02,4.870129870129870364e-02,2.759740259740259619e-02,1.136363636363636395e-02,8.116883116883116117e-03,5.032467532467532756e-02,2.435064935064935182e-02,3.246753246753246967e-03,6.493506493506493935e-03,2.922077922077922010e-02,1.461038961038961005e-02,3.246753246753246967e-03,0.000000000000000000e+00,4.870129870129870017e-03,2.435064935064935182e-02,2.435064935064935182e-02,1.980519480519480624e-01,1.785714285714285615e-02,2.110389610389610399e-02,0.000000000000000000e+00,6.493506493506493935e-03,6.493506493506493935e-03,3.084415584415584402e-02,0.000000000000000000e+00,0.000000000000000000e+00,1.623376623376623484e-03,0.000000000000000000e+00,8.116883116883116117e-03,0.000000000000000000e+00,1.623376623376623484e-03,0.000000000000000000e+00,0.000000000000000000e+00,1.623376623376623484e-03,3.246753246753246967e-03,1.623376623376623484e-03,0.000000000000000000e+00,0.000000000000000000e+00,0.000000000000000000e+00,3.246753246753246967e-03,0.000000000000000000e+00,0.000000000000000000e+00,0.000000000000000000e+00,1.623376623376623484e-03,1.623376623376623484e-03,0.000000000000000000e+00,1.623376623376623484e-03
4.255319148936170283e-03,7.234042553191488700e-02,1.446808510638297740e-01,3.404255319148936226e-02,6.808510638297872453e-02,8.510638297872340566e-03,2.127659574468085055e-02,0.000000000000000000e+00,1.702127659574468044e-01,4.255319148936170283e-03,0.000000000000000000e+00,0.000000000000000000e+00,4.255319148936170283e-03,0.000000000000000000e+00,4.680851063829787051e-02,0.000000000000000000e+00,2.127659574468085055e-02,0.000000000000000000e+00,0.000000000000000000e+00,0.000000000000000000e+00,0.000000000000000000e+00,4.255319148936170109e-02,0.000000000000000000e+00,6.808510638297872453e-02,0.000000000000000000e+00,0.000000000000000000e+00,0.000000000000000000e+00,6.808510638297872453e-02,2.127659574468085055e-02,1.276595744680850998e-02,1.276595744680850998e-02,4.255319148936170283e-03,0.000000000000000000e+00,0.000000000000000000e+00,0.000000000000000000e+00,0.000000000000000000e+00,0.000000000000000000e+00,4.255319148936170283e-03,4.255319148936170283e-03,1.276595744680850998e-02,2.978723404255319285e-02,4.255319148936170283e-03,2.127659574468085055e-02,0.000000000000000000e+00,0.000000000000000000e+00,0.000000000000000000e+00,4.255319148936170283e-03,4.255319148936170283e-03,8.085106382978723971e-02,4.255319148936170283e-03,0.000000000000000000e+00,0.000000000000000000e+00,0.000000000000000000e+00
0.000000000000000000e+00,0.000000000000000000e+00,0.000000000000000000e+00,0.000000000000000000e+00,0.000000000000000000e+00,0.000000000000000000e+00,0.000000000000000000e+00,0.000000000000000000e+00,0.000000000000000000e+00,0.000000000000000000e+00,0.000000000000000000e+00,0.000000000000000000e+00,0.000000000000000000e+00,0.000000000000000000e+00,0.000000000000000000e+00,0.000000000000000000e+00,0.000000000000000000e+00,1.428571428571428527e-02,2.571428571428571175e-01,1.642857142857142849e-01,0.000000000000000000e+00,0.000000000000000000e+00,0.000000000000000000e+00,7.142857142857142634e-03,0.000000000000000000e+00,0.000000000000000000e+00,0.000000000000000000e+00,0.000000000000000000e+00,0.000000000000000000e+00,0.000000000000000000e+00,3.571428571428571317e-03,3.571428571428571317e-03,0.000000000000000000e+00,0.000000000000000000e+00,0.000000000000000000e+00,0.000000000000000000e+00,1.071428571428571438e-02,2.500000000000000000e-01,0.000000000000000000e+00,0.000000000000000000e+00,0.000000000000000000e+00,0.000000000000000000e+00,0.000000000000000000e+00,1.285714285714285587e-01,0.000000000000000000e+00,0.000000000000000000e+00,5.714285714285714107e-02,0.000000000000000000e+00,0.000000000000000000e+00,0.000000000000000000e+00,0.000000000000000000e+00,7.499999999999999722e-02,2.857142857142857054e-02
0.000000000000000000e+00,0.000000000000000000e+00,0.000000000000000000e+00,0.000000000000000000e+00,0.000000000000000000e+00,0.000000000000000000e+00,5.649717514124293766e-03,0.000000000000000000e+00,0.000000000000000000e+00,1.440677966101694962e-01,2.824858757062146883e-03,0.000000000000000000e+00,0.000000000000000000e+00,2.824858757062146883e-03,2.542372881355932368e-02,0.000000000000000000e+00,0.000000000000000000e+00,8.474576271186440649e-03,5.649717514124293766e-02,4.463276836158192040e-01,0.000000000000000000e+00,8.474576271186440649e-03,0.000000000000000000e+00,1.412429378531073441e-02,0.000000000000000000e+00,0.000000000000000000e+00,0.000000000000000000e+00,0.000000000000000000e+00,0.000000000000000000e+00,2.824858757062146883e-03,0.000000000000000000e+00,0.000000000000000000e+00,0.000000000000000000e+00,2.824858757062146883e-03,0.000000000000000000e+00,6.497175141242937657e-02,0.000000000000000000e+00,8.474576271186440649e-03,0.000000000000000000e+00,0.000000000000000000e+00,0.000000000000000000e+00,0.000000000000000000e+00,2.824858757062146883e-03,9.887005649717514610e-02,7.909604519774011966e-02,2.824858757062146883e-03,0.000000000000000000e+00,0.000000000000000000e+00,0.000000000000000000e+00,0.000000000000000000e+00,5.649717514124293766e-03,0.000000000000000000e+00,1.694915254237288130e-02
0.000000000000000000e+00,0.000000000000000000e+00,0.000000000000000000e+00,0.000000000000000000e+00,0.000000000000000000e+00,0.000000000000000000e+00,9.554140127388534645e-03,0.000000000000000000e+00,0.000000000000000000e+00,0.000000000000000000e+00,0.000000000000000000e+00,0.000000000000000000e+00,0.000000000000000000e+00,0.000000000000000000e+00,7.643312101910827716e-02,0.000000000000000000e+00,0.000000000000000000e+00,1.273885350318471402e-02,3.789808917197452498e-01,6.050955414012738898e-02,0.000000000000000000e+00,3.184713375796178504e-03,0.000000000000000000e+00,6.369426751592357008e-03,0.000000000000000000e+00,0.000000000000000000e+00,0.000000000000000000e+00,0.000000000000000000e+00,0.000000000000000000e+00,0.000000000000000000e+00,3.184713375796178504e-03,9.554140127388534645e-03,0.000000000000000000e+00,0.000000000000000000e+00,3.184713375796178504e-03,3.821656050955413858e-02,3.184713375796178504e-03,0.000000000000000000e+00,0.000000000000000000e+00,3.184713375796178504e-03,6.369426751592357008e-03,6.369426751592357008e-03,3.184713375796178504e-03,1.910828025477706929e-02,0.000000000000000000e+00,4.777070063694267843e-02,2.866242038216560567e-02,0.000000000000000000e+00,1.273885350318471402e-02,0.000000000000000000e+00,0.000000000000000000e+00,2.611464968152866217e-01,6.369426751592357008e-03
2.830188679245283084e-02,1.226415094339622647e-01,0.000000000000000000e+00,1.320754716981132060e-01,1.320754716981132060e-01,1.886792452830188607e-02,9.433962264150943036e-03,6.603773584905660299e-02,2.830188679245283084e-02,0.000000000000000000e+00,0.000000000000000000e+00,0.000000000000000000e+00,1.886792452830188607e-02,0.000000000000000000e+00,0.000000000000000000e+00,0.000000000000000000e+00,9.433962264150943036e-03,9.433962264150943036e-03,0.000000000000000000e+00,0.000000000000000000e+00,9.433962264150943036e-03,9.433962264150943036e-03,0.000000000000000000e+00,3.773584905660377214e-02,0.000000000000000000e+00,0.000000000000000000e+00,2.830188679245283084e-02,9.433962264150943036e-03,7.547169811320754429e-02,0.000000000000000000e+00,5.660377358490566169e-02,0.000000000000000000e+00,3.773584905660377214e-02,0.000000000000000000e+00,3.773584905660377214e-02,0.000000000000000000e+00,0.000000000000000000e+00,0.000000000000000000e+00,0.000000000000000000e+00,0.000000000000000000e+00,0.000000000000000000e+00,6.603773584905660299e-02,0.000000000000000000e+00,0.000000000000000000e+00,0.000000000000000000e+00,0.000000000000000000e+00,0.000000000000000000e+00,5.660377358490566169e-02,0.000000000000000000e+00,0.000000000000000000e+00,0.000000000000000000e+00,0.000000000000000000e+00,0.000000000000000000e+00
0.000000000000000000e+00,0.000000000000000000e+00,0.000000000000000000e+00,0.000000000000000000e+00,0.000000000000000000e+00,0.000000000000000000e+00,6.896551724137930939e-03,0.000000000000000000e+00,0.000000000000000000e+00,0.000000000000000000e+00,4.597701149425287293e-03,0.000000000000000000e+00,9.195402298850574585e-03,0.000000000000000000e+00,5.172413793103448620e-01,0.000000000000000000e+00,0.000000000000000000e+00,9.195402298850574585e-03,1.149425287356321823e-02,1.609195402298850552e-02,0.000000000000000000e+00,2.298850574712643646e-03,0.000000000000000000e+00,4.597701149425287293e-03,0.000000000000000000e+00,3.448275862068965469e-02,0.000000000000000000e+00,0.000000000000000000e+00,0.000000000000000000e+00,4.367816091954022928e-02,0.000000000000000000e+00,4.827586206896551657e-02,0.000000000000000000e+00,0.000000000000000000e+00,0.000000000000000000e+00,0.000000000000000000e+00,9.195402298850574585e-03,4.597701149425287293e-03,0.000000000000000000e+00,0.000000000000000000e+00,0.000000000000000000e+00,2.298850574712643646e-03,2.183908045977011603e-01,3.448275862068965469e-02,0.000000000000000000e+00,1.149425287356321823e-02,0.000000000000000000e+00,0.000000000000000000e+00,1.149425287356321823e-02,0.000000000000000000e+00,0.000000000000000000e+00,0.000000000000000000e+00,0.000000000000000000e+00
0.000000000000000000e+00,0.000000000000000000e+00,1.476014760147601433e-02,0.000000000000000000e+00,0.000000000000000000e+00,0.000000000000000000e+00,2.214022140221402063e-02,0.000000000000000000e+00,1.033210332103321055e-01,0.000000000000000000e+00,0.000000000000000000e+00,0.000000000000000000e+00,2.214022140221402063e-02,0.000000000000000000e+00,1.992619926199261926e-01,0.000000000000000000e+00,3.690036900369003583e-03,1.476014760147601433e-02,1.107011070110701031e-02,7.380073800738007166e-03,0.000000000000000000e+00,0.000000000000000000e+00,0.000000000000000000e+00,1.476014760147601433e-02,0.000000000000000000e+00,0.000000000000000000e+00,0.000000000000000000e+00,0.000000000000000000e+00,0.000000000000000000e+00,6.642066420664206883e-02,0.000000000000000000e+00,8.118081180811807795e-02,0.000000000000000000e+00,0.000000000000000000e+00,7.380073800738007166e-03,0.000000000000000000e+00,0.000000000000000000e+00,1.845018450184501835e-02,0.000000000000000000e+00,0.000000000000000000e+00,0.000000000000000000e+00,0.000000000000000000e+00,1.845018450184501835e-02,2.214022140221402063e-02,0.000000000000000000e+00,0.000000000000000000e+00,0.000000000000000000e+00,0.000000000000000000e+00,3.579335793357933393e-01,3.690036900369003583e-03,0.000000000000000000e+00,0.000000000000000000e+00,1.107011070110701031e-02
1.209677419354838676e-02,8.064516129032257841e-03,7.258064516129032751e-02,1.209677419354838676e-02,7.661290322580645296e-02,0.000000000000000000e+00,0.000000000000000000e+00,0.000000000000000000e+00,0.000000000000000000e+00,0.000000000000000000e+00,2.540322580645161255e-01,2.419354838709677352e-02,1.209677419354838676e-02,2.016129032258064460e-02,1.612903225806451568e-02,6.048387096774193727e-02,0.000000000000000000e+00,4.032258064516128920e-03,4.032258064516128920e-03,4.032258064516128920e-03,0.000000000000000000e+00,0.000000000000000000e+00,4.032258064516128920e-03,5.241935483870967943e-02,0.000000000000000000e+00,4.435483870967742159e-02,4.838709677419354704e-02,0.000000000000000000e+00,8.064516129032257841e-03,4.032258064516128920e-03,8.467741935483870386e-02,0.000000000000000000e+00,8.064516129032257841e-03,0.000000000000000000e+00,1.612903225806451568e-02,0.000000000000000000e+00,4.032258064516128920e-03,0.000000000000000000e+00,0.000000000000000000e+00,5.241935483870967943e-02,0.000000000000000000e+00,0.000000000000000000e+00,5.645161290322580488e-02,0.000000000000000000e+00,0.000000000000000000e+00,1.612903225806451568e-02,0.000000000000000000e+00,1.612903225806451568e-02,0.000000000000000000e+00,0.000000000000000000e+00,4.032258064516128920e-03,0.000000000000000000e+00,0.000000000000000000e+00
0.000000000000000000e+00,0.000000000000000000e+00,0.000000000000000000e+00,0.000000000000000000e+00,0.000000000000000000e+00,0.000000000000000000e+00,0.000000000000000000e+00,0.000000000000000000e+00,0.000000000000000000e+00,0.000000000000000000e+00,0.000000000000000000e+00,0.000000000000000000e+00,3.003003003003002977e-03,0.000000000000000000e+00,5.105105105105105512e-01,0.000000000000000000e+00,0.000000000000000000e+00,0.000000000000000000e+00,1.501501501501501488e-02,3.003003003003002977e-03,0.000000000000000000e+00,0.000000000000000000e+00,0.000000000000000000e+00,3.003003003003002977e-03,0.000000000000000000e+00,0.000000000000000000e+00,0.000000000000000000e+00,0.000000000000000000e+00,0.000000000000000000e+00,3.003003003003002977e-03,0.000000000000000000e+00,1.681681681681681806e-01,0.000000000000000000e+00,0.000000000000000000e+00,3.003003003003002977e-03,0.000000000000000000e+00,9.009009009009008931e-03,3.003003003003002977e-03,0.000000000000000000e+00,6.306306306306305731e-02,3.003003003003002977e-03,0.000000000000000000e+00,0.000000000000000000e+00,0.000000000000000000e+00,0.000000000000000000e+00,6.006006006006005954e-03,2.072072072072072002e-01,0.000000000000000000e+00,0.000000000000000000e+00,0.000000000000000000e+00,0.000000000000000000e+00,0.000000000000000000e+00,0.000000000000000000e+00
0.000000000000000000e+00,0.000000000000000000e+00,0.000000000000000000e+00,0.000000000000000000e+00,0.000000000000000000e+00,0.000000000000000000e+00,1.342281879194630843e-02,0.000000000000000000e+00,0.000000000000000000e+00,0.000000000000000000e+00,0.000000000000000000e+00,0.000000000000000000e+00,1.342281879194630843e-02,0.000000000000000000e+00,7.718120805369127480e-02,0.000000000000000000e+00,0.000000000000000000e+00,6.711409395973154217e-03,8.389261744966443335e-02,4.026845637583892357e-01,0.000000000000000000e+00,0.000000000000000000e+00,0.000000000000000000e+00,0.000000000000000000e+00,0.000000000000000000e+00,0.000000000000000000e+00,0.000000000000000000e+00,0.000000000000000000e+00,0.000000000000000000e+00,1.006711409395973089e-02,0.000000000000000000e+00,3.355704697986577195e-02,0.000000000000000000e+00,0.000000000000000000e+00,0.000000000000000000e+00,4.362416107382550284e-02,1.879194630872483285e-01,3.355704697986577195e-02,0.000000000000000000e+00,0.000000000000000000e+00,0.000000000000000000e+00,0.000000000000000000e+00,0.000000000000000000e+00,0.000000000000000000e+00,0.000000000000000000e+00,0.000000000000000000e+00,7.046979865771811624e-02,6.711409395973154217e-03,6.711409395973154217e-03,0.000000000000000000e+00,0.000000000000000000e+00,0.000000000000000000e+00,1.006711409395973089e-02
0.000000000000000000e+00,0.000000000000000000e+00,0.000000000000000000e+00,0.000000000000000000e+00,0.000000000000000000e+00,0.000000000000000000e+00,3.676470588235294067e-03,0.000000000000000000e+00,0.000000000000000000e+00,0.000000000000000000e+00,0.000000000000000000e+00,0.000000000000000000e+00,0.000000000000000000e+00,0.000000000000000000e+00,0.000000000000000000e+00,0.000000000000000000e+00,0.000000000000000000e+00,1.102941176470588307e-02,2.757352941176470784e-01,2.132352941176470507e-01,0.000000000000000000e+00,0.000000000000000000e+00,0.000000000000000000e+00,0.000000000000000000e+00,0.000000000000000000e+00,0.000000000000000000e+00,0.000000000000000000e+00,0.000000000000000000e+00,0.000000000000000000e+00,0.000000000000000000e+00,0.000000000000000000e+00,0.000000000000000000e+00,0.000000000000000000e+00,0.000000000000000000e+00,0.000000000000000000e+00,1.323529411764705899e-01,3.308823529411764747e-02,1.360294117647058709e-01,0.000000000000000000e+00,0.000000000000000000e+00,0.000000000000000000e+00,0.000000000000000000e+00,0.000000000000000000e+00,5.147058823529411520e-02,0.000000000000000000e+00,4.411764705882353227e-02,3.676470588235294067e-03,0.000000000000000000e+00,0.000000000000000000e+00,0.000000000000000000e+00,7.352941176470588133e-03,5.147058823529411520e-02,3.676470588235294240e-02
0.000000000000000000e+00,0.000000000000000000e+00,0.000000000000000000e+00,0.000000000000000000e+00,0.000000000000000000e+00,0.000000000000000000e+00,0.000000000000000000e+00,0.000000000000000000e+00,0.000000000000000000e+00,0.000000000000000000e+00,5.025125628140703592e-03,0.000000000000000000e+00,0.000000000000000000e+00,0.000000000000000000e+00,1.356783919597989996e-01,0.000000000000000000e+00,0.000000000000000000e+00,2.010050251256281437e-02,2.562814070351758788e-01,9.798994974874371267e-02,0.000000000000000000e+00,2.512562814070351796e-03,1.507537688442210991e-02,2.512562814070351796e-03,0.000000000000000000e+00,2.512562814070351796e-03,0.000000000000000000e+00,0.000000000000000000e+00,0.000000000000000000e+00,0.000000000000000000e+00,2.512562814070351796e-03,2.512562814070351796e-03,0.000000000000000000e+00,0.000000000000000000e+00,0.000000000000000000e+00,2.010050251256281437e-02,2.010050251256281437e-02,8.040201005025125747e-02,0.000000000000000000e+00,1.256281407035175941e-02,0.000000000000000000e+00,2.512562814070351796e-03,5.025125628140703592e-03,3.266331658291457551e-02,2.060301507537688481e-01,0.000000000000000000e+00,0.000000000000000000e+00,0.000000000000000000e+00,0.000000000000000000e+00,0.000000000000000000e+00,7.537688442211054954e-03,5.276381909547738641e-02,1.758793969849246214e-02
0.000000000000000000e+00,0.000000000000000000e+00,0.000000000000000000e+00,0.000000000000000000e+00,0.000000000000000000e+00,0.000000000000000000e+00,0.000000000000000000e+00,0.000000000000000000e+00,0.000000000000000000e+00,0.000000000000000000e+00,0.000000000000000000e+00,0.000000000000000000e+00,0.000000000000000000e+00,0.000000000000000000e+00,1.776649746192893453e-01,0.000000000000000000e+00,0.000000000000000000e+00,0.000000000000000000e+00,1.472081218274111647e-01,4.060913705583756028e-02,0.000000000000000000e+00,0.000000000000000000e+00,0.000000000000000000e+00,0.000000000000000000e+00,0.000000000000000000e+00,0.000000000000000000e+00,0.000000000000000000e+00,0.000000000000000000e+00,0.000000000000000000e+00,0.000000000000000000e+00,5.076142131979695035e-03,3.705583756345177671e-01,0.000000000000000000e+00,0.000000000000000000e+00,0.000000000000000000e+00,0.000000000000000000e+00,2.030456852791878014e-02,6.091370558375634736e-02,0.000000000000000000e+00,0.000000000000000000e+00,0.000000000000000000e+00,0.000000000000000000e+00,2.538071065989847691e-02,8.629441624365481733e-02,0.000000000000000000e+00,0.000000000000000000e+00,0.000000000000000000e+00,0.000000000000000000e+00,2.030456852791878014e-02,0.000000000000000000e+00,0.000000000000000000e+00,3.045685279187817368e-02,1.522842639593908684e-02
5.504587155963303058e-02,1.834862385321101019e-02,0.000000000000000000e+00,4.587155963302752548e-02,9.174311926605505096e-03,0.000000000000000000e+00,0.000000000000000000e+00,1.834862385321101019e-02,0.000000000000000000e+00,0.000000000000000000e+00,9.174311926605505096e-03,0.000000000000000000e+00,1.834862385321101019e-02,2.752293577981651529e-02,1.834862385321101019e-02,0.000000000000000000e+00,0.000000000000000000e+00,3.669724770642202039e-02,0.000000000000000000e+00,0.000000000000000000e+00,0.000000000000000000e+00,9.174311926605505096e-03,0.000000000000000000e+00,1.284403669724770714e-01,0.000000000000000000e+00,6.422018348623853568e-02,5.504587155963303058e-02,0.000000000000000000e+00,1.834862385321101019e-02,0.000000000000000000e+00,1.651376146788990917e-01,0.000000000000000000e+00,1.376146788990825764e-01,0.000000000000000000e+00,0.000000000000000000e+00,0.000000000000000000e+00,1.834862385321101019e-02,0.000000000000000000e+00,9.174311926605505096e-03,2.752293577981651529e-02,0.000000000000000000e+00,3.669724770642202039e-02,1.834862385321101019e-02,0.000000000000000000e+00,0.000000000000000000e+00,0.000000000000000000e+00,9.174311926605505096e-03,0.000000000000000000e+00,0.000000000000000000e+00,0.000000000000000000e+00,4.587155963302752548e-02,0.000000000000000000e+00,0.000000000000000000e+00
0.000000000000000000e+00,0.000000000000000000e+00,0.000000000000000000e+00,0.000000000000000000e+00,0.000000000000000000e+00,0.000000000000000000e+00,5.847953216374268681e-03,0.000000000000000000e+00,5.847953216374268681e-03,0.000000000000000000e+00,0.000000000000000000e+00,0.000000000000000000e+00,0.000000000000000000e+00,0.000000000000000000e+00,3.040935672514619714e-01,0.000000000000000000e+00,0.000000000000000000e+00,0.000000000000000000e+00,0.000000000000000000e+00,5.847953216374268681e-03,0.000000000000000000e+00,0.000000000000000000e+00,0.000000000000000000e+00,5.847953216374268681e-03,0.000000000000000000e+00,0.000000000000000000e+00,0.000000000000000000e+00,0.000000000000000000e+00,0.000000000000000000e+00,0.000000000000000000e+00,5.847953216374268681e-03,3.099415204678362401e-01,0.000000000000000000e+00,0.000000000000000000e+00,2.339181286549707472e-02,0.000000000000000000e+00,0.000000000000000000e+00,2.923976608187134341e-02,0.000000000000000000e+00,0.000000000000000000e+00,5.847953216374268681e-02,0.000000000000000000e+00,0.000000000000000000e+00,0.000000000000000000e+00,0.000000000000000000e+00,0.000000000000000000e+00,2.397660818713450159e-01,0.000000000000000000e+00,0.000000000000000000e+00,0.000000000000000000e+00,0.000000000000000000e+00,0.000000000000000000e+00,5.847953216374268681e-03
0.000000000000000000e+00,0.000000000000000000e+00,0.000000000000000000e+00,1.372549019607843257e-01,0.000000000000000000e+00,0.000000000000000000e+00,0.000000000000000000e+00,0.000000000000000000e+00,9.803921568627450844e-02,0.000000000000000000e+00,0.000000000000000000e+00,0.000000000000000000e+00,5.882352941176470507e-02,0.000000000000000000e+00,0.000000000000000000e+00,0.000000000000000000e+00,1.960784313725490169e-02,0.000000000000000000e+00,0.000000000000000000e+00,0.000000000000000000e+00,0.000000000000000000e+00,0.000000000000000000e+00,0.000000000000000000e+00,1.372549019607843257e-01,0.000000000000000000e+00,0.000000000000000000e+00,0.000000000000000000e+00,1.372549019607843257e-01,3.921568627450980338e-02,0.000000000000000000e+00,7.843137254901960675e-02,1.960784313725490169e-02,0.000000000000000000e+00,0.000000000000000000e+00,3.921568627450980338e-02,0.000000000000000000e+00,0.000000000000000000e+00,0.000000000000000000e+00,0.000000000000000000e+00,0.000000000000000000e+00,5.882352941176470507e-02,0.000000000000000000e+00,0.000000000000000000e+00,1.960784313725490169e-02,0.000000000000000000e+00,0.000000000000000000e+00,0.000000000000000000e+00,0.000000000000000000e+00,9.803921568627450844e-02,0.000000000000000000e+00,1.960784313725490169e-02,0.000000000000000000e+00,3.921568627450980338e-02
0.000000000000000000e+00,1.724137931034482735e-02,0.000000000000000000e+00,0.000000000000000000e+00,1.724137931034482735e-02,0.000000000000000000e+00,0.000000000000000000e+00,0.000000000000000000e+00,0.000000000000000000e+00,0.000000000000000000e+00,0.000000000000000000e+00,0.000000000000000000e+00,5.172413793103448204e-02,1.724137931034482735e-02,0.000000000000000000e+00,1.724137931034482735e-02,1.724137931034482735e-02,0.000000000000000000e+00,6.896551724137930939e-02,1.724137931034482735e-02,1.724137931034482735e-02,0.000000000000000000e+00,0.000000000000000000e+00,3.448275862068965469e-02,1.724137931034482735e-02,3.448275862068965469e-02,6.896551724137930939e-02,0.000000000000000000e+00,8.620689655172414367e-02,0.000000000000000000e+00,6.896551724137930939e-02,0.000000000000000000e+00,0.000000000000000000e+00,5.172413793103448204e-02,0.000000000000000000e+00,1.724137931034482735e-02,1.724137931034482735e-02,0.000000000000000000e+00,1.724137931034482735e-02,0.000000000000000000e+00,0.000000000000000000e+00,1.724137931034482735e-02,0.000000000000000000e+00,0.000000000000000000e+00,5.172413793103448204e-02,0.000000000000000000e+00,1.724137931034482735e-02,3.448275862068965469e-02,0.000000000000000000e+00,0.000000000000000000e+00,0.000000000000000000e+00,5.172413793103448204e-02,1.724137931034482873e-01
9.259259259259258745e-03,9.259259259259258745e-02,9.722222222222222376e-02,0.000000000000000000e+00,9.259259259259258745e-03,1.851851851851851749e-02,4.166666666666666435e-02,4.629629629629629373e-03,0.000000000000000000e+00,0.000000000000000000e+00,6.018518518518518184e-02,5.555555555555555247e-02,0.000000000000000000e+00,4.629629629629629373e-03,0.000000000000000000e+00,3.240740740740740561e-02,0.000000000000000000e+00,2.777777777777777624e-02,3.703703703703703498e-02,1.388888888888888812e-02,4.629629629629629373e-03,0.000000000000000000e+00,3.518518518518518601e-01,0.000000000000000000e+00,0.000000000000000000e+00,9.259259259259258745e-03,0.000000000000000000e+00,0.000000000000000000e+00,0.000000000000000000e+00,0.000000000000000000e+00,4.629629629629629373e-03,0.000000000000000000e+00,0.000000000000000000e+00,0.000000000000000000e+00,0.000000000000000000e+00,0.000000000000000000e+00,4.629629629629629373e-03,6.944444444444444753e-02,0.000000000000000000e+00,0.000000000000000000e+00,0.000000000000000000e+00,4.629629629629629373e-03,0.000000000000000000e+00,0.000000000000000000e+00,4.629629629629629373e-03,1.851851851851851749e-02,0.000000000000000000e+00,0.000000000000000000e+00,0.000000000000000000e+00,0.000000000000000000e+00,9.259259259259258745e-03,0.000000000000000000e+00,1.388888888888888812e-02
1.714285714285714371e-02,1.714285714285714371e-02,0.000000000000000000e+00,0.000000000000000000e+00,0.000000000000000000e+00,5.714285714285714281e-03,5.714285714285714281e-03,1.142857142857142856e-02,0.000000000000000000e+00,2.857142857142857054e-02,1.142857142857142856e-02,0.000000000000000000e+00,0.000000000000000000e+00,0.000000000000000000e+00,2.857142857142857054e-02,5.714285714285714281e-03,0.000000000000000000e+00,2.285714285714285712e-02,1.885714285714285843e-01,1.314285714285714224e-01,5.714285714285714281e-03,0.000000000000000000e+00,4.571428571428571425e-02,0.000000000000000000e+00,0.000000000000000000e+00,0.000000000000000000e+00,0.000000000000000000e+00,0.000000000000000000e+00,0.000000000000000000e+00,0.000000000000000000e+00,0.000000000000000000e+00,0.000000000000000000e+00,0.000000000000000000e+00,5.714285714285714281e-03,0.000000000000000000e+00,6.285714285714286143e-02,3.428571428571428742e-02,3.428571428571428742e-02,0.000000000000000000e+00,0.000000000000000000e+00,0.000000000000000000e+00,0.000000000000000000e+00,5.714285714285714281e-03,7.428571428571428825e-02,0.000000000000000000e+00,2.285714285714285712e-02,1.885714285714285843e-01,0.000000000000000000e+00,0.000000000000000000e+00,0.000000000000000000e+00,2.285714285714285712e-02,2.285714285714285712e-02,0.000000000000000000e+00
