0.000000000000000000e+00,1.419878296146044605e-02,1.217038539553752519e-02,7.505070993914807198e-02,2.636916835699797124e-02,1.825557809330628778e-02,9.330628803245435976e-02,2.231237322515212951e-02,0.000000000000000000e+00,2.028397565922920864e-02,6.085192697768762593e-03,2.231237322515212951e-02,6.288032454361054679e-02,6.288032454361054679e-02,2.028397565922920864e-03,1.419878296146044605e-02,4.056795131845841729e-03,3.042596348884381297e-02,8.113590263691683457e-03,4.056795131845841729e-03,2.028397565922920864e-03,7.910750507099391371e-02,1.217038539553752519e-02,6.085192697768762593e-03,2.028397565922920864e-02,5.070993914807302161e-02,0.000000000000000000e+00,0.000000000000000000e+00,4.056795131845841729e-03,9.127789046653143890e-02,2.636916835699797124e-02,0.000000000000000000e+00,6.085192697768762593e-03,7.099391480730223025e-02,2.028397565922920864e-03,0.000000000000000000e+00,2.839756592292089210e-02,0.000000000000000000e+00,0.000000000000000000e+00,4.056795131845841729e-03,1.014198782961460432e-02,1.419878296146044605e-02,2.028397565922920864e-03,0.000000000000000000e+00,0.000000000000000000e+00,5.476673427991886334e-02,0.000000000000000000e+00,0.000000000000000000e+00,0.000000000000000000e+00,0.000000000000000000e+00,4.056795131845841729e-03,1.014198782961460432e-02,2.028397565922920864e-03
3.063063063063063002e-02,0.000000000000000000e+00,1.135135135135135198e-01,1.621621621621621712e-02,8.288288288288288286e-02,2.828828828828828801e-01,0.000000000000000000e+00,3.603603603603603659e-03,1.081081081081081141e-02,3.603603603603603659e-03,1.441441441441441464e-02,6.666666666666666574e-02,1.081081081081081141e-02,9.009009009009008931e-03,0.000000000000000000e+00,5.405405405405405705e-03,1.801801801801801786e-02,3.063063063063063002e-02,3.603603603603603659e-03,0.000000000000000000e+00,1.081081081081081141e-02,1.081081081081081141e-02,1.279279279279279258e-01,5.405405405405405705e-03,1.801801801801801786e-02,0.000000000000000000e+00,1.801801801801801830e-03,3.603603603603603659e-03,5.045045045045044863e-02,0.000000000000000000e+00,3.063063063063063002e-02,0.000000000000000000e+00,7.207207207207207318e-03,2.342342342342342357e-02,1.801801801801801830e-03,0.000000000000000000e+00,0.000000000000000000e+00,0.000000000000000000e+00,0.000000000000000000e+00,0.000000000000000000e+00,0.000000000000000000e+00,0.000000000000000000e+00,0.000000000000000000e+00,0.000000000000000000e+00,0.000000000000000000e+00,0.000000000000000000e+00,0.000000000000000000e+00,0.000000000000000000e+00,0.000000000000000000e+00,1.801801801801801830e-03,1.801801801801801830e-03,1.801801801801801830e-03,0.000000000000000000e+00
1.896551724137931008e-02,5.689655172413793371e-02,0.000000000000000000e+00,1.034482758620689641e-02,2.931034482758620649e-02,5.862068965517241298e-02,8.103448275862068506e-02,1.551724137931034461e-02,1.551724137931034461e-02,1.034482758620689641e-02,1.724137931034482735e-03,1.724137931034482735e-03,4.482758620689655110e-02,1.724137931034482735e-03,1.206896551724137914e-02,1.724137931034482735e-03,5.172413793103448204e-03,4.827586206896551657e-02,1.724137931034482735e-03,0.000000000000000000e+00,5.172413793103448204e-03,2.534482758620689724e-01,1.724137931034482735e-03,0.000000000000000000e+00,1.034482758620689641e-02,2.413793103448275829e-02,0.000000000000000000e+00,0.000000000000000000e+00,0.000000000000000000e+00,1.741379310344827458e-01,1.724137931034482735e-03,0.000000000000000000e+00,0.000000000000000000e+00,2.758620689655172376e-02,1.034482758620689641e-02,0.000000000000000000e+00,1.724137931034482735e-03,0.000000000000000000e+00,0.000000000000000000e+00,0.000000000000000000e+00,3.103448275862068922e-02,5.172413793103448204e-03,1.724137931034482735e-03,0.000000000000000000e+00,0.000000000000000000e+00,2.241379310344827555e-02,0.000000000000000000e+00,0.000000000000000000e+00,0.000000000000000000e+00,0.000000000000000000e+00,0.000000000000000000e+00,0.000000000000000000e+00,1.379310344827586188e-02
9.961685823754788671e-02,3.831417624521072599e-03,2.298850574712643646e-02,0.000000000000000000e+00,3.831417624521072599e-03,3.448275862068965469e-02,0.000000000000000000e+00,2.068965517241379282e-01,4.980842911877394336e-02,6.130268199233716159e-02,2.681992337164751036e-02,1.532567049808429040e-02,1.149425287356321823e-02,0.000000000000000000e+00,0.000000000000000000e+00,3.831417624521072599e-03,1.532567049808429040e-02,1.532567049808429040e-02,0.000000000000000000e+00,0.000000000000000000e+00,1.379310344827586188e-01,1.149425287356321823e-02,0.000000000000000000e+00,3.831417624521072599e-03,1.379310344827586188e-01,0.000000000000000000e+00,7.662835249042145198e-03,7.662835249042145198e-03,4.597701149425287293e-02,0.000000000000000000e+00,2.298850574712643646e-02,3.831417624521072599e-03,1.915708812260536256e-02,7.662835249042145198e-03,0.000000000000000000e+00,0.000000000000000000e+00,0.000000000000000000e+00,0.000000000000000000e+00,1.915708812260536256e-02,0.000000000000000000e+00,0.000000000000000000e+00,0.000000000000000000e+00,0.000000000000000000e+00,0.000000000000000000e+00,0.000000000000000000e+00,0.000000000000000000e+00,0.000000000000000000e+00,0.000000000000000000e+00,0.000000000000000000e+00,3.831417624521072599e-03,0.000000000000000000e+00,0.000000000000000000e+00,0.000000000000000000e+00
3.050847457627118772e-02,2.915254237288135708e-01,3.050847457627118772e-02,0.000000000000000000e+00,0.000000000000000000e+00,2.203389830508474534e-01,3.389830508474576173e-03,3.728813559322034094e-02,3.389830508474576173e-03,0.000000000000000000e+00,1.016949152542372808e-02,8.474576271186440302e-02,6.779661016949152345e-03,0.000000000000000000e+00,0.000000000000000000e+00,1.355932203389830469e-02,2.033898305084745617e-02,2.711864406779660938e-02,0.000000000000000000e+00,3.389830508474576173e-03,0.000000000000000000e+00,3.389830508474576173e-03,2.372881355932203451e-02,0.000000000000000000e+00,0.000000000000000000e+00,0.000000000000000000e+00,0.000000000000000000e+00,6.779661016949152345e-03,9.491525423728813804e-02,0.000000000000000000e+00,2.372881355932203451e-02,3.389830508474576173e-03,1.016949152542372808e-02,0.000000000000000000e+00,3.389830508474576173e-03,0.000000000000000000e+00,0.000000000000000000e+00,0.000000000000000000e+00,3.389830508474576259e-02,0.000000000000000000e+00,0.000000000000000000e+00,3.389830508474576173e-03,0.000000000000000000e+00,0.000000000000000000e+00,0.000000000000000000e+00,0.000000000000000000e+00,0.000000000000000000e+00,1.016949152542372808e-02,0.000000000000000000e+00,0.000000000000000000e+00,0.000000000000000000e+00,0.000000000000000000e+00,0.000000000000000000e+00
1.334586466165413599e-01,1.541353383458646531e-01,1.390977443609022479e-01,1.127819548872180389e-02,3.571428571428571230e-02,0.000000000000000000e+00,7.518796992481202590e-03,8.458646616541352914e-02,3.007518796992481036e-02,3.383458646616541166e-02,1.503759398496240518e-02,5.451127819548871878e-02,7.518796992481202590e-03,1.691729323308270583e-02,0.000000000000000000e+00,5.639097744360901943e-03,3.195488721804511101e-02,5.827067669172932007e-02,0.000000000000000000e+00,0.000000000000000000e+00,9.398496240601503238e-03,1.879699248120300648e-03,1.165413533834586401e-01,0.000000000000000000e+00,1.127819548872180389e-02,0.000000000000000000e+00,0.000000000000000000e+00,0.000000000000000000e+00,5.639097744360901943e-03,0.000000000000000000e+00,0.000000000000000000e+00,0.000000000000000000e+00,3.759398496240601295e-03,3.007518796992481036e-02,0.000000000000000000e+00,0.000000000000000000e+00,0.000000000000000000e+00,0.000000000000000000e+00,0.000000000000000000e+00,0.000000000000000000e+00,0.000000000000000000e+00,0.000000000000000000e+00,0.000000000000000000e+00,0.000000000000000000e+00,0.000000000000000000e+00,0.000000000000000000e+00,0.000000000000000000e+00,0.000000000000000000e+00,0.000000000000000000e+00,0.000000000000000000e+00,1.879699248120300648e-03,0.000000000000000000e+00,0.000000000000000000e+00
5.576208178438661449e-03,5.576208178438661449e-03,0.000000000000000000e+00,0.000000000000000000e+00,0.000000000000000000e+00,0.000000000000000000e+00,0.000000000000000000e+00,0.000000000000000000e+00,1.858736059479553816e-03,5.576208178438661449e-03,0.000000000000000000e+00,0.000000000000000000e+00,1.115241635687732290e-02,1.858736059479553816e-03,1.858736059479553816e-03,0.000000000000000000e+00,0.000000000000000000e+00,2.416356877323420221e-02,4.832713754646840443e-02,3.903345724907063274e-02,0.000000000000000000e+00,1.858736059479553816e-03,0.000000000000000000e+00,0.000000000000000000e+00,0.000000000000000000e+00,0.000000000000000000e+00,0.000000000000000000e+00,0.000000000000000000e+00,0.000000000000000000e+00,1.858736059479553816e-03,9.293680297397769949e-03,1.858736059479553816e-03,0.000000000000000000e+00,0.000000000000000000e+00,5.576208178438661449e-03,2.788104089219330950e-01,2.044609665427509285e-02,1.189591078066914442e-01,0.000000000000000000e+00,1.115241635687732290e-02,1.858736059479553816e-03,1.858736059479553816e-03,0.000000000000000000e+00,1.245353159851301100e-01,2.118959107806691333e-01,0.000000000000000000e+00,9.293680297397769949e-03,0.000000000000000000e+00,1.858736059479553816e-03,1.858736059479553816e-03,5.576208178438661449e-03,9.293680297397769949e-03,3.717472118959107980e-02
5.172413793103448204e-02,2.463054187192118254e-03,3.448275862068965469e-02,5.172413793103448204e-02,1.724137931034482735e-02,1.379310344827586188e-01,2.463054187192118254e-03,0.000000000000000000e+00,1.477832512315270866e-02,1.379310344827586188e-01,2.216748768472906472e-02,1.970443349753694603e-02,4.926108374384236509e-03,3.201970443349753948e-02,0.000000000000000000e+00,1.231527093596059171e-02,9.852216748768473017e-03,3.201970443349753948e-02,4.926108374384236509e-03,2.463054187192118254e-03,5.665024630541871942e-02,0.000000000000000000e+00,1.477832512315270866e-02,1.231527093596059171e-02,1.773399014778325178e-01,0.000000000000000000e+00,4.926108374384236509e-03,0.000000000000000000e+00,8.128078817733989936e-02,2.463054187192118254e-03,1.477832512315270866e-02,0.000000000000000000e+00,4.926108374384236509e-03,3.448275862068965469e-02,2.463054187192118254e-03,0.000000000000000000e+00,0.000000000000000000e+00,0.000000000000000000e+00,0.000000000000000000e+00,0.000000000000000000e+00,0.000000000000000000e+00,0.000000000000000000e+00,0.000000000000000000e+00,0.000000000000000000e+00,0.000000000000000000e+00,0.000000000000000000e+00,0.000000000000000000e+00,0.000000000000000000e+00,0.000000000000000000e+00,0.000000000000000000e+00,2.463054187192118254e-03,0.000000000000000000e+00,0.000000000000000000e+00
0.000000000000000000e+00,1.010101010101010187e-02,1.010101010101010187e-02,3.367003367003366943e-02,2.020202020202020374e-02,2.020202020202020374e-02,1.245791245791245810e-01,3.367003367003366856e-03,0.000000000000000000e+00,6.734006734006733712e-03,0.000000000000000000e+00,0.000000000000000000e+00,5.050505050505050414e-02,0.000000000000000000e+00,0.000000000000000000e+00,0.000000000000000000e+00,1.010101010101010083e-01,4.040404040404040747e-02,6.734006734006733712e-03,0.000000000000000000e+00,6.397306397306397330e-02,3.367003367003366856e-03,6.734006734006733712e-03,0.000000000000000000e+00,3.367003367003366856e-03,0.000000000000000000e+00,0.000000000000000000e+00,1.683501683501683471e-02,0.000000000000000000e+00,5.723905723905724219e-02,6.734006734006733712e-03,0.000000000000000000e+00,0.000000000000000000e+00,2.020202020202020374e-02,3.367003367003366943e-02,0.000000000000000000e+00,3.367003367003366856e-03,0.000000000000000000e+00,0.000000000000000000e+00,0.000000000000000000e+00,2.929292929292929282e-01,0.000000000000000000e+00,0.000000000000000000e+00,0.000000000000000000e+00,0.000000000000000000e+00,3.367003367003366856e-03,0.000000000000000000e+00,0.000000000000000000e+00,1.346801346801346742e-02,1.683501683501683471e-02,3.367003367003366856e-03,0.000000000000000000e+00,2.693602693602693485e-02
3.290414878397711351e-02,8.583690987124463490e-03,5.722460658082975660e-03,1.859799713876967089e-02,0.000000000000000000e+00,1.287553648068669523e-02,2.103004291845493590e-01,5.579399141630901615e-02,2.575107296137339047e-02,0.000000000000000000e+00,4.291845493562231745e-03,0.000000000000000000e+00,4.148783977110157700e-02,2.718168812589413438e-02,1.430615164520743915e-03,0.000000000000000000e+00,8.583690987124463490e-03,5.722460658082975660e-02,1.430615164520743915e-03,5.722460658082975660e-03,7.153075822603720268e-02,2.432045779685264655e-02,0.000000000000000000e+00,0.000000000000000000e+00,5.007153075822604049e-02,4.434907010014306483e-02,0.000000000000000000e+00,0.000000000000000000e+00,0.000000000000000000e+00,1.416309012875536510e-01,5.722460658082975660e-03,0.000000000000000000e+00,0.000000000000000000e+00,1.287553648068669523e-02,0.000000000000000000e+00,0.000000000000000000e+00,1.044349070100143023e-01,0.000000000000000000e+00,0.000000000000000000e+00,0.000000000000000000e+00,4.291845493562231745e-03,5.722460658082975660e-03,0.000000000000000000e+00,0.000000000000000000e+00,0.000000000000000000e+00,1.430615164520743915e-02,0.000000000000000000e+00,0.000000000000000000e+00,0.000000000000000000e+00,0.000000000000000000e+00,0.000000000000000000e+00,2.861230329041487830e-03,0.000000000000000000e+00
8.547008547008547868e-03,1.709401709401709574e-02,5.698005698005698290e-03,0.000000000000000000e+00,1.139601139601139658e-02,2.279202279202279316e-02,3.133903133903134103e-02,5.698005698005698290e-03,0.000000000000000000e+00,1.424501424501424529e-02,0.000000000000000000e+00,3.988603988603988543e-02,8.547008547008547868e-03,5.698005698005698116e-02,2.849002849002849145e-03,7.977207977207977085e-02,0.000000000000000000e+00,3.418803418803419147e-02,0.000000000000000000e+00,0.000000000000000000e+00,0.000000000000000000e+00,1.424501424501424529e-02,1.139601139601139658e-02,0.000000000000000000e+00,8.547008547008547868e-03,3.646723646723646906e-01,2.849002849002849145e-03,0.000000000000000000e+00,0.000000000000000000e+00,8.547008547008547868e-03,1.424501424501424529e-02,0.000000000000000000e+00,7.692307692307692735e-02,8.547008547008547868e-03,0.000000000000000000e+00,0.000000000000000000e+00,2.849002849002849058e-02,0.000000000000000000e+00,0.000000000000000000e+00,2.849002849002849145e-03,0.000000000000000000e+00,7.977207977207977085e-02,0.000000000000000000e+00,0.000000000000000000e+00,0.000000000000000000e+00,2.564102564102564014e-02,0.000000000000000000e+00,0.000000000000000000e+00,0.000000000000000000e+00,0.000000000000000000e+00,0.000000000000000000e+00,0.000000000000000000e+00,1.424501424501424529e-02
7.792207792207792028e-02,5.454545454545454281e-02,1.038961038961038960e-02,2.597402597402597400e-03,5.194805194805195148e-02,3.376623376623376360e-02,0.000000000000000000e+00,1.558441558441558440e-02,0.000000000000000000e+00,0.000000000000000000e+00,7.532467532467532201e-02,0.000000000000000000e+00,0.000000000000000000e+00,3.896103896103896014e-02,0.000000000000000000e+00,1.142857142857142821e-01,0.000000000000000000e+00,6.493506493506492894e-02,7.792207792207792201e-03,0.000000000000000000e+00,0.000000000000000000e+00,0.000000000000000000e+00,2.441558441558441539e-01,7.792207792207792201e-03,1.038961038961038960e-02,3.636363636363636187e-02,0.000000000000000000e+00,0.000000000000000000e+00,3.376623376623376360e-02,0.000000000000000000e+00,7.792207792207792201e-03,0.000000000000000000e+00,8.571428571428571508e-02,2.337662337662337747e-02,0.000000000000000000e+00,0.000000000000000000e+00,0.000000000000000000e+00,0.000000000000000000e+00,0.000000000000000000e+00,0.000000000000000000e+00,0.000000000000000000e+00,2.597402597402597400e-03,0.000000000000000000e+00,0.000000000000000000e+00,0.000000000000000000e+00,0.000000000000000000e+00,0.000000000000000000e+00,0.000000000000000000e+00,0.000000000000000000e+00,0.000000000000000000e+00,0.000000000000000000e+00,0.000000000000000000e+00,0.000000000000000000e+00
3.426791277258566665e-02,0.000000000000000000e+00,1.339563862928348781e-01,9.034267912772585285e-02,1.246105919003115230e-02,1.557632398753894080e-02,6.230529595015576148e-03,2.180685358255451609e-02,2.492211838006230459e-02,1.588785046728971861e-01,4.361370716510903217e-02,3.115264797507788074e-03,0.000000000000000000e+00,1.246105919003115230e-02,9.345794392523363789e-03,0.000000000000000000e+00,3.115264797507788074e-03,2.803738317757009310e-02,0.000000000000000000e+00,6.230529595015576148e-03,3.115264797507788161e-02,3.115264797507788074e-03,0.000000000000000000e+00,1.246105919003115230e-02,6.853582554517133330e-02,1.869158878504672758e-02,3.115264797507788074e-03,0.000000000000000000e+00,0.000000000000000000e+00,2.180685358255451609e-02,8.722741433021806434e-02,3.115264797507788074e-03,0.000000000000000000e+00,1.557632398753894080e-02,3.115264797507788074e-03,0.000000000000000000e+00,3.115264797507788074e-03,0.000000000000000000e+00,0.000000000000000000e+00,2.180685358255451609e-02,6.230529595015576148e-03,3.115264797507788074e-03,5.295950155763239769e-02,2.803738317757009310e-02,0.000000000000000000e+00,0.000000000000000000e+00,0.000000000000000000e+00,3.115264797507788074e-03,9.345794392523363789e-03,0.000000000000000000e+00,0.000000000000000000e+00,0.000000000000000000e+00,0.000000000000000000e+00
1.595744680851063912e-01,0.000000000000000000e+00,1.063829787234042527e-02,7.092198581560283516e-03,1.063829787234042527e-02,1.773049645390071052e-02,0.000000000000000000e+00,1.382978723404255372e-01,3.546099290780141758e-03,1.099290780141844032e-01,3.191489361702127409e-02,2.482269503546099404e-02,1.773049645390071052e-02,0.000000000000000000e+00,0.000000000000000000e+00,3.546099290780141758e-03,0.000000000000000000e+00,3.900709219858156107e-02,0.000000000000000000e+00,0.000000000000000000e+00,0.000000000000000000e+00,0.000000000000000000e+00,7.092198581560283516e-03,3.546099290780141758e-03,2.021276595744680715e-01,1.063829787234042527e-02,3.191489361702127409e-02,0.000000000000000000e+00,2.836879432624113406e-02,3.546099290780141758e-03,1.028368794326241092e-01,0.000000000000000000e+00,2.482269503546099404e-02,7.092198581560283516e-03,0.000000000000000000e+00,0.000000000000000000e+00,0.000000000000000000e+00,0.000000000000000000e+00,0.000000000000000000e+00,0.000000000000000000e+00,0.000000000000000000e+00,3.546099290780141758e-03,0.000000000000000000e+00,0.000000000000000000e+00,0.000000000000000000e+00,0.000000000000000000e+00,0.000000000000000000e+00,0.000000000000000000e+00,0.000000000000000000e+00,0.000000000000000000e+00,0.000000000000000000e+00,0.000000000000000000e+00,0.000000000000000000e+00
2.051282051282051280e-02,6.153846153846154188e-02,2.333333333333333370e-01,1.538461538461538547e-02,4.102564102564102561e-02,1.025641025641025640e-02,1.794871794871794740e-02,2.564102564102564014e-02,2.307692307692307820e-02,6.410256410256409687e-02,1.153846153846153910e-01,7.692307692307692735e-03,1.538461538461538547e-02,6.923076923076923461e-02,0.000000000000000000e+00,6.666666666666666574e-02,2.564102564102564100e-03,7.692307692307692735e-03,0.000000000000000000e+00,0.000000000000000000e+00,5.128205128205128201e-03,2.564102564102564100e-03,5.641025641025641107e-02,0.000000000000000000e+00,1.538461538461538547e-02,2.051282051282051280e-02,2.564102564102564100e-03,2.564102564102564100e-03,0.000000000000000000e+00,2.307692307692307820e-02,1.282051282051282007e-02,0.000000000000000000e+00,1.025641025641025640e-02,0.000000000000000000e+00,7.692307692307692735e-03,0.000000000000000000e+00,0.000000000000000000e+00,0.000000000000000000e+00,0.000000000000000000e+00,1.025641025641025640e-02,0.000000000000000000e+00,7.692307692307692735e-03,5.128205128205128201e-03,0.000000000000000000e+00,0.000000000000000000e+00,1.025641025641025640e-02,0.000000000000000000e+00,0.000000000000000000e+00,0.000000000000000000e+00,0.000000000000000000e+00,2.564102564102564100e-03,0.000000000000000000e+00,7.692307692307692735e-03
1.176470588235294101e-02,1.960784313725490169e-02,0.000000000000000000e+00,0.000000000000000000e+00,1.960784313725490169e-02,3.921568627450980338e-03,3.921568627450980338e-03,0.000000000000000000e+00,0.000000000000000000e+00,0.000000000000000000e+00,1.411764705882352922e-01,4.588235294117646856e-01,0.000000000000000000e+00,0.000000000000000000e+00,0.000000000000000000e+00,0.000000000000000000e+00,0.000000000000000000e+00,4.313725490196078372e-02,0.000000000000000000e+00,0.000000000000000000e+00,0.000000000000000000e+00,0.000000000000000000e+00,5.098039215686274439e-02,2.745098039215686236e-02,7.843137254901960675e-03,7.843137254901960675e-03,1.568627450980392135e-02,0.000000000000000000e+00,2.745098039215686236e-02,0.000000000000000000e+00,2.352941176470588203e-02,0.000000000000000000e+00,1.058823529411764691e-01,0.000000000000000000e+00,0.000000000000000000e+00,0.000000000000000000e+00,3.921568627450980338e-03,0.000000000000000000e+00,1.176470588235294101e-02,0.000000000000000000e+00,0.000000000000000000e+00,0.000000000000000000e+00,0.000000000000000000e+00,0.000000000000000000e+00,0.000000000000000000e+00,0.000000000000000000e+00,0.000000000000000000e+00,1.176470588235294101e-02,0.000000000000000000e+00,0.000000000000000000e+00,3.921568627450980338e-03,0.000000000000000000e+00,0.000000000000000000e+00
2.857142857142857054e-02,1.428571428571428527e-02,1.904761904761904934e-02,1.904761904761904934e-02,9.523809523809524669e-03,1.190476190476190410e-01,9.523809523809524669e-03,1.428571428571428527e-02,2.047619047619047561e-01,1.428571428571428527e-02,0.000000000000000000e+00,0.000000000000000000e+00,9.523809523809524669e-03,0.000000000000000000e+00,0.000000000000000000e+00,0.000000000000000000e+00,0.000000000000000000e+00,1.904761904761904934e-02,0.000000000000000000e+00,0.000000000000000000e+00,3.571428571428571508e-01,0.000000000000000000e+00,0.000000000000000000e+00,1.904761904761904934e-02,2.380952380952380820e-02,0.000000000000000000e+00,0.000000000000000000e+00,4.285714285714285754e-02,3.333333333333333287e-02,0.000000000000000000e+00,0.000000000000000000e+00,4.761904761904762334e-03,0.000000000000000000e+00,2.857142857142857054e-02,4.761904761904762334e-03,0.000000000000000000e+00,0.000000000000000000e+00,0.000000000000000000e+00,0.000000000000000000e+00,0.000000000000000000e+00,0.000000000000000000e+00,0.000000000000000000e+00,0.000000000000000000e+00,0.000000000000000000e+00,0.000000000000000000e+00,0.000000000000000000e+00,0.000000000000000000e+00,0.000000000000000000e+00,0.000000000000000000e+00,4.761904761904762334e-03,0.000000000000000000e+00,0.000000000000000000e+00,0.000000000000000000e+00
3.932584269662921239e-02,1.872659176029962610e-02,3.370786516853932491e-02,9.363295880149813052e-03,9.363295880149813052e-03,6.179775280898876233e-02,1.872659176029962610e-02,3.183520599250936473e-02,2.808988764044943742e-02,5.617977528089887485e-02,3.370786516853932491e-02,3.932584269662921239e-02,2.247191011235954994e-02,1.685393258426966245e-02,1.685393258426966245e-02,1.123595505617977497e-02,1.123595505617977497e-02,0.000000000000000000e+00,5.617977528089887485e-03,1.310861423220973862e-02,2.247191011235954994e-02,1.685393258426966245e-02,5.430711610486891466e-02,9.363295880149813052e-03,3.558052434456928509e-02,1.123595505617977497e-02,9.363295880149813052e-03,1.872659176029962567e-03,2.059925093632958629e-02,9.363295880149813052e-03,2.059925093632958629e-02,1.872659176029962567e-03,2.059925093632958629e-02,2.996254681647940107e-02,1.310861423220973862e-02,2.996254681647940107e-02,1.310861423220973862e-02,2.621722846441947724e-02,7.490636704119850268e-03,1.310861423220973862e-02,5.617977528089887485e-03,9.363295880149813052e-03,2.621722846441947724e-02,2.247191011235954994e-02,7.490636704119850268e-03,1.123595505617977497e-02,2.621722846441947724e-02,3.745318352059925134e-03,1.498127340823970054e-02,3.745318352059925134e-03,1.872659176029962567e-03,5.617977528089887485e-03,1.685393258426966245e-02
0.000000000000000000e+00,2.354430379746835500e-01,3.037974683544303681e-02,2.784810126582278403e-02,1.164556962025316417e-01,2.025316455696202569e-02,1.012658227848101285e-02,0.000000000000000000e+00,0.000000000000000000e+00,2.531645569620253212e-03,3.037974683544303681e-02,5.063291139240506250e-02,2.025316455696202569e-02,4.303797468354430417e-02,0.000000000000000000e+00,9.620253164556961945e-02,0.000000000000000000e+00,2.025316455696202569e-02,0.000000000000000000e+00,2.531645569620253212e-03,2.531645569620253212e-03,5.063291139240506424e-03,2.075949367088607556e-01,0.000000000000000000e+00,0.000000000000000000e+00,2.531645569620253212e-03,2.531645569620253212e-03,0.000000000000000000e+00,0.000000000000000000e+00,0.000000000000000000e+00,3.037974683544303681e-02,0.000000000000000000e+00,7.594936708860759202e-03,0.000000000000000000e+00,1.265822784810126563e-02,2.531645569620253212e-03,0.000000000000000000e+00,0.000000000000000000e+00,0.000000000000000000e+00,0.000000000000000000e+00,0.000000000000000000e+00,1.265822784810126563e-02,0.000000000000000000e+00,0.000000000000000000e+00,0.000000000000000000e+00,7.594936708860759202e-03,0.000000000000000000e+00,0.000000000000000000e+00,0.000000000000000000e+00,0.000000000000000000e+00,0.000000000000000000e+00,0.000000000000000000e+00,0.000000000000000000e+00
7.915567282321900322e-03,7.915567282321900322e-03,1.583113456464380064e-02,5.013192612137203075e-02,0.000000000000000000e+00,2.638522427440633152e-03,5.277044854881266303e-03,9.234828496042216117e-02,2.110817941952506521e-02,3.667546174142480297e-01,1.055408970976253261e-02,0.000000000000000000e+00,7.124010554089710290e-02,6.068601583113456682e-02,0.000000000000000000e+00,2.638522427440633152e-03,1.583113456464380064e-02,1.055408970976253261e-02,0.000000000000000000e+00,0.000000000000000000e+00,7.651715039577836053e-02,0.000000000000000000e+00,0.000000000000000000e+00,0.000000000000000000e+00,1.292875989445910201e-01,2.638522427440633152e-03,5.277044854881266303e-03,0.000000000000000000e+00,0.000000000000000000e+00,2.638522427440633152e-03,1.319261213720316663e-02,0.000000000000000000e+00,0.000000000000000000e+00,0.000000000000000000e+00,0.000000000000000000e+00,0.000000000000000000e+00,1.055408970976253261e-02,0.000000000000000000e+00,0.000000000000000000e+00,2.638522427440633152e-03,0.000000000000000000e+00,1.055408970976253261e-02,0.000000000000000000e+00,0.000000000000000000e+00,0.000000000000000000e+00,0.000000000000000000e+00,0.000000000000000000e+00,0.000000000000000000e+00,0.000000000000000000e+00,2.638522427440633152e-03,0.000000000000000000e+00,2.638522427440633152e-03,0.000000000000000000e+00
2.000000000000000042e-02,5.333333333333333676e-02,2.666666666666666838e-02,1.666666666666666644e-02,6.666666666666667095e-03,6.666666666666667095e-03,4.666666666666666879e-02,4.000000000000000083e-02,1.733333333333333393e-01,2.533333333333333548e-01,0.000000000000000000e+00,0.000000000000000000e+00,0.000000000000000000e+00,0.000000000000000000e+00,0.000000000000000000e+00,0.000000000000000000e+00,2.433333333333333459e-01,4.666666666666666879e-02,0.000000000000000000e+00,0.000000000000000000e+00,0.000000000000000000e+00,0.000000000000000000e+00,0.000000000000000000e+00,0.000000000000000000e+00,3.333333333333333287e-02,0.000000000000000000e+00,0.000000000000000000e+00,3.333333333333333547e-03,0.000000000000000000e+00,0.000000000000000000e+00,3.333333333333333547e-03,0.000000000000000000e+00,0.000000000000000000e+00,2.666666666666666838e-02,0.000000000000000000e+00,0.000000000000000000e+00,0.000000000000000000e+00,0.000000000000000000e+00,0.000000000000000000e+00,0.000000000000000000e+00,0.000000000000000000e+00,0.000000000000000000e+00,0.000000000000000000e+00,0.000000000000000000e+00,0.000000000000000000e+00,0.000000000000000000e+00,0.000000000000000000e+00,0.000000000000000000e+00,0.000000000000000000e+00,0.000000000000000000e+00,0.000000000000000000e+00,0.000000000000000000e+00,0.000000000000000000e+00
3.623188405797101493e-03,1.086956521739130405e-02,1.521739130434782705e-01,1.086956521739130405e-02,5.434782608695652023e-02,0.000000000000000000e+00,1.449275362318840597e-02,1.811594202898550790e-02,7.246376811594202987e-03,0.000000000000000000e+00,0.000000000000000000e+00,0.000000000000000000e+00,1.449275362318840597e-02,3.623188405797101493e-03,3.260869565217391214e-02,0.000000000000000000e+00,3.623188405797101493e-03,2.173913043478260809e-02,3.623188405797101493e-03,3.623188405797101493e-03,0.000000000000000000e+00,0.000000000000000000e+00,0.000000000000000000e+00,1.449275362318840597e-02,0.000000000000000000e+00,3.623188405797101493e-03,0.000000000000000000e+00,3.623188405797101493e-03,1.086956521739130405e-02,1.086956521739130405e-02,3.985507246376811252e-02,2.173913043478260809e-02,0.000000000000000000e+00,7.246376811594202987e-03,4.710144927536231985e-02,0.000000000000000000e+00,3.623188405797101493e-03,3.623188405797101493e-03,0.000000000000000000e+00,9.782608695652174335e-02,1.086956521739130405e-02,0.000000000000000000e+00,2.500000000000000000e-01,7.246376811594202987e-03,0.000000000000000000e+00,3.623188405797101493e-03,0.000000000000000000e+00,0.000000000000000000e+00,8.333333333333332871e-02,0.000000000000000000e+00,3.623188405797101493e-03,3.623188405797101493e-03,1.811594202898550790e-02
3.232323232323232320e-02,5.656565656565656908e-02,6.060606060606060601e-03,2.020202020202020200e-03,1.414141414141414227e-02,4.848484848484848481e-02,3.050505050505050719e-01,1.010101010101010187e-02,6.060606060606060601e-03,2.020202020202020200e-03,4.040404040404040401e-03,5.252525252525252347e-02,1.010101010101010187e-02,1.212121212121212120e-02,0.000000000000000000e+00,3.030303030303030387e-02,0.000000000000000000e+00,4.646464646464646547e-02,6.060606060606060601e-03,0.000000000000000000e+00,0.000000000000000000e+00,3.232323232323232320e-02,0.000000000000000000e+00,0.000000000000000000e+00,0.000000000000000000e+00,1.010101010101010083e-01,0.000000000000000000e+00,0.000000000000000000e+00,0.000000000000000000e+00,3.838383838383838120e-02,1.414141414141414227e-02,0.000000000000000000e+00,6.060606060606060601e-03,1.414141414141414227e-02,2.020202020202020200e-03,0.000000000000000000e+00,1.414141414141414227e-02,0.000000000000000000e+00,0.000000000000000000e+00,0.000000000000000000e+00,4.040404040404040401e-03,6.060606060606060601e-03,0.000000000000000000e+00,0.000000000000000000e+00,0.000000000000000000e+00,8.888888888888889228e-02,0.000000000000000000e+00,0.000000000000000000e+00,0.000000000000000000e+00,0.000000000000000000e+00,2.020202020202020200e-03,3.232323232323232320e-02,0.000000000000000000e+00
1.682242990654205517e-01,3.738317757009345516e-02,9.345794392523363789e-03,9.345794392523363789e-03,3.738317757009345516e-02,9.345794392523363789e-03,0.000000000000000000e+00,2.803738317757009310e-02,3.738317757009345516e-02,0.000000000000000000e+00,1.869158878504672758e-02,9.345794392523363789e-03,8.411214953271027583e-02,1.869158878504672758e-02,0.000000000000000000e+00,1.869158878504672758e-02,1.869158878504672758e-02,1.869158878504672758e-02,0.000000000000000000e+00,0.000000000000000000e+00,2.803738317757009310e-02,2.803738317757009310e-02,0.000000000000000000e+00,0.000000000000000000e+00,0.000000000000000000e+00,1.869158878504672758e-02,9.345794392523363789e-03,0.000000000000000000e+00,6.542056074766354479e-02,2.803738317757009310e-02,9.345794392523363789e-03,9.345794392523363789e-03,6.542056074766354479e-02,3.738317757009345516e-02,3.738317757009345516e-02,0.000000000000000000e+00,9.345794392523363789e-03,9.345794392523363789e-03,0.000000000000000000e+00,1.869158878504672758e-02,9.345794392523363789e-03,1.869158878504672758e-02,9.345794392523363789e-03,9.345794392523363789e-03,0.000000000000000000e+00,9.345794392523363789e-03,0.000000000000000000e+00,9.345794392523363789e-03,9.345794392523363789e-03,1.869158878504672758e-02,9.345794392523363789e-03,0.000000000000000000e+00,0.000000000000000000e+00
1.679790026246719137e-01,3.674540682414698112e-02,3.937007874015747977e-02,3.674540682414698112e-02,7.874015748031495954e-03,2.887139107611548516e-02,5.249343832020997302e-03,1.364829396325459299e-01,2.624671916010498651e-03,2.467191601049868732e-01,4.461942257217847707e-02,2.362204724409448786e-02,2.624671916010498651e-03,5.774278215223097033e-02,0.000000000000000000e+00,0.000000000000000000e+00,2.624671916010498651e-03,8.661417322834645549e-02,0.000000000000000000e+00,0.000000000000000000e+00,1.837270341207349056e-02,0.000000000000000000e+00,5.249343832020997302e-03,0.000000000000000000e+00,0.000000000000000000e+00,0.000000000000000000e+00,0.000000000000000000e+00,0.000000000000000000e+00,1.574803149606299191e-02,0.000000000000000000e+00,0.000000000000000000e+00,0.000000000000000000e+00,5.249343832020997302e-03,2.887139107611548516e-02,0.000000000000000000e+00,0.000000000000000000e+00,0.000000000000000000e+00,0.000000000000000000e+00,0.000000000000000000e+00,0.000000000000000000e+00,0.000000000000000000e+00,0.000000000000000000e+00,0.000000000000000000e+00,0.000000000000000000e+00,0.000000000000000000e+00,0.000000000000000000e+00,0.000000000000000000e+00,0.000000000000000000e+00,0.000000000000000000e+00,0.000000000000000000e+00,0.000000000000000000e+00,0.000000000000000000e+00,0.000000000000000000e+00
3.030303030303030300e-03,6.060606060606060601e-03,2.424242424242424240e-02,0.000000000000000000e+00,0.000000000000000000e+00,0.000000000000000000e+00,3.636363636363636187e-02,3.030303030303030300e-03,0.000000000000000000e+00,2.727272727272727140e-02,1.030303030303030276e-01,0.000000000000000000e+00,9.090909090909090468e-03,4.242424242424242681e-02,4.848484848484848481e-02,3.636363636363636187e-02,0.000000000000000000e+00,3.939393939393939087e-02,1.212121212121212120e-02,1.212121212121212120e-02,0.000000000000000000e+00,0.000000000000000000e+00,1.818181818181818094e-02,0.000000000000000000e+00,0.000000000000000000e+00,0.000000000000000000e+00,6.060606060606060601e-03,0.000000000000000000e+00,0.000000000000000000e+00,6.060606060606060601e-03,1.515151515151515194e-02,0.000000000000000000e+00,0.000000000000000000e+00,1.515151515151515194e-02,0.000000000000000000e+00,0.000000000000000000e+00,2.121212121212121340e-02,0.000000000000000000e+00,0.000000000000000000e+00,2.575757575757575690e-01,0.000000000000000000e+00,4.242424242424242681e-02,1.030303030303030276e-01,6.060606060606060601e-03,0.000000000000000000e+00,6.060606060606060774e-02,0.000000000000000000e+00,0.000000000000000000e+00,0.000000000000000000e+00,0.000000000000000000e+00,0.000000000000000000e+00,0.000000000000000000e+00,4.545454545454545581e-02
0.000000000000000000e+00,0.000000000000000000e+00,0.000000000000000000e+00,2.127659574468085055e-02,0.000000000000000000e+00,0.000000000000000000e+00,0.000000000000000000e+00,0.000000000000000000e+00,0.000000000000000000e+00,2.127659574468085055e-02,4.255319148936170109e-02,6.382978723404254817e-02,6.382978723404254817e-02,2.127659574468085124e-01,0.000000000000000000e+00,1.702127659574468044e-01,0.000000000000000000e+00,4.255319148936170109e-02,0.000000000000000000e+00,0.000000000000000000e+00,0.000000000000000000e+00,0.000000000000000000e+00,0.000000000000000000e+00,2.127659574468085055e-02,8.510638297872340219e-02,2.127659574468085055e-02,0.000000000000000000e+00,0.000000000000000000e+00,4.255319148936170109e-02,0.000000000000000000e+00,0.000000000000000000e+00,0.000000000000000000e+00,8.510638297872340219e-02,0.000000000000000000e+00,0.000000000000000000e+00,0.000000000000000000e+00,0.000000000000000000e+00,0.000000000000000000e+00,0.000000000000000000e+00,0.000000000000000000e+00,0.000000000000000000e+00,4.255319148936170109e-02,0.000000000000000000e+00,0.000000000000000000e+00,0.000000000000000000e+00,0.000000000000000000e+00,0.000000000000000000e+00,4.255319148936170109e-02,0.000000000000000000e+00,0.000000000000000000e+00,2.127659574468085055e-02,0.000000000000000000e+00,0.000000000000000000e+00
2.439024390243902524e-02,9.756097560975610095e-02,2.439024390243902524e-02,2.439024390243902524e-02,0.000000000000000000e+00,7.317073170731706877e-02,0.000000000000000000e+00,2.439024390243902524e-02,1.951219512195122019e-01,0.000000000000000000e+00,0.000000000000000000e+00,0.000000000000000000e+00,0.000000000000000000e+00,0.000000000000000000e+00,0.000000000000000000e+00,0.000000000000000000e+00,2.439024390243902385e-01,0.000000000000000000e+00,0.000000000000000000e+00,0.000000000000000000e+00,4.878048780487805047e-02,2.439024390243902524e-02,0.000000000000000000e+00,2.439024390243902524e-02,0.000000000000000000e+00,0.000000000000000000e+00,0.000000000000000000e+00,0.000000000000000000e+00,2.439024390243902524e-02,0.000000000000000000e+00,0.000000000000000000e+00,0.000000000000000000e+00,0.000000000000000000e+00,0.000000000000000000e+00,9.756097560975610095e-02,0.000000000000000000e+00,0.000000000000000000e+00,0.000000000000000000e+00,2.439024390243902524e-02,0.000000000000000000e+00,0.000000000000000000e+00,0.000000000000000000e+00,0.000000000000000000e+00,0.000000000000000000e+00,0.000000000000000000e+00,0.000000000000000000e+00,0.000000000000000000e+00,0.000000000000000000e+00,0.000000000000000000e+00,4.878048780487805047e-02,0.000000000000000000e+00,0.000000000000000000e+00,0.000000000000000000e+00
2.307692307692307820e-01,6.043956043956043994e-02,2.197802197802197974e-02,5.494505494505494934e-03,3.846153846153846367e-02,1.483516483516483520e-01,0.000000000000000000e+00,3.846153846153846367e-02,1.648351648351648394e-02,2.197802197802197974e-02,4.395604395604395948e-02,6.043956043956043994e-02,3.296703296703296787e-02,0.000000000000000000e+00,0.000000000000000000e+00,0.000000000000000000e+00,0.000000000000000000e+00,1.648351648351648394e-02,0.000000000000000000e+00,0.000000000000000000e+00,1.648351648351648394e-02,1.098901098901098987e-02,1.648351648351648394e-02,1.098901098901098883e-01,2.747252747252747207e-02,0.000000000000000000e+00,0.000000000000000000e+00,0.000000000000000000e+00,0.000000000000000000e+00,0.000000000000000000e+00,2.747252747252747207e-02,5.494505494505494934e-03,1.648351648351648394e-02,2.197802197802197974e-02,0.000000000000000000e+00,0.000000000000000000e+00,0.000000000000000000e+00,0.000000000000000000e+00,0.000000000000000000e+00,0.000000000000000000e+00,0.000000000000000000e+00,5.494505494505494934e-03,0.000000000000000000e+00,0.000000000000000000e+00,0.000000000000000000e+00,0.000000000000000000e+00,0.000000000000000000e+00,0.000000000000000000e+00,0.000000000000000000e+00,0.000000000000000000e+00,5.494505494505494934e-03,0.000000000000000000e+00,0.000000000000000000e+00
0.000000000000000000e+00,0.000000000000000000e+00,7.082152974504249410e-02,0.000000000000000000e+00,0.000000000000000000e+00,0.000000000000000000e+00,3.116147308781869532e-02,0.000000000000000000e+00,1.699716713881019997e-02,1.218130311614730871e-01,0.000000000000000000e+00,0.000000000000000000e+00,3.116147308781869532e-02,2.832861189801699851e-03,7.932011331444759061e-02,0.000000000000000000e+00,2.832861189801699851e-03,3.116147308781869532e-02,1.699716713881019997e-02,5.382436260623229413e-02,0.000000000000000000e+00,2.832861189801699851e-03,2.832861189801699851e-03,8.498583569405099986e-03,0.000000000000000000e+00,0.000000000000000000e+00,0.000000000000000000e+00,0.000000000000000000e+00,0.000000000000000000e+00,0.000000000000000000e+00,8.498583569405099986e-03,2.549575070821529649e-02,0.000000000000000000e+00,2.832861189801699851e-03,2.832861189801699851e-03,0.000000000000000000e+00,5.382436260623229413e-02,5.665722379603399701e-03,0.000000000000000000e+00,2.124645892351274823e-01,1.133144475920679940e-02,0.000000000000000000e+00,1.104815864022662825e-01,1.133144475920679940e-02,0.000000000000000000e+00,3.966005665722379531e-02,0.000000000000000000e+00,0.000000000000000000e+00,8.498583569405099986e-03,0.000000000000000000e+00,0.000000000000000000e+00,1.133144475920679940e-02,2.266288951841359881e-02
0.000000000000000000e+00,7.563025210084033112e-02,1.260504201680672301e-02,6.722689075630251809e-02,1.680672268907562952e-02,0.000000000000000000e+00,8.403361344537814762e-03,1.680672268907562952e-02,8.403361344537814762e-03,2.100840336134453951e-02,4.201680672268907381e-03,1.260504201680672301e-02,1.554621848739495826e-01,2.521008403361344602e-02,1.386554621848739566e-01,4.201680672268907901e-02,2.521008403361344602e-02,6.302521008403361158e-02,4.201680672268907381e-03,4.201680672268907381e-03,4.201680672268907381e-03,1.680672268907562952e-02,4.201680672268907381e-03,0.000000000000000000e+00,0.000000000000000000e+00,2.941176470588235253e-02,2.100840336134453951e-02,8.403361344537814762e-03,0.000000000000000000e+00,0.000000000000000000e+00,0.000000000000000000e+00,0.000000000000000000e+00,0.000000000000000000e+00,0.000000000000000000e+00,8.403361344537814762e-03,0.000000000000000000e+00,4.201680672268907381e-03,0.000000000000000000e+00,5.462184873949579855e-02,1.680672268907562952e-02,8.403361344537814762e-03,4.621848739495798553e-02,0.000000000000000000e+00,0.000000000000000000e+00,0.000000000000000000e+00,0.000000000000000000e+00,0.000000000000000000e+00,6.722689075630251809e-02,0.000000000000000000e+00,0.000000000000000000e+00,4.201680672268907381e-03,4.201680672268907381e-03,0.000000000000000000e+00
7.812500000000000000e-03,3.906250000000000000e-02,2.460937500000000000e-01,7.031250000000000000e-02,4.296875000000000000e-02,1.171875000000000000e-02,0.000000000000000000e+00,5.078125000000000000e-02,1.171875000000000000e-01,2.343750000000000000e-02,8.203125000000000000e-02,3.906250000000000000e-03,3.515625000000000000e-02,2.343750000000000000e-02,0.000000000000000000e+00,3.906250000000000000e-03,6.250000000000000000e-02,2.734375000000000000e-02,0.000000000000000000e+00,0.000000000000000000e+00,1.562500000000000000e-02,3.906250000000000000e-03,0.000000000000000000e+00,0.000000000000000000e+00,2.734375000000000000e-02,0.000000000000000000e+00,3.906250000000000000e-03,2.734375000000000000e-02,0.000000000000000000e+00,3.906250000000000000e-03,4.296875000000000000e-02,0.000000000000000000e+00,0.000000000000000000e+00,0.000000000000000000e+00,3.906250000000000000e-03,0.000000000000000000e+00,0.000000000000000000e+00,0.000000000000000000e+00,0.000000000000000000e+00,3.906250000000000000e-03,3.906250000000000000e-03,1.171875000000000000e-02,0.000000000000000000e+00,0.000000000000000000e+00,0.000000000000000000e+00,0.000000000000000000e+00,0.000000000000000000e+00,0.000000000000000000e+00,0.000000000000000000e+00,3.906250000000000000e-03,0.000000000000000000e+00,0.000000000000000000e+00,0.000000000000000000e+00
2.500000000000000139e-02,3.749999999999999861e-02,6.250000000000000347e-03,1.250000000000000069e-02,3.125000000000000000e-02,0.000000000000000000e+00,1.250000000000000069e-02,0.000000000000000000e+00,0.000000000000000000e+00,1.250000000000000069e-02,1.187499999999999944e-01,1.187499999999999944e-01,6.250000000000000347e-03,6.875000000000000555e-02,0.000000000000000000e+00,1.312500000000000056e-01,0.000000000000000000e+00,4.374999999999999722e-02,0.000000000000000000e+00,6.250000000000000347e-03,0.000000000000000000e+00,0.000000000000000000e+00,8.749999999999999445e-02,3.749999999999999861e-02,1.874999999999999931e-02,7.499999999999999722e-02,2.500000000000000139e-02,0.000000000000000000e+00,1.874999999999999931e-02,0.000000000000000000e+00,2.500000000000000139e-02,0.000000000000000000e+00,0.000000000000000000e+00,6.250000000000000347e-03,0.000000000000000000e+00,0.000000000000000000e+00,1.250000000000000069e-02,0.000000000000000000e+00,0.000000000000000000e+00,0.000000000000000000e+00,0.000000000000000000e+00,2.500000000000000139e-02,0.000000000000000000e+00,0.000000000000000000e+00,0.000000000000000000e+00,0.000000000000000000e+00,0.000000000000000000e+00,2.500000000000000139e-02,0.000000000000000000e+00,0.000000000000000000e+00,1.250000000000000069e-02,0.000000000000000000e+00,0.000000000000000000e+00
1.262626262626262708e-01,8.080808080808081495e-02,7.575757575757575968e-02,1.515151515151515194e-02,1.010101010101010187e-02,2.525252525252525207e-02,1.515151515151515194e-02,3.030303030303030387e-02,3.030303030303030387e-02,7.575757575757575968e-02,5.050505050505050934e-03,1.515151515151515194e-02,9.090909090909091161e-02,1.010101010101010187e-02,0.000000000000000000e+00,5.050505050505050934e-03,1.010101010101010187e-02,5.050505050505050414e-02,0.000000000000000000e+00,0.000000000000000000e+00,3.030303030303030387e-02,2.020202020202020374e-02,4.040404040404040747e-02,9.595959595959595301e-02,3.535353535353535220e-02,2.525252525252525207e-02,0.000000000000000000e+00,0.000000000000000000e+00,5.050505050505050934e-03,3.030303030303030387e-02,0.000000000000000000e+00,0.000000000000000000e+00,1.010101010101010187e-02,0.000000000000000000e+00,1.010101010101010187e-02,0.000000000000000000e+00,5.050505050505050934e-03,0.000000000000000000e+00,0.000000000000000000e+00,0.000000000000000000e+00,5.050505050505050934e-03,0.000000000000000000e+00,0.000000000000000000e+00,0.000000000000000000e+00,0.000000000000000000e+00,1.010101010101010187e-02,0.000000000000000000e+00,0.000000000000000000e+00,0.000000000000000000e+00,0.000000000000000000e+00,5.050505050505050934e-03,0.000000000000000000e+00,0.000000000000000000e+00
0.000000000000000000e+00,9.638554216867470381e-02,1.445783132530120418e-01,2.409638554216867595e-02,1.084337349397590383e-01,3.614457831325301046e-02,0.000000000000000000e+00,0.000000000000000000e+00,1.204819277108433728e-01,0.000000000000000000e+00,0.000000000000000000e+00,0.000000000000000000e+00,3.614457831325301046e-02,1.204819277108433798e-02,2.409638554216867595e-02,0.000000000000000000e+00,0.000000000000000000e+00,4.819277108433735191e-02,0.000000000000000000e+00,0.000000000000000000e+00,1.204819277108433798e-02,3.614457831325301046e-02,0.000000000000000000e+00,1.204819277108433798e-02,0.000000000000000000e+00,0.000000000000000000e+00,0.000000000000000000e+00,7.228915662650602092e-02,2.409638554216867595e-02,0.000000000000000000e+00,6.024096385542168641e-02,2.409638554216867595e-02,0.000000000000000000e+00,0.000000000000000000e+00,0.000000000000000000e+00,0.000000000000000000e+00,0.000000000000000000e+00,0.000000000000000000e+00,2.409638554216867595e-02,0.000000000000000000e+00,1.204819277108433798e-02,0.000000000000000000e+00,0.000000000000000000e+00,0.000000000000000000e+00,0.000000000000000000e+00,0.000000000000000000e+00,0.000000000000000000e+00,0.000000000000000000e+00,6.024096385542168641e-02,1.204819277108433798e-02,0.000000000000000000e+00,0.000000000000000000e+00,0.000000000000000000e+00
0.000000000000000000e+00,0.000000000000000000e+00,0.000000000000000000e+00,0.000000000000000000e+00,0.000000000000000000e+00,0.000000000000000000e+00,0.000000000000000000e+00,0.000000000000000000e+00,0.000000000000000000e+00,0.000000000000000000e+00,0.000000000000000000e+00,0.000000000000000000e+00,0.000000000000000000e+00,0.000000000000000000e+00,4.184100418410041482e-03,0.000000000000000000e+00,0.000000000000000000e+00,5.857740585774058595e-02,1.799163179916317967e-01,1.380753138075313802e-01,0.000000000000000000e+00,0.000000000000000000e+00,0.000000000000000000e+00,0.000000000000000000e+00,0.000000000000000000e+00,0.000000000000000000e+00,0.000000000000000000e+00,0.000000000000000000e+00,0.000000000000000000e+00,0.000000000000000000e+00,4.184100418410041482e-03,8.368200836820082963e-03,0.000000000000000000e+00,0.000000000000000000e+00,0.000000000000000000e+00,0.000000000000000000e+00,2.928870292887029297e-02,2.343096234309623438e-01,0.000000000000000000e+00,0.000000000000000000e+00,0.000000000000000000e+00,0.000000000000000000e+00,0.000000000000000000e+00,1.380753138075313802e-01,0.000000000000000000e+00,0.000000000000000000e+00,1.213389121338912108e-01,0.000000000000000000e+00,0.000000000000000000e+00,0.000000000000000000e+00,8.368200836820082963e-03,3.347280334728033185e-02,4.184100418410041655e-02
0.000000000000000000e+00,0.000000000000000000e+00,0.000000000000000000e+00,0.000000000000000000e+00,0.000000000000000000e+00,0.000000000000000000e+00,4.201680672268907381e-03,0.000000000000000000e+00,0.000000000000000000e+00,1.680672268907563160e-01,0.000000000000000000e+00,0.000000000000000000e+00,8.403361344537814762e-03,0.000000000000000000e+00,2.941176470588235253e-02,0.000000000000000000e+00,0.000000000000000000e+00,2.100840336134453951e-02,5.462184873949579855e-02,3.697478991596638842e-01,0.000000000000000000e+00,0.000000000000000000e+00,0.000000000000000000e+00,4.201680672268907381e-03,0.000000000000000000e+00,0.000000000000000000e+00,0.000000000000000000e+00,0.000000000000000000e+00,0.000000000000000000e+00,0.000000000000000000e+00,0.000000000000000000e+00,0.000000000000000000e+00,4.201680672268907381e-03,0.000000000000000000e+00,0.000000000000000000e+00,2.941176470588235253e-02,0.000000000000000000e+00,2.941176470588235253e-02,0.000000000000000000e+00,0.000000000000000000e+00,0.000000000000000000e+00,0.000000000000000000e+00,0.000000000000000000e+00,1.512605042016806622e-01,5.882352941176470507e-02,8.403361344537814762e-03,4.201680672268907381e-03,0.000000000000000000e+00,0.000000000000000000e+00,0.000000000000000000e+00,4.201680672268907381e-03,0.000000000000000000e+00,5.042016806722689204e-02
0.000000000000000000e+00,1.401869158878504655e-02,0.000000000000000000e+00,0.000000000000000000e+00,0.000000000000000000e+00,0.000000000000000000e+00,4.672897196261681894e-03,0.000000000000000000e+00,0.000000000000000000e+00,0.000000000000000000e+00,0.000000000000000000e+00,0.000000000000000000e+00,0.000000000000000000e+00,0.000000000000000000e+00,2.803738317757009310e-02,0.000000000000000000e+00,0.000000000000000000e+00,1.401869158878504655e-02,4.345794392523364413e-01,6.074766355140186896e-02,0.000000000000000000e+00,9.345794392523363789e-03,0.000000000000000000e+00,4.672897196261681894e-03,0.000000000000000000e+00,0.000000000000000000e+00,0.000000000000000000e+00,0.000000000000000000e+00,0.000000000000000000e+00,0.000000000000000000e+00,9.345794392523363789e-03,2.336448598130841034e-02,0.000000000000000000e+00,0.000000000000000000e+00,0.000000000000000000e+00,6.542056074766354479e-02,0.000000000000000000e+00,0.000000000000000000e+00,0.000000000000000000e+00,4.672897196261681894e-03,4.672897196261681894e-03,0.000000000000000000e+00,0.000000000000000000e+00,9.345794392523363789e-03,0.000000000000000000e+00,2.336448598130841034e-02,5.607476635514018620e-02,0.000000000000000000e+00,0.000000000000000000e+00,0.000000000000000000e+00,0.000000000000000000e+00,2.196261682242990620e-01,1.401869158878504655e-02
2.777777777777777624e-02,1.666666666666666574e-01,0.000000000000000000e+00,8.333333333333332871e-02,5.555555555555555247e-02,0.000000000000000000e+00,0.000000000000000000e+00,5.555555555555555247e-02,2.777777777777777624e-02,0.000000000000000000e+00,0.000000000000000000e+00,0.000000000000000000e+00,5.555555555555555247e-02,2.777777777777777624e-02,0.000000000000000000e+00,5.555555555555555247e-02,0.000000000000000000e+00,8.333333333333332871e-02,0.000000000000000000e+00,0.000000000000000000e+00,0.000000000000000000e+00,2.777777777777777624e-02,0.000000000000000000e+00,0.000000000000000000e+00,0.000000000000000000e+00,0.000000000000000000e+00,0.000000000000000000e+00,0.000000000000000000e+00,5.555555555555555247e-02,0.000000000000000000e+00,5.555555555555555247e-02,0.000000000000000000e+00,5.555555555555555247e-02,0.000000000000000000e+00,5.555555555555555247e-02,0.000000000000000000e+00,0.000000000000000000e+00,0.000000000000000000e+00,0.000000000000000000e+00,0.000000000000000000e+00,0.000000000000000000e+00,0.000000000000000000e+00,0.000000000000000000e+00,0.000000000000000000e+00,0.000000000000000000e+00,0.000000000000000000e+00,2.777777777777777624e-02,8.333333333333332871e-02,0.000000000000000000e+00,0.000000000000000000e+00,0.000000000000000000e+00,0.000000000000000000e+00,0.000000000000000000e+00
0.000000000000000000e+00,0.000000000000000000e+00,0.000000000000000000e+00,0.000000000000000000e+00,0.000000000000000000e+00,0.000000000000000000e+00,7.936507936507936067e-03,0.000000000000000000e+00,0.000000000000000000e+00,0.000000000000000000e+00,1.190476190476190410e-02,0.000000000000000000e+00,3.968253968253968034e-03,3.968253968253968034e-03,3.333333333333333148e-01,0.000000000000000000e+00,0.000000000000000000e+00,3.571428571428571230e-02,7.936507936507936067e-03,2.380952380952380820e-02,0.000000000000000000e+00,0.000000000000000000e+00,0.000000000000000000e+00,1.190476190476190410e-02,0.000000000000000000e+00,2.777777777777777624e-02,0.000000000000000000e+00,0.000000000000000000e+00,0.000000000000000000e+00,7.142857142857142461e-02,7.936507936507936067e-03,7.936507936507936067e-02,0.000000000000000000e+00,0.000000000000000000e+00,3.968253968253968034e-03,0.000000000000000000e+00,3.174603174603174427e-02,0.000000000000000000e+00,0.000000000000000000e+00,0.000000000000000000e+00,0.000000000000000000e+00,3.968253968253968034e-03,2.341269841269841279e-01,5.158730158730158444e-02,0.000000000000000000e+00,3.174603174603174427e-02,0.000000000000000000e+00,0.000000000000000000e+00,1.587301587301587213e-02,0.000000000000000000e+00,0.000000000000000000e+00,0.000000000000000000e+00,0.000000000000000000e+00
0.000000000000000000e+00,0.000000000000000000e+00,2.013422818791946178e-02,6.711409395973154217e-03,0.000000000000000000e+00,0.000000000000000000e+00,2.684563758389261687e-02,0.000000000000000000e+00,2.684563758389261687e-02,0.000000000000000000e+00,0.000000000000000000e+00,0.000000000000000000e+00,2.684563758389261687e-02,0.000000000000000000e+00,1.610738255033556943e-01,0.000000000000000000e+00,6.711409395973154217e-03,6.711409395973154217e-03,1.342281879194630843e-02,0.000000000000000000e+00,0.000000000000000000e+00,6.711409395973154217e-03,0.000000000000000000e+00,0.000000000000000000e+00,0.000000000000000000e+00,0.000000000000000000e+00,0.000000000000000000e+00,0.000000000000000000e+00,0.000000000000000000e+00,4.697986577181208212e-02,6.711409395973154217e-03,1.006711409395973089e-01,0.000000000000000000e+00,0.000000000000000000e+00,6.711409395973154217e-03,0.000000000000000000e+00,0.000000000000000000e+00,6.711409395973154217e-03,0.000000000000000000e+00,0.000000000000000000e+00,0.000000000000000000e+00,0.000000000000000000e+00,5.369127516778523374e-02,5.369127516778523374e-02,0.000000000000000000e+00,0.000000000000000000e+00,0.000000000000000000e+00,0.000000000000000000e+00,4.026845637583892357e-01,1.342281879194630843e-02,0.000000000000000000e+00,0.000000000000000000e+00,6.711409395973154217e-03
0.000000000000000000e+00,0.000000000000000000e+00,7.407407407407406996e-02,3.703703703703703498e-02,1.018518518518518462e-01,9.259259259259258745e-03,1.851851851851851749e-02,0.000000000000000000e+00,0.000000000000000000e+00,0.000000000000000000e+00,2.129629629629629650e-01,5.555555555555555247e-02,0.000000000000000000e+00,9.259259259259258745e-03,0.000000000000000000e+00,6.481481481481481122e-02,0.000000000000000000e+00,9.259259259259258745e-03,0.000000000000000000e+00,0.000000000000000000e+00,0.000000000000000000e+00,0.000000000000000000e+00,9.259259259259258745e-03,4.629629629629629373e-02,0.000000000000000000e+00,1.851851851851851749e-02,1.851851851851851749e-02,0.000000000000000000e+00,1.851851851851851749e-02,0.000000000000000000e+00,1.388888888888888951e-01,0.000000000000000000e+00,1.851851851851851749e-02,0.000000000000000000e+00,0.000000000000000000e+00,0.000000000000000000e+00,0.000000000000000000e+00,9.259259259259258745e-03,0.000000000000000000e+00,2.777777777777777624e-02,0.000000000000000000e+00,0.000000000000000000e+00,6.481481481481481122e-02,0.000000000000000000e+00,0.000000000000000000e+00,0.000000000000000000e+00,0.000000000000000000e+00,1.851851851851851749e-02,0.000000000000000000e+00,0.000000000000000000e+00,1.851851851851851749e-02,0.000000000000000000e+00,0.000000000000000000e+00
0.000000000000000000e+00,0.000000000000000000e+00,0.000000000000000000e+00,0.000000000000000000e+00,0.000000000000000000e+00,0.000000000000000000e+00,0.000000000000000000e+00,0.000000000000000000e+00,0.000000000000000000e+00,0.000000000000000000e+00,0.000000000000000000e+00,0.000000000000000000e+00,0.000000000000000000e+00,0.000000000000000000e+00,3.605947955390334525e-01,0.000000000000000000e+00,0.000000000000000000e+00,6.319702602230482802e-02,0.000000000000000000e+00,3.717472118959107633e-03,0.000000000000000000e+00,3.717472118959107633e-03,0.000000000000000000e+00,0.000000000000000000e+00,0.000000000000000000e+00,0.000000000000000000e+00,0.000000000000000000e+00,0.000000000000000000e+00,0.000000000000000000e+00,7.434944237918215265e-03,0.000000000000000000e+00,1.933085501858736177e-01,0.000000000000000000e+00,0.000000000000000000e+00,3.717472118959107633e-03,3.717472118959107633e-03,7.434944237918215265e-03,3.717472118959107633e-03,0.000000000000000000e+00,8.178438661710037139e-02,1.115241635687732290e-02,0.000000000000000000e+00,0.000000000000000000e+00,0.000000000000000000e+00,0.000000000000000000e+00,3.717472118959107633e-03,2.527881040892193121e-01,0.000000000000000000e+00,0.000000000000000000e+00,0.000000000000000000e+00,0.000000000000000000e+00,0.000000000000000000e+00,0.000000000000000000e+00
0.000000000000000000e+00,0.000000000000000000e+00,4.166666666666666609e-03,4.166666666666666609e-03,0.000000000000000000e+00,0.000000000000000000e+00,0.000000000000000000e+00,0.000000000000000000e+00,0.000000000000000000e+00,4.166666666666666609e-03,0.000000000000000000e+00,0.000000000000000000e+00,1.250000000000000069e-02,0.000000000000000000e+00,2.916666666666666713e-02,0.000000000000000000e+00,0.000000000000000000e+00,5.000000000000000278e-02,7.083333333333333148e-02,3.791666666666666519e-01,0.000000000000000000e+00,0.000000000000000000e+00,0.000000000000000000e+00,0.000000000000000000e+00,0.000000000000000000e+00,0.000000000000000000e+00,0.000000000000000000e+00,0.000000000000000000e+00,0.000000000000000000e+00,4.166666666666666609e-03,0.000000000000000000e+00,8.333333333333332871e-02,0.000000000000000000e+00,0.000000000000000000e+00,0.000000000000000000e+00,2.500000000000000139e-02,1.333333333333333315e-01,2.500000000000000139e-02,0.000000000000000000e+00,4.166666666666666609e-03,0.000000000000000000e+00,0.000000000000000000e+00,0.000000000000000000e+00,0.000000000000000000e+00,0.000000000000000000e+00,0.000000000000000000e+00,1.583333333333333259e-01,0.000000000000000000e+00,0.000000000000000000e+00,0.000000000000000000e+00,0.000000000000000000e+00,0.000000000000000000e+00,1.250000000000000069e-02
0.000000000000000000e+00,0.000000000000000000e+00,0.000000000000000000e+00,0.000000000000000000e+00,0.000000000000000000e+00,0.000000000000000000e+00,0.000000000000000000e+00,0.000000000000000000e+00,0.000000000000000000e+00,0.000000000000000000e+00,0.000000000000000000e+00,0.000000000000000000e+00,0.000000000000000000e+00,0.000000000000000000e+00,5.882352941176470507e-03,0.000000000000000000e+00,0.000000000000000000e+00,5.294117647058823456e-02,2.529411764705882248e-01,1.588235294117646967e-01,0.000000000000000000e+00,0.000000000000000000e+00,0.000000000000000000e+00,0.000000000000000000e+00,0.000000000000000000e+00,0.000000000000000000e+00,0.000000000000000000e+00,0.000000000000000000e+00,0.000000000000000000e+00,0.000000000000000000e+00,0.000000000000000000e+00,0.000000000000000000e+00,0.000000000000000000e+00,0.000000000000000000e+00,0.000000000000000000e+00,1.705882352941176516e-01,4.705882352941176405e-02,8.235294117647058709e-02,0.000000000000000000e+00,0.000000000000000000e+00,0.000000000000000000e+00,0.000000000000000000e+00,0.000000000000000000e+00,6.470588235294118251e-02,0.000000000000000000e+00,1.764705882352941152e-02,4.117647058823529355e-02,0.000000000000000000e+00,0.000000000000000000e+00,0.000000000000000000e+00,5.882352941176470507e-03,3.529411764705882304e-02,6.470588235294118251e-02
0.000000000000000000e+00,0.000000000000000000e+00,5.494505494505494934e-03,0.000000000000000000e+00,0.000000000000000000e+00,0.000000000000000000e+00,0.000000000000000000e+00,0.000000000000000000e+00,0.000000000000000000e+00,0.000000000000000000e+00,1.098901098901098987e-02,0.000000000000000000e+00,5.494505494505494934e-03,0.000000000000000000e+00,9.890109890109889668e-02,0.000000000000000000e+00,0.000000000000000000e+00,2.197802197802197974e-02,3.021978021978021789e-01,9.340659340659340781e-02,0.000000000000000000e+00,0.000000000000000000e+00,2.197802197802197974e-02,0.000000000000000000e+00,0.000000000000000000e+00,5.494505494505494934e-03,0.000000000000000000e+00,0.000000000000000000e+00,0.000000000000000000e+00,0.000000000000000000e+00,0.000000000000000000e+00,0.000000000000000000e+00,0.000000000000000000e+00,0.000000000000000000e+00,0.000000000000000000e+00,3.296703296703296787e-02,4.945054945054944834e-02,4.395604395604395948e-02,0.000000000000000000e+00,1.098901098901098987e-02,0.000000000000000000e+00,0.000000000000000000e+00,5.494505494505494934e-03,3.296703296703296787e-02,1.703296703296703352e-01,0.000000000000000000e+00,0.000000000000000000e+00,0.000000000000000000e+00,0.000000000000000000e+00,0.000000000000000000e+00,5.494505494505494934e-03,3.296703296703296787e-02,4.945054945054944834e-02
0.000000000000000000e+00,0.000000000000000000e+00,0.000000000000000000e+00,0.000000000000000000e+00,0.000000000000000000e+00,0.000000000000000000e+00,0.000000000000000000e+00,0.000000000000000000e+00,0.000000000000000000e+00,0.000000000000000000e+00,0.000000000000000000e+00,0.000000000000000000e+00,0.000000000000000000e+00,0.000000000000000000e+00,6.827309236947791404e-02,0.000000000000000000e+00,0.000000000000000000e+00,5.220883534136545878e-02,1.485943775100401487e-01,9.236947791164658306e-02,0.000000000000000000e+00,0.000000000000000000e+00,0.000000000000000000e+00,0.000000000000000000e+00,0.000000000000000000e+00,0.000000000000000000e+00,0.000000000000000000e+00,0.000000000000000000e+00,0.000000000000000000e+00,0.000000000000000000e+00,0.000000000000000000e+00,3.373493975903614217e-01,0.000000000000000000e+00,0.000000000000000000e+00,0.000000000000000000e+00,0.000000000000000000e+00,2.008032128514056214e-02,8.835341365461847618e-02,0.000000000000000000e+00,0.000000000000000000e+00,0.000000000000000000e+00,0.000000000000000000e+00,6.024096385542168641e-02,7.228915662650602092e-02,0.000000000000000000e+00,4.016064257028112081e-03,0.000000000000000000e+00,0.000000000000000000e+00,1.606425702811244832e-02,0.000000000000000000e+00,4.016064257028112081e-03,2.409638554216867595e-02,1.204819277108433798e-02
2.631578947368420907e-02,2.631578947368420907e-02,0.000000000000000000e+00,0.000000000000000000e+00,0.000000000000000000e+00,0.000000000000000000e+00,0.000000000000000000e+00,2.631578947368420907e-02,0.000000000000000000e+00,0.000000000000000000e+00,1.315789473684210453e-01,0.000000000000000000e+00,7.894736842105262720e-02,5.263157894736841813e-02,0.000000000000000000e+00,2.631578947368420907e-02,0.000000000000000000e+00,5.263157894736841813e-02,0.000000000000000000e+00,0.000000000000000000e+00,0.000000000000000000e+00,0.000000000000000000e+00,2.631578947368420907e-02,2.631578947368420907e-02,0.000000000000000000e+00,7.894736842105262720e-02,5.263157894736841813e-02,0.000000000000000000e+00,0.000000000000000000e+00,0.000000000000000000e+00,2.631578947368420907e-01,0.000000000000000000e+00,7.894736842105262720e-02,0.000000000000000000e+00,0.000000000000000000e+00,0.000000000000000000e+00,0.000000000000000000e+00,0.000000000000000000e+00,2.631578947368420907e-02,2.631578947368420907e-02,0.000000000000000000e+00,0.000000000000000000e+00,0.000000000000000000e+00,0.000000000000000000e+00,0.000000000000000000e+00,0.000000000000000000e+00,0.000000000000000000e+00,0.000000000000000000e+00,0.000000000000000000e+00,0.000000000000000000e+00,0.000000000000000000e+00,0.000000000000000000e+00,0.000000000000000000e+00
0.000000000000000000e+00,0.000000000000000000e+00,0.000000000000000000e+00,0.000000000000000000e+00,0.000000000000000000e+00,0.000000000000000000e+00,0.000000000000000000e+00,0.000000000000000000e+00,1.639344262295082053e-02,0.000000000000000000e+00,0.000000000000000000e+00,0.000000000000000000e+00,0.000000000000000000e+00,0.000000000000000000e+00,1.229508196721311453e-01,0.000000000000000000e+00,0.000000000000000000e+00,3.278688524590164105e-02,0.000000000000000000e+00,0.000000000000000000e+00,0.000000000000000000e+00,0.000000000000000000e+00,0.000000000000000000e+00,8.196721311475410263e-03,0.000000000000000000e+00,0.000000000000000000e+00,0.000000000000000000e+00,0.000000000000000000e+00,0.000000000000000000e+00,0.000000000000000000e+00,0.000000000000000000e+00,3.196721311475410054e-01,0.000000000000000000e+00,0.000000000000000000e+00,8.196721311475410263e-03,0.000000000000000000e+00,0.000000000000000000e+00,4.918032786885245811e-02,0.000000000000000000e+00,0.000000000000000000e+00,7.377049180327868716e-02,0.000000000000000000e+00,8.196721311475410263e-03,1.639344262295082053e-02,0.000000000000000000e+00,0.000000000000000000e+00,3.360655737704917878e-01,0.000000000000000000e+00,0.000000000000000000e+00,0.000000000000000000e+00,0.000000000000000000e+00,0.000000000000000000e+00,8.196721311475410263e-03
0.000000000000000000e+00,0.000000000000000000e+00,0.000000000000000000e+00,1.111111111111111049e-01,0.000000000000000000e+00,0.000000000000000000e+00,0.000000000000000000e+00,0.000000000000000000e+00,3.333333333333333148e-01,0.000000000000000000e+00,0.000000000000000000e+00,0.000000000000000000e+00,0.000000000000000000e+00,0.000000000000000000e+00,0.000000000000000000e+00,0.000000000000000000e+00,0.000000000000000000e+00,5.555555555555555247e-02,0.000000000000000000e+00,0.000000000000000000e+00,0.000000000000000000e+00,0.000000000000000000e+00,0.000000000000000000e+00,1.111111111111111049e-01,0.000000000000000000e+00,0.000000000000000000e+00,0.000000000000000000e+00,0.000000000000000000e+00,0.000000000000000000e+00,0.000000000000000000e+00,5.555555555555555247e-02,0.000000000000000000e+00,0.000000000000000000e+00,0.000000000000000000e+00,0.000000000000000000e+00,0.000000000000000000e+00,0.000000000000000000e+00,0.000000000000000000e+00,0.000000000000000000e+00,0.000000000000000000e+00,5.555555555555555247e-02,0.000000000000000000e+00,0.000000000000000000e+00,0.000000000000000000e+00,0.000000000000000000e+00,0.000000000000000000e+00,0.000000000000000000e+00,0.000000000000000000e+00,2.222222222222222099e-01,0.000000000000000000e+00,5.555555555555555247e-02,0.000000000000000000e+00,0.000000000000000000e+00
0.000000000000000000e+00,0.000000000000000000e+00,0.000000000000000000e+00,0.000000000000000000e+00,2.777777777777777624e-02,2.777777777777777624e-02,0.000000000000000000e+00,0.000000000000000000e+00,0.000000000000000000e+00,2.777777777777777624e-02,2.777777777777777624e-02,0.000000000000000000e+00,2.777777777777777624e-02,0.000000000000000000e+00,0.000000000000000000e+00,2.777777777777777624e-02,0.000000000000000000e+00,2.777777777777777624e-02,5.555555555555555247e-02,2.777777777777777624e-02,2.777777777777777624e-02,0.000000000000000000e+00,0.000000000000000000e+00,2.777777777777777624e-02,2.777777777777777624e-02,0.000000000000000000e+00,0.000000000000000000e+00,0.000000000000000000e+00,2.777777777777777624e-02,0.000000000000000000e+00,1.666666666666666574e-01,0.000000000000000000e+00,0.000000000000000000e+00,8.333333333333332871e-02,2.777777777777777624e-02,0.000000000000000000e+00,5.555555555555555247e-02,0.000000000000000000e+00,0.000000000000000000e+00,0.000000000000000000e+00,0.000000000000000000e+00,2.777777777777777624e-02,0.000000000000000000e+00,0.000000000000000000e+00,2.777777777777777624e-02,0.000000000000000000e+00,2.777777777777777624e-02,8.333333333333332871e-02,0.000000000000000000e+00,0.000000000000000000e+00,0.000000000000000000e+00,2.777777777777777624e-02,8.333333333333332871e-02
8.695652173913043584e-03,1.217391304347826136e-01,2.608695652173912902e-02,0.000000000000000000e+00,0.000000000000000000e+00,1.739130434782608717e-02,3.478260869565217434e-02,0.000000000000000000e+00,1.739130434782608717e-02,1.739130434782608717e-02,0.000000000000000000e+00,3.478260869565217434e-02,0.000000000000000000e+00,8.695652173913043584e-03,0.000000000000000000e+00,3.478260869565217434e-02,0.000000000000000000e+00,5.217391304347825803e-02,5.217391304347825803e-02,8.695652173913043584e-03,0.000000000000000000e+00,0.000000000000000000e+00,4.608695652173913082e-01,0.000000000000000000e+00,0.000000000000000000e+00,0.000000000000000000e+00,0.000000000000000000e+00,0.000000000000000000e+00,0.000000000000000000e+00,0.000000000000000000e+00,8.695652173913043584e-03,0.000000000000000000e+00,0.000000000000000000e+00,0.000000000000000000e+00,0.000000000000000000e+00,0.000000000000000000e+00,0.000000000000000000e+00,6.956521739130434867e-02,0.000000000000000000e+00,0.000000000000000000e+00,0.000000000000000000e+00,0.000000000000000000e+00,0.000000000000000000e+00,0.000000000000000000e+00,8.695652173913043584e-03,8.695652173913043584e-03,0.000000000000000000e+00,0.000000000000000000e+00,0.000000000000000000e+00,0.000000000000000000e+00,0.000000000000000000e+00,0.000000000000000000e+00,8.695652173913043584e-03
0.000000000000000000e+00,1.526717557251908337e-02,7.633587786259541687e-03,0.000000000000000000e+00,0.000000000000000000e+00,7.633587786259541687e-03,7.633587786259541687e-03,1.526717557251908337e-02,7.633587786259541687e-03,7.633587786259541687e-03,7.633587786259541687e-03,0.000000000000000000e+00,0.000000000000000000e+00,0.000000000000000000e+00,1.526717557251908337e-02,0.000000000000000000e+00,0.000000000000000000e+00,3.816793893129771104e-02,1.679389312977099258e-01,1.068702290076335853e-01,0.000000000000000000e+00,0.000000000000000000e+00,7.633587786259541687e-03,0.000000000000000000e+00,0.000000000000000000e+00,0.000000000000000000e+00,0.000000000000000000e+00,0.000000000000000000e+00,0.000000000000000000e+00,7.633587786259541687e-03,0.000000000000000000e+00,0.000000000000000000e+00,0.000000000000000000e+00,0.000000000000000000e+00,0.000000000000000000e+00,6.870229007633588125e-02,2.290076335877862593e-02,1.526717557251908337e-02,0.000000000000000000e+00,0.000000000000000000e+00,0.000000000000000000e+00,0.000000000000000000e+00,0.000000000000000000e+00,1.068702290076335853e-01,3.816793893129771104e-02,4.580152671755725186e-02,2.442748091603053340e-01,0.000000000000000000e+00,7.633587786259541687e-03,0.000000000000000000e+00,1.526717557251908337e-02,1.526717557251908337e-02,0.000000000000000000e+00
