0.000000000000000000e+00,2.040816326530612082e-02,5.565862708719851448e-03,1.150278293135436058e-01,6.679035250463821738e-02,2.411873840445269077e-02,1.168831168831168804e-01,5.565862708719851448e-03,0.000000000000000000e+00,9.276437847866419659e-03,5.565862708719851448e-03,5.565862708719851448e-03,7.050092764378478039e-02,7.977736549165120872e-02,1.855287569573283888e-03,2.226345083487940579e-02,0.000000000000000000e+00,3.896103896103896014e-02,1.855287569573283888e-03,3.710575139146567777e-03,0.000000000000000000e+00,6.864564007421150582e-02,3.710575139146567777e-03,9.276437847866419659e-03,7.421150278293135553e-03,2.226345083487940579e-02,3.710575139146567777e-03,0.000000000000000000e+00,9.276437847866419659e-03,7.606679035250463183e-02,1.298701298701298787e-02,1.855287569573283888e-03,0.000000000000000000e+00,6.493506493506492894e-02,1.855287569573283932e-02,0.000000000000000000e+00,3.153988868274582719e-02,0.000000000000000000e+00,0.000000000000000000e+00,1.855287569573283888e-03,1.298701298701298787e-02,2.597402597402597574e-02,0.000000000000000000e+00,1.855287569573283888e-03,0.000000000000000000e+00,2.597402597402597574e-02,0.000000000000000000e+00,0.000000000000000000e+00,0.000000000000000000e+00,1.855287569573283888e-03,3.710575139146567777e-03,0.000000000000000000e+00,1.855287569573283888e-03
1.996927803379416194e-02,0.000000000000000000e+00,1.336405529953917093e-01,2.764976958525345793e-02,1.536098310291858782e-01,2.580645161290322509e-01,3.072196620583717355e-03,4.608294930875576033e-03,1.228878648233486942e-02,1.536098310291858678e-03,1.228878648233486942e-02,4.301075268817204644e-02,1.536098310291858678e-03,4.608294930875576033e-03,0.000000000000000000e+00,3.072196620583717355e-03,9.216589861751152066e-03,3.225806451612903136e-02,0.000000000000000000e+00,0.000000000000000000e+00,1.075268817204301161e-02,1.536098310291858678e-02,8.755760368663594029e-02,7.680491551459293388e-03,0.000000000000000000e+00,6.144393241167434710e-03,7.680491551459293388e-03,2.457757296466973884e-02,5.069124423963133896e-02,0.000000000000000000e+00,3.072196620583717355e-02,0.000000000000000000e+00,4.608294930875576033e-03,1.996927803379416194e-02,6.144393241167434710e-03,0.000000000000000000e+00,0.000000000000000000e+00,0.000000000000000000e+00,0.000000000000000000e+00,0.000000000000000000e+00,0.000000000000000000e+00,0.000000000000000000e+00,0.000000000000000000e+00,0.000000000000000000e+00,0.000000000000000000e+00,1.536098310291858678e-03,0.000000000000000000e+00,0.000000000000000000e+00,0.000000000000000000e+00,1.536098310291858678e-03,1.536098310291858678e-03,3.072196620583717355e-03,0.000000000000000000e+00
1.088646967340591021e-02,7.309486780715396259e-02,0.000000000000000000e+00,2.177293934681182042e-02,4.510108864696733832e-02,7.776049766718506895e-02,9.642301710730948050e-02,2.332814930015552138e-02,2.332814930015552138e-02,1.555209953343701396e-03,0.000000000000000000e+00,1.555209953343701396e-03,4.043545878693623891e-02,1.399688958009331213e-02,7.776049766718507415e-03,0.000000000000000000e+00,7.776049766718507415e-03,3.421461897356142812e-02,0.000000000000000000e+00,0.000000000000000000e+00,7.776049766718507415e-03,2.177293934681182042e-01,7.776049766718507415e-03,0.000000000000000000e+00,4.665629860031104623e-03,2.799377916018662427e-02,0.000000000000000000e+00,1.555209953343701396e-03,0.000000000000000000e+00,1.337480559875583175e-01,4.665629860031104623e-03,0.000000000000000000e+00,0.000000000000000000e+00,2.799377916018662427e-02,1.555209953343701483e-02,0.000000000000000000e+00,6.220839813374805585e-03,0.000000000000000000e+00,0.000000000000000000e+00,3.110419906687402793e-03,2.643856920684292330e-02,1.088646967340591021e-02,0.000000000000000000e+00,0.000000000000000000e+00,0.000000000000000000e+00,1.244167962674961117e-02,0.000000000000000000e+00,0.000000000000000000e+00,0.000000000000000000e+00,0.000000000000000000e+00,6.220839813374805585e-03,1.555209953343701396e-03,4.665629860031104623e-03
6.598984771573604413e-02,0.000000000000000000e+00,3.045685279187817368e-02,0.000000000000000000e+00,5.076142131979695035e-03,5.414551607445008269e-02,3.384094754653130168e-03,1.979695431472081324e-01,4.568527918781725705e-02,4.060913705583756028e-02,2.368866328257191248e-02,6.768189509306260336e-03,2.199661590524534804e-02,1.692047377326565084e-03,0.000000000000000000e+00,0.000000000000000000e+00,2.199661590524534804e-02,2.538071065989847691e-02,0.000000000000000000e+00,0.000000000000000000e+00,1.522842639593908753e-01,3.384094754653130168e-03,0.000000000000000000e+00,1.692047377326565084e-03,1.049069373942470434e-01,0.000000000000000000e+00,5.076142131979695035e-03,2.030456852791878014e-02,2.707275803722504134e-02,0.000000000000000000e+00,1.184433164128595624e-02,5.076142131979695035e-03,1.861252115059221571e-02,8.460236886632825637e-03,5.076142131979695035e-03,0.000000000000000000e+00,0.000000000000000000e+00,0.000000000000000000e+00,7.445008460236886283e-02,0.000000000000000000e+00,1.692047377326565084e-03,3.384094754653130168e-03,0.000000000000000000e+00,0.000000000000000000e+00,0.000000000000000000e+00,0.000000000000000000e+00,0.000000000000000000e+00,3.384094754653130168e-03,0.000000000000000000e+00,8.460236886632825637e-03,0.000000000000000000e+00,0.000000000000000000e+00,0.000000000000000000e+00
3.823529411764706176e-02,2.279411764705882304e-01,3.088235294117647189e-02,1.470588235294117627e-03,0.000000000000000000e+00,2.323529411764705954e-01,4.411764705882352880e-03,3.235294117647059126e-02,1.617647058823529563e-02,0.000000000000000000e+00,1.029411764705882339e-02,7.352941176470588480e-02,1.470588235294117627e-03,1.470588235294117627e-03,0.000000000000000000e+00,1.029411764705882339e-02,2.647058823529411728e-02,3.235294117647059126e-02,2.941176470588235253e-03,0.000000000000000000e+00,7.352941176470588133e-03,4.411764705882352880e-03,2.794117647058823664e-02,1.470588235294117627e-02,1.470588235294117627e-03,0.000000000000000000e+00,1.176470588235294101e-02,2.647058823529411728e-02,6.323529411764705621e-02,0.000000000000000000e+00,5.882352941176470507e-03,0.000000000000000000e+00,0.000000000000000000e+00,1.470588235294117627e-03,1.617647058823529563e-02,0.000000000000000000e+00,0.000000000000000000e+00,0.000000000000000000e+00,6.764705882352940736e-02,0.000000000000000000e+00,0.000000000000000000e+00,2.941176470588235253e-03,0.000000000000000000e+00,0.000000000000000000e+00,0.000000000000000000e+00,0.000000000000000000e+00,0.000000000000000000e+00,4.411764705882352880e-03,0.000000000000000000e+00,0.000000000000000000e+00,1.470588235294117627e-03,0.000000000000000000e+00,0.000000000000000000e+00
1.784287616511318342e-01,1.331557922769640578e-01,7.989347536617842638e-02,3.195739014647137194e-02,8.655126498002663205e-02,0.000000000000000000e+00,1.065246338215712456e-02,8.388814913448734700e-02,4.660452729693741886e-02,5.326231691078562279e-03,1.198402130492676361e-02,1.464713715046604518e-02,1.331557922769640440e-02,2.663115845539280879e-02,0.000000000000000000e+00,1.997336884154460659e-02,6.125166444740345884e-02,5.193075898801598200e-02,0.000000000000000000e+00,0.000000000000000000e+00,1.198402130492676361e-02,0.000000000000000000e+00,7.723035952063914134e-02,0.000000000000000000e+00,3.994673768308921492e-03,0.000000000000000000e+00,0.000000000000000000e+00,6.657789613848202198e-03,9.320905459387483771e-03,0.000000000000000000e+00,2.663115845539281139e-03,0.000000000000000000e+00,2.663115845539281139e-03,1.997336884154460659e-02,0.000000000000000000e+00,0.000000000000000000e+00,0.000000000000000000e+00,0.000000000000000000e+00,0.000000000000000000e+00,0.000000000000000000e+00,0.000000000000000000e+00,3.994673768308921492e-03,0.000000000000000000e+00,0.000000000000000000e+00,0.000000000000000000e+00,0.000000000000000000e+00,0.000000000000000000e+00,0.000000000000000000e+00,0.000000000000000000e+00,0.000000000000000000e+00,3.994673768308921492e-03,1.331557922769640570e-03,0.000000000000000000e+00
2.808988764044943742e-03,1.404494382022471871e-03,0.000000000000000000e+00,2.808988764044943742e-03,0.000000000000000000e+00,0.000000000000000000e+00,0.000000000000000000e+00,0.000000000000000000e+00,2.808988764044943742e-03,1.404494382022471871e-03,0.000000000000000000e+00,0.000000000000000000e+00,1.123595505617977497e-02,8.426966292134831227e-03,7.022471910112359356e-03,4.213483146067415613e-03,0.000000000000000000e+00,2.106741573033707807e-02,5.898876404494381859e-02,4.775280898876404362e-02,0.000000000000000000e+00,2.808988764044943742e-03,0.000000000000000000e+00,0.000000000000000000e+00,0.000000000000000000e+00,4.213483146067415613e-03,0.000000000000000000e+00,0.000000000000000000e+00,1.404494382022471871e-03,0.000000000000000000e+00,2.808988764044943742e-03,4.213483146067415613e-03,0.000000000000000000e+00,0.000000000000000000e+00,2.808988764044943742e-03,2.303370786516854007e-01,2.387640449438202181e-02,1.306179775280899014e-01,0.000000000000000000e+00,2.808988764044943742e-03,2.808988764044943742e-03,4.213483146067415613e-03,0.000000000000000000e+00,1.053370786516853869e-01,2.261235955056179747e-01,1.404494382022471871e-03,2.808988764044943742e-03,0.000000000000000000e+00,0.000000000000000000e+00,0.000000000000000000e+00,1.966292134831460620e-02,7.022471910112359356e-03,5.477528089887640644e-02
5.471698113207547343e-02,1.886792452830188694e-03,3.773584905660377214e-02,1.283018867924528295e-01,6.226415094339622647e-02,1.037735849056603821e-01,3.773584905660377388e-03,0.000000000000000000e+00,1.698113207547169781e-02,1.245283018867924529e-01,2.264150943396226259e-02,2.641509433962264258e-02,1.132075471698113130e-02,4.339622641509433693e-02,1.886792452830188694e-03,1.509433962264150955e-02,1.132075471698113130e-02,6.037735849056603821e-02,0.000000000000000000e+00,3.773584905660377388e-03,4.339622641509433693e-02,1.886792452830188694e-03,1.886792452830188694e-03,9.433962264150943036e-03,7.924528301886792081e-02,0.000000000000000000e+00,1.698113207547169781e-02,9.433962264150943036e-03,4.339622641509433693e-02,0.000000000000000000e+00,3.396226415094339562e-02,0.000000000000000000e+00,3.773584905660377388e-03,2.075471698113207433e-02,1.886792452830188694e-03,0.000000000000000000e+00,0.000000000000000000e+00,0.000000000000000000e+00,0.000000000000000000e+00,0.000000000000000000e+00,0.000000000000000000e+00,1.886792452830188694e-03,0.000000000000000000e+00,0.000000000000000000e+00,0.000000000000000000e+00,0.000000000000000000e+00,0.000000000000000000e+00,0.000000000000000000e+00,0.000000000000000000e+00,0.000000000000000000e+00,0.000000000000000000e+00,0.000000000000000000e+00,1.886792452830188694e-03
0.000000000000000000e+00,7.920792079207920888e-03,9.900990099009901110e-03,5.742574257425742817e-02,2.970297029702970160e-02,1.584158415841584178e-02,1.227722772277227703e-01,5.940594059405940666e-03,0.000000000000000000e+00,9.900990099009901110e-03,0.000000000000000000e+00,0.000000000000000000e+00,3.564356435643564053e-02,0.000000000000000000e+00,3.960396039603960444e-03,0.000000000000000000e+00,7.326732673267326301e-02,3.366336633663366551e-02,5.940594059405940666e-03,1.980198019801980222e-03,6.732673267326733102e-02,1.584158415841584178e-02,1.980198019801980222e-03,0.000000000000000000e+00,1.980198019801980222e-03,0.000000000000000000e+00,0.000000000000000000e+00,4.554455445544554337e-02,0.000000000000000000e+00,4.158415841584158640e-02,7.920792079207920888e-03,1.782178217821782026e-02,0.000000000000000000e+00,4.554455445544554337e-02,5.940594059405940319e-02,0.000000000000000000e+00,5.940594059405940666e-03,0.000000000000000000e+00,0.000000000000000000e+00,0.000000000000000000e+00,2.178217821782178210e-01,0.000000000000000000e+00,0.000000000000000000e+00,1.980198019801980222e-03,0.000000000000000000e+00,1.980198019801980222e-03,0.000000000000000000e+00,0.000000000000000000e+00,7.920792079207920888e-03,2.574257425742574115e-02,1.386138613861386155e-02,0.000000000000000000e+00,5.940594059405940666e-03
2.189781021897810320e-02,0.000000000000000000e+00,0.000000000000000000e+00,3.284671532846715480e-02,0.000000000000000000e+00,7.299270072992700489e-03,2.956204379562044071e-01,5.656934306569343096e-02,1.459854014598540098e-02,0.000000000000000000e+00,1.094890510948905160e-02,0.000000000000000000e+00,4.379562043795620641e-02,5.656934306569343096e-02,5.474452554744525801e-03,0.000000000000000000e+00,2.007299270072992678e-02,4.927007299270073221e-02,0.000000000000000000e+00,1.094890510948905160e-02,4.927007299270073221e-02,1.459854014598540098e-02,0.000000000000000000e+00,0.000000000000000000e+00,2.189781021897810320e-02,3.832116788321168060e-02,0.000000000000000000e+00,0.000000000000000000e+00,0.000000000000000000e+00,6.751824817518248256e-02,7.299270072992700489e-03,3.649635036496350245e-03,1.824817518248175122e-03,7.299270072992700489e-03,3.649635036496350245e-03,0.000000000000000000e+00,1.259124087591241004e-01,0.000000000000000000e+00,0.000000000000000000e+00,0.000000000000000000e+00,1.824817518248175122e-03,5.474452554744525801e-03,0.000000000000000000e+00,0.000000000000000000e+00,0.000000000000000000e+00,1.459854014598540098e-02,0.000000000000000000e+00,0.000000000000000000e+00,0.000000000000000000e+00,0.000000000000000000e+00,7.299270072992700489e-03,3.649635036496350245e-03,0.000000000000000000e+00
0.000000000000000000e+00,1.002506265664160345e-02,5.012531328320801727e-03,1.754385964912280604e-02,2.255639097744360777e-02,2.255639097744360777e-02,5.263157894736841813e-02,0.000000000000000000e+00,0.000000000000000000e+00,1.002506265664160345e-02,0.000000000000000000e+00,4.761904761904761640e-02,1.253132832080200432e-02,7.268170426065162504e-02,2.506265664160400863e-03,9.022556390977443108e-02,0.000000000000000000e+00,2.756892230576440950e-02,0.000000000000000000e+00,0.000000000000000000e+00,0.000000000000000000e+00,2.255639097744360777e-02,1.503759398496240518e-02,2.506265664160400863e-03,5.012531328320801727e-03,3.483709273182957200e-01,0.000000000000000000e+00,0.000000000000000000e+00,0.000000000000000000e+00,5.012531328320801727e-03,5.012531328320801727e-03,0.000000000000000000e+00,5.012531328320801727e-02,7.518796992481202590e-03,0.000000000000000000e+00,0.000000000000000000e+00,1.253132832080200432e-02,0.000000000000000000e+00,0.000000000000000000e+00,2.506265664160400863e-03,0.000000000000000000e+00,1.002506265664160345e-01,0.000000000000000000e+00,0.000000000000000000e+00,0.000000000000000000e+00,2.506265664160400863e-02,0.000000000000000000e+00,0.000000000000000000e+00,0.000000000000000000e+00,0.000000000000000000e+00,2.506265664160400863e-03,0.000000000000000000e+00,2.506265664160400863e-03
3.285420944558521683e-02,3.696098562628336720e-02,1.437371663244353150e-02,1.232032854209445631e-02,6.981519507186857709e-02,2.464065708418891262e-02,0.000000000000000000e+00,1.642710472279260842e-02,0.000000000000000000e+00,2.053388090349076052e-03,5.749486652977412598e-02,0.000000000000000000e+00,0.000000000000000000e+00,8.624229979466119245e-02,0.000000000000000000e+00,2.546201232032854200e-01,0.000000000000000000e+00,5.544147843942505427e-02,4.106776180698152104e-03,0.000000000000000000e+00,0.000000000000000000e+00,0.000000000000000000e+00,1.806981519507186995e-01,0.000000000000000000e+00,2.053388090349076052e-03,3.080082135523613818e-02,1.026694045174537939e-02,0.000000000000000000e+00,8.213552361396304208e-03,0.000000000000000000e+00,2.464065708418891262e-02,0.000000000000000000e+00,5.749486652977412598e-02,6.160164271047228156e-03,0.000000000000000000e+00,0.000000000000000000e+00,0.000000000000000000e+00,0.000000000000000000e+00,0.000000000000000000e+00,0.000000000000000000e+00,0.000000000000000000e+00,1.232032854209445631e-02,0.000000000000000000e+00,0.000000000000000000e+00,0.000000000000000000e+00,0.000000000000000000e+00,0.000000000000000000e+00,0.000000000000000000e+00,0.000000000000000000e+00,0.000000000000000000e+00,0.000000000000000000e+00,0.000000000000000000e+00,0.000000000000000000e+00
2.040816326530612082e-02,0.000000000000000000e+00,1.341107871720116640e-01,1.457725947521865961e-01,1.166180758017492693e-02,2.623906705539358689e-02,8.746355685131195629e-03,1.749271137026239126e-02,6.122448979591836593e-02,1.253644314868804788e-01,5.830903790087463290e-02,0.000000000000000000e+00,0.000000000000000000e+00,1.457725947521865822e-02,5.830903790087463463e-03,0.000000000000000000e+00,2.915451895043731732e-03,3.206997084548104948e-02,0.000000000000000000e+00,0.000000000000000000e+00,6.122448979591836593e-02,5.830903790087463463e-03,0.000000000000000000e+00,2.915451895043731732e-03,2.040816326530612082e-02,5.830903790087463463e-03,2.332361516034985385e-02,2.623906705539358689e-02,0.000000000000000000e+00,1.749271137026239126e-02,2.915451895043731645e-02,2.915451895043731732e-03,5.830903790087463463e-03,5.830903790087463463e-03,2.915451895043731732e-03,0.000000000000000000e+00,8.746355685131195629e-03,0.000000000000000000e+00,0.000000000000000000e+00,2.915451895043731732e-03,8.746355685131195629e-03,2.915451895043731732e-03,2.040816326530612082e-02,3.206997084548104948e-02,0.000000000000000000e+00,0.000000000000000000e+00,0.000000000000000000e+00,3.206997084548104948e-02,0.000000000000000000e+00,5.830903790087463463e-03,1.166180758017492693e-02,0.000000000000000000e+00,0.000000000000000000e+00
1.437768240343347548e-01,0.000000000000000000e+00,2.145922746781115872e-03,1.287553648068669523e-02,4.291845493562231745e-03,1.716738197424892698e-02,1.072961373390557936e-02,1.416309012875536510e-01,2.145922746781115872e-03,7.939914163090128207e-02,4.935622317596566333e-02,1.502145922746781111e-02,1.287553648068669523e-02,0.000000000000000000e+00,0.000000000000000000e+00,4.291845493562231745e-03,0.000000000000000000e+00,3.218884120171673635e-02,0.000000000000000000e+00,0.000000000000000000e+00,2.145922746781115872e-03,0.000000000000000000e+00,8.583690987124463490e-03,1.287553648068669523e-02,1.866952789699570792e-01,1.072961373390557936e-02,1.437768240343347548e-01,0.000000000000000000e+00,1.072961373390557936e-02,0.000000000000000000e+00,4.935622317596566333e-02,0.000000000000000000e+00,1.287553648068669523e-02,1.072961373390557936e-02,0.000000000000000000e+00,0.000000000000000000e+00,2.145922746781115872e-03,0.000000000000000000e+00,8.583690987124463490e-03,0.000000000000000000e+00,0.000000000000000000e+00,4.291845493562231745e-03,0.000000000000000000e+00,0.000000000000000000e+00,0.000000000000000000e+00,2.145922746781115872e-03,0.000000000000000000e+00,4.291845493562231745e-03,0.000000000000000000e+00,0.000000000000000000e+00,2.145922746781115872e-03,0.000000000000000000e+00,0.000000000000000000e+00
8.982035928143712253e-03,5.089820359281437001e-02,2.395209580838323360e-01,8.383233532934131205e-02,7.784431137724551197e-02,3.892215568862275599e-02,1.796407185628742451e-02,2.095808383233532801e-02,2.395209580838323499e-02,2.994011976047904200e-02,7.784431137724551197e-02,2.395209580838323499e-02,1.497005988023952100e-02,5.089820359281437001e-02,0.000000000000000000e+00,6.287425149700598404e-02,5.988023952095808747e-03,1.197604790419161749e-02,0.000000000000000000e+00,0.000000000000000000e+00,1.197604790419161749e-02,5.988023952095808747e-03,3.293413173652694897e-02,0.000000000000000000e+00,8.982035928143712253e-03,8.982035928143712253e-03,5.988023952095808747e-03,0.000000000000000000e+00,0.000000000000000000e+00,2.994011976047904373e-03,1.197604790419161749e-02,5.988023952095808747e-03,0.000000000000000000e+00,0.000000000000000000e+00,1.497005988023952100e-02,0.000000000000000000e+00,5.988023952095808747e-03,0.000000000000000000e+00,0.000000000000000000e+00,2.994011976047904373e-03,5.988023952095808747e-03,1.497005988023952100e-02,2.994011976047904373e-03,0.000000000000000000e+00,0.000000000000000000e+00,1.197604790419161749e-02,0.000000000000000000e+00,0.000000000000000000e+00,0.000000000000000000e+00,0.000000000000000000e+00,0.000000000000000000e+00,2.994011976047904373e-03,0.000000000000000000e+00
9.433962264150943036e-03,7.075471698113207711e-03,0.000000000000000000e+00,2.358490566037735759e-03,1.650943396226415075e-02,2.358490566037736019e-02,0.000000000000000000e+00,0.000000000000000000e+00,0.000000000000000000e+00,0.000000000000000000e+00,1.462264150943396179e-01,4.811320754716981174e-01,0.000000000000000000e+00,4.716981132075471518e-03,0.000000000000000000e+00,0.000000000000000000e+00,0.000000000000000000e+00,2.594339622641509552e-02,2.358490566037735759e-03,0.000000000000000000e+00,0.000000000000000000e+00,0.000000000000000000e+00,7.311320754716980896e-02,9.433962264150943036e-03,0.000000000000000000e+00,7.075471698113207711e-03,6.132075471698113234e-02,0.000000000000000000e+00,1.179245283018868010e-02,0.000000000000000000e+00,1.179245283018868010e-02,0.000000000000000000e+00,9.198113207547169157e-02,0.000000000000000000e+00,0.000000000000000000e+00,0.000000000000000000e+00,0.000000000000000000e+00,0.000000000000000000e+00,4.716981132075471518e-03,0.000000000000000000e+00,0.000000000000000000e+00,0.000000000000000000e+00,0.000000000000000000e+00,0.000000000000000000e+00,0.000000000000000000e+00,0.000000000000000000e+00,0.000000000000000000e+00,9.433962264150943036e-03,0.000000000000000000e+00,0.000000000000000000e+00,0.000000000000000000e+00,0.000000000000000000e+00,0.000000000000000000e+00
2.877697841726618855e-02,1.438848920863309427e-02,2.398081534772182263e-02,7.194244604316547137e-03,1.199040767386091132e-02,1.318944844124700366e-01,1.438848920863309427e-02,1.918465227817745672e-02,1.774580335731414937e-01,1.918465227817745672e-02,0.000000000000000000e+00,0.000000000000000000e+00,4.796163069544364180e-03,0.000000000000000000e+00,0.000000000000000000e+00,0.000000000000000000e+00,0.000000000000000000e+00,1.918465227817745672e-02,0.000000000000000000e+00,0.000000000000000000e+00,3.093525179856115304e-01,0.000000000000000000e+00,0.000000000000000000e+00,2.158273381294964141e-02,1.199040767386091132e-02,0.000000000000000000e+00,0.000000000000000000e+00,1.342925659472422040e-01,9.592326139088728360e-03,0.000000000000000000e+00,9.592326139088728360e-03,2.398081534772182090e-03,0.000000000000000000e+00,2.158273381294964141e-02,2.398081534772182090e-03,0.000000000000000000e+00,0.000000000000000000e+00,0.000000000000000000e+00,2.398081534772182090e-03,0.000000000000000000e+00,0.000000000000000000e+00,0.000000000000000000e+00,0.000000000000000000e+00,0.000000000000000000e+00,0.000000000000000000e+00,0.000000000000000000e+00,0.000000000000000000e+00,0.000000000000000000e+00,0.000000000000000000e+00,2.398081534772182090e-03,0.000000000000000000e+00,0.000000000000000000e+00,0.000000000000000000e+00
3.166666666666666935e-02,3.166666666666666935e-02,3.333333333333333287e-02,2.833333333333333190e-02,2.999999999999999889e-02,6.333333333333333870e-02,1.666666666666666644e-02,5.166666666666666630e-02,2.333333333333333440e-02,2.500000000000000139e-02,2.166666666666666741e-02,3.333333333333333287e-02,2.166666666666666741e-02,2.333333333333333440e-02,1.000000000000000021e-02,2.166666666666666741e-02,2.166666666666666741e-02,0.000000000000000000e+00,8.333333333333333218e-03,8.333333333333333218e-03,3.833333333333333037e-02,1.833333333333333343e-02,3.333333333333333287e-02,1.833333333333333343e-02,1.333333333333333419e-02,8.333333333333333218e-03,1.166666666666666720e-02,6.666666666666667095e-03,1.666666666666666644e-02,1.000000000000000021e-02,8.333333333333333218e-03,1.000000000000000021e-02,1.166666666666666720e-02,1.666666666666666644e-02,1.666666666666666644e-02,1.833333333333333343e-02,1.499999999999999944e-02,2.000000000000000042e-02,1.499999999999999944e-02,1.166666666666666720e-02,2.000000000000000042e-02,6.666666666666667095e-03,3.333333333333333547e-03,1.333333333333333419e-02,8.333333333333333218e-03,1.666666666666666644e-02,3.333333333333333547e-03,1.000000000000000021e-02,3.333333333333333547e-03,1.166666666666666720e-02,1.166666666666666720e-02,8.333333333333333218e-03,5.999999999999999778e-02
2.079002079002079117e-03,1.309771309771309844e-01,5.197505197505197794e-02,2.286902286902287029e-02,2.099792099792099909e-01,2.702702702702702853e-02,2.079002079002079117e-03,0.000000000000000000e+00,0.000000000000000000e+00,0.000000000000000000e+00,2.079002079002079117e-02,4.573804573804574058e-02,6.237006237006237352e-03,1.455301455301455382e-02,0.000000000000000000e+00,1.288981288981289053e-01,6.237006237006237352e-03,1.455301455301455382e-02,0.000000000000000000e+00,0.000000000000000000e+00,4.158004158004158235e-03,4.158004158004158235e-03,1.995841995841995953e-01,0.000000000000000000e+00,0.000000000000000000e+00,4.158004158004158235e-03,3.534303534303534500e-02,8.316008316008316470e-03,4.158004158004158235e-03,2.079002079002079117e-03,1.871101871101871206e-02,0.000000000000000000e+00,2.079002079002079117e-03,0.000000000000000000e+00,8.316008316008316470e-03,0.000000000000000000e+00,0.000000000000000000e+00,0.000000000000000000e+00,0.000000000000000000e+00,0.000000000000000000e+00,0.000000000000000000e+00,2.079002079002079117e-02,0.000000000000000000e+00,0.000000000000000000e+00,0.000000000000000000e+00,4.158004158004158235e-03,0.000000000000000000e+00,0.000000000000000000e+00,0.000000000000000000e+00,0.000000000000000000e+00,0.000000000000000000e+00,0.000000000000000000e+00,0.000000000000000000e+00
9.280742459396751354e-03,0.000000000000000000e+00,2.320185614849187838e-03,1.160092807424593919e-01,6.960556844547563515e-03,2.320185614849187838e-03,1.160092807424593919e-02,8.816705336426913786e-02,2.320185614849187838e-03,2.737819025522041927e-01,1.392111368909512703e-02,0.000000000000000000e+00,3.480278422273781758e-02,1.136890951276102041e-01,0.000000000000000000e+00,6.960556844547563515e-03,2.088167053364269055e-02,1.160092807424593919e-02,0.000000000000000000e+00,0.000000000000000000e+00,1.183294663573085798e-01,0.000000000000000000e+00,0.000000000000000000e+00,0.000000000000000000e+00,1.299303944315545190e-01,0.000000000000000000e+00,9.280742459396751354e-03,1.624129930394431487e-02,0.000000000000000000e+00,2.320185614849187838e-03,2.320185614849187838e-03,0.000000000000000000e+00,0.000000000000000000e+00,0.000000000000000000e+00,2.320185614849187838e-03,0.000000000000000000e+00,2.320185614849187838e-03,0.000000000000000000e+00,0.000000000000000000e+00,0.000000000000000000e+00,0.000000000000000000e+00,0.000000000000000000e+00,0.000000000000000000e+00,0.000000000000000000e+00,0.000000000000000000e+00,0.000000000000000000e+00,0.000000000000000000e+00,0.000000000000000000e+00,0.000000000000000000e+00,0.000000000000000000e+00,0.000000000000000000e+00,0.000000000000000000e+00,2.320185614849187838e-03
2.350427350427350404e-02,2.564102564102564014e-02,1.068376068376068397e-02,5.555555555555555247e-02,3.205128205128204844e-02,1.068376068376068397e-02,5.341880341880341637e-02,1.709401709401709574e-02,2.094017094017094072e-01,1.047008547008547036e-01,0.000000000000000000e+00,0.000000000000000000e+00,2.136752136752136794e-02,0.000000000000000000e+00,0.000000000000000000e+00,0.000000000000000000e+00,2.927350427350427498e-01,4.273504273504273587e-02,0.000000000000000000e+00,0.000000000000000000e+00,0.000000000000000000e+00,0.000000000000000000e+00,4.273504273504273934e-03,0.000000000000000000e+00,1.709401709401709574e-02,0.000000000000000000e+00,0.000000000000000000e+00,2.777777777777777624e-02,0.000000000000000000e+00,0.000000000000000000e+00,1.923076923076923184e-02,0.000000000000000000e+00,0.000000000000000000e+00,2.136752136752136794e-02,4.273504273504273934e-03,0.000000000000000000e+00,0.000000000000000000e+00,0.000000000000000000e+00,0.000000000000000000e+00,0.000000000000000000e+00,0.000000000000000000e+00,0.000000000000000000e+00,0.000000000000000000e+00,0.000000000000000000e+00,0.000000000000000000e+00,0.000000000000000000e+00,0.000000000000000000e+00,0.000000000000000000e+00,0.000000000000000000e+00,2.136752136752136967e-03,4.273504273504273934e-03,0.000000000000000000e+00,0.000000000000000000e+00
3.355704697986577108e-03,2.684563758389261687e-02,2.046979865771812179e-01,4.026845637583892357e-02,8.053691275167784713e-02,1.342281879194630843e-02,2.348993288590604106e-02,0.000000000000000000e+00,1.006711409395973089e-02,0.000000000000000000e+00,6.711409395973154217e-03,0.000000000000000000e+00,3.691275167785235123e-02,3.355704697986577108e-03,4.362416107382550284e-02,0.000000000000000000e+00,0.000000000000000000e+00,3.355704697986577195e-02,3.355704697986577108e-03,0.000000000000000000e+00,0.000000000000000000e+00,0.000000000000000000e+00,0.000000000000000000e+00,1.342281879194630843e-02,0.000000000000000000e+00,0.000000000000000000e+00,3.355704697986577108e-03,1.006711409395973089e-02,1.342281879194630843e-02,2.013422818791946178e-02,3.020134228187919614e-02,2.013422818791946178e-02,0.000000000000000000e+00,6.711409395973154217e-03,6.040268456375839229e-02,0.000000000000000000e+00,3.355704697986577108e-03,1.006711409395973089e-02,0.000000000000000000e+00,7.046979865771811624e-02,1.006711409395973089e-02,0.000000000000000000e+00,1.275167785234899431e-01,6.711409395973154217e-03,0.000000000000000000e+00,1.006711409395973089e-02,0.000000000000000000e+00,6.711409395973154217e-03,2.684563758389261687e-02,0.000000000000000000e+00,3.355704697986577108e-03,0.000000000000000000e+00,1.677852348993288598e-02
2.736842105263158006e-02,8.631578947368420685e-02,8.421052631578947179e-03,0.000000000000000000e+00,3.578947368421052377e-02,3.789473684210526577e-02,3.599999999999999867e-01,2.105263157894736795e-03,2.105263157894736795e-03,4.210526315789473589e-03,2.105263157894736795e-03,5.263157894736841813e-02,4.210526315789473589e-03,1.894736842105263289e-02,0.000000000000000000e+00,2.736842105263158006e-02,4.210526315789473589e-03,2.736842105263158006e-02,6.315789473684210384e-03,0.000000000000000000e+00,0.000000000000000000e+00,2.736842105263158006e-02,0.000000000000000000e+00,0.000000000000000000e+00,0.000000000000000000e+00,8.000000000000000167e-02,0.000000000000000000e+00,0.000000000000000000e+00,0.000000000000000000e+00,1.894736842105263289e-02,6.315789473684210384e-03,0.000000000000000000e+00,1.263157894736842077e-02,4.210526315789473589e-03,0.000000000000000000e+00,0.000000000000000000e+00,6.315789473684210384e-03,2.105263157894736795e-03,0.000000000000000000e+00,0.000000000000000000e+00,0.000000000000000000e+00,8.421052631578947179e-03,0.000000000000000000e+00,0.000000000000000000e+00,0.000000000000000000e+00,7.578947368421053155e-02,0.000000000000000000e+00,0.000000000000000000e+00,0.000000000000000000e+00,0.000000000000000000e+00,4.210526315789473589e-03,4.631578947368421295e-02,0.000000000000000000e+00
5.263157894736841813e-02,3.508771929824561209e-02,0.000000000000000000e+00,1.754385964912280604e-02,5.847953216374268681e-02,5.847953216374268681e-03,5.847953216374268681e-03,1.754385964912280604e-02,7.017543859649122417e-02,1.169590643274853736e-02,2.339181286549707472e-02,1.169590643274853736e-02,5.847953216374268681e-02,2.339181286549707472e-02,0.000000000000000000e+00,5.847953216374268681e-03,2.339181286549707472e-02,1.754385964912280604e-02,0.000000000000000000e+00,0.000000000000000000e+00,5.847953216374268681e-03,4.678362573099414945e-02,0.000000000000000000e+00,0.000000000000000000e+00,5.847953216374268681e-03,5.847953216374268681e-03,1.169590643274853736e-02,2.923976608187134341e-02,2.923976608187134341e-02,5.847953216374268681e-03,1.754385964912280604e-02,1.169590643274853736e-02,2.339181286549707472e-02,2.923976608187134341e-02,1.169590643274853736e-01,0.000000000000000000e+00,0.000000000000000000e+00,1.169590643274853736e-02,5.847953216374268681e-03,0.000000000000000000e+00,3.508771929824561209e-02,2.923976608187134341e-02,0.000000000000000000e+00,1.754385964912280604e-02,0.000000000000000000e+00,0.000000000000000000e+00,0.000000000000000000e+00,1.754385964912280604e-02,5.847953216374268681e-03,7.017543859649122417e-02,2.923976608187134341e-02,0.000000000000000000e+00,0.000000000000000000e+00
1.540880503144654023e-01,2.515723270440251708e-02,2.515723270440251708e-02,1.006289308176100683e-01,1.886792452830188607e-02,3.459119496855345838e-02,6.289308176100629269e-03,1.069182389937106958e-01,6.289308176100629269e-03,2.138364779874213917e-01,3.459119496855345838e-02,9.433962264150943036e-03,6.289308176100629269e-03,1.446540880503144610e-01,0.000000000000000000e+00,9.433962264150943036e-03,0.000000000000000000e+00,4.402515723270439968e-02,0.000000000000000000e+00,0.000000000000000000e+00,6.289308176100629269e-03,0.000000000000000000e+00,0.000000000000000000e+00,0.000000000000000000e+00,0.000000000000000000e+00,3.144654088050314635e-03,0.000000000000000000e+00,0.000000000000000000e+00,3.144654088050314635e-03,0.000000000000000000e+00,2.830188679245283084e-02,0.000000000000000000e+00,3.144654088050314635e-03,1.572327044025157231e-02,0.000000000000000000e+00,0.000000000000000000e+00,0.000000000000000000e+00,0.000000000000000000e+00,0.000000000000000000e+00,0.000000000000000000e+00,0.000000000000000000e+00,0.000000000000000000e+00,0.000000000000000000e+00,0.000000000000000000e+00,0.000000000000000000e+00,0.000000000000000000e+00,0.000000000000000000e+00,0.000000000000000000e+00,0.000000000000000000e+00,0.000000000000000000e+00,0.000000000000000000e+00,0.000000000000000000e+00,0.000000000000000000e+00
0.000000000000000000e+00,0.000000000000000000e+00,1.986754966887417304e-02,3.311258278145695361e-03,0.000000000000000000e+00,0.000000000000000000e+00,8.278145695364239054e-02,0.000000000000000000e+00,0.000000000000000000e+00,9.933774834437086518e-03,9.271523178807947185e-02,0.000000000000000000e+00,1.324503311258278145e-02,6.291390728476821403e-02,3.311258278145695622e-02,4.966887417218542738e-02,0.000000000000000000e+00,9.933774834437086518e-03,9.933774834437086518e-03,1.324503311258278145e-02,0.000000000000000000e+00,3.311258278145695361e-03,1.655629139072847811e-02,3.311258278145695361e-03,0.000000000000000000e+00,0.000000000000000000e+00,0.000000000000000000e+00,0.000000000000000000e+00,0.000000000000000000e+00,3.311258278145695361e-03,1.655629139072847811e-02,9.933774834437086518e-03,3.311258278145695361e-03,3.311258278145695361e-03,0.000000000000000000e+00,0.000000000000000000e+00,7.615894039735099375e-02,0.000000000000000000e+00,0.000000000000000000e+00,1.721854304635761501e-01,0.000000000000000000e+00,3.642384105960264767e-02,6.622516556291391243e-02,0.000000000000000000e+00,0.000000000000000000e+00,9.933774834437085477e-02,0.000000000000000000e+00,0.000000000000000000e+00,0.000000000000000000e+00,0.000000000000000000e+00,6.622516556291390723e-03,6.622516556291390723e-03,7.615894039735099375e-02
2.970297029702970160e-02,1.980198019801980222e-02,0.000000000000000000e+00,1.980198019801980222e-02,2.970297029702970160e-02,4.950495049504950555e-03,0.000000000000000000e+00,7.920792079207920888e-02,0.000000000000000000e+00,4.950495049504950555e-03,1.980198019801980222e-02,1.287128712871287162e-01,3.465346534653465649e-02,2.079207920792079112e-01,0.000000000000000000e+00,1.831683168316831645e-01,0.000000000000000000e+00,1.980198019801980222e-02,0.000000000000000000e+00,0.000000000000000000e+00,0.000000000000000000e+00,4.950495049504950555e-03,0.000000000000000000e+00,4.950495049504950555e-03,9.900990099009901110e-03,9.900990099009901110e-03,0.000000000000000000e+00,0.000000000000000000e+00,9.900990099009901110e-03,0.000000000000000000e+00,4.455445544554455239e-02,9.900990099009901110e-03,4.455445544554455239e-02,0.000000000000000000e+00,0.000000000000000000e+00,0.000000000000000000e+00,4.950495049504950555e-03,0.000000000000000000e+00,4.455445544554455239e-02,0.000000000000000000e+00,0.000000000000000000e+00,9.900990099009901110e-03,0.000000000000000000e+00,0.000000000000000000e+00,0.000000000000000000e+00,0.000000000000000000e+00,0.000000000000000000e+00,1.485148514851485080e-02,0.000000000000000000e+00,0.000000000000000000e+00,4.950495049504950555e-03,0.000000000000000000e+00,0.000000000000000000e+00
0.000000000000000000e+00,7.307692307692308098e-02,7.692307692307692735e-03,5.000000000000000278e-02,2.307692307692307820e-02,4.615384615384615641e-02,0.000000000000000000e+00,4.230769230769231004e-02,9.615384615384615918e-02,0.000000000000000000e+00,0.000000000000000000e+00,0.000000000000000000e+00,2.307692307692307820e-02,0.000000000000000000e+00,0.000000000000000000e+00,0.000000000000000000e+00,2.846153846153846034e-01,3.846153846153846367e-02,0.000000000000000000e+00,0.000000000000000000e+00,5.769230769230769551e-02,7.692307692307692735e-03,0.000000000000000000e+00,2.692307692307692457e-02,0.000000000000000000e+00,0.000000000000000000e+00,0.000000000000000000e+00,0.000000000000000000e+00,3.076923076923077094e-02,0.000000000000000000e+00,3.846153846153846367e-03,0.000000000000000000e+00,0.000000000000000000e+00,0.000000000000000000e+00,5.384615384615384914e-02,0.000000000000000000e+00,0.000000000000000000e+00,0.000000000000000000e+00,5.384615384615384914e-02,0.000000000000000000e+00,0.000000000000000000e+00,0.000000000000000000e+00,0.000000000000000000e+00,0.000000000000000000e+00,0.000000000000000000e+00,0.000000000000000000e+00,0.000000000000000000e+00,3.846153846153846367e-03,0.000000000000000000e+00,6.923076923076923461e-02,7.692307692307692735e-03,0.000000000000000000e+00,0.000000000000000000e+00
1.481481481481481399e-01,1.058201058201058142e-01,3.703703703703703498e-02,4.761904761904761640e-02,6.349206349206348854e-02,7.936507936507936067e-02,1.058201058201058142e-02,2.645502645502645356e-02,1.058201058201058142e-02,1.587301587301587213e-02,0.000000000000000000e+00,3.703703703703703498e-02,3.174603174603174427e-02,0.000000000000000000e+00,0.000000000000000000e+00,0.000000000000000000e+00,0.000000000000000000e+00,1.058201058201058142e-02,0.000000000000000000e+00,0.000000000000000000e+00,1.058201058201058142e-02,4.761904761904761640e-02,3.174603174603174427e-02,1.428571428571428492e-01,3.174603174603174427e-02,0.000000000000000000e+00,0.000000000000000000e+00,2.645502645502645356e-02,0.000000000000000000e+00,0.000000000000000000e+00,0.000000000000000000e+00,0.000000000000000000e+00,1.587301587301587213e-02,2.116402116402116285e-02,3.174603174603174427e-02,0.000000000000000000e+00,0.000000000000000000e+00,0.000000000000000000e+00,5.291005291005290712e-03,0.000000000000000000e+00,0.000000000000000000e+00,5.291005291005290712e-03,0.000000000000000000e+00,0.000000000000000000e+00,0.000000000000000000e+00,0.000000000000000000e+00,0.000000000000000000e+00,5.291005291005290712e-03,0.000000000000000000e+00,0.000000000000000000e+00,0.000000000000000000e+00,0.000000000000000000e+00,0.000000000000000000e+00
8.032128514056224161e-03,1.606425702811244832e-02,8.835341365461847618e-02,1.606425702811244832e-02,0.000000000000000000e+00,0.000000000000000000e+00,6.024096385542168641e-02,0.000000000000000000e+00,2.409638554216867595e-02,1.004016064257028107e-01,0.000000000000000000e+00,0.000000000000000000e+00,2.409638554216867595e-02,1.204819277108433798e-02,1.124497991967871452e-01,0.000000000000000000e+00,4.016064257028112081e-03,1.606425702811244832e-02,8.032128514056224161e-03,3.212851405622489664e-02,0.000000000000000000e+00,8.032128514056224161e-03,0.000000000000000000e+00,0.000000000000000000e+00,0.000000000000000000e+00,0.000000000000000000e+00,0.000000000000000000e+00,0.000000000000000000e+00,0.000000000000000000e+00,0.000000000000000000e+00,0.000000000000000000e+00,3.212851405622489664e-02,0.000000000000000000e+00,8.032128514056224161e-03,0.000000000000000000e+00,0.000000000000000000e+00,5.220883534136545878e-02,4.016064257028112081e-03,0.000000000000000000e+00,1.566265060240963902e-01,4.819277108433735191e-02,0.000000000000000000e+00,6.024096385542168641e-02,4.016064257028112081e-03,0.000000000000000000e+00,6.425702811244979329e-02,0.000000000000000000e+00,0.000000000000000000e+00,8.032128514056224161e-03,0.000000000000000000e+00,8.032128514056224161e-03,4.016064257028112081e-03,2.008032128514056214e-02
4.524886877828054703e-03,2.714932126696832648e-02,4.072398190045248972e-02,4.072398190045248972e-02,5.429864253393665297e-02,9.049773755656109406e-03,2.262443438914027091e-02,3.167420814479637858e-02,1.357466063348416324e-02,1.809954751131221881e-02,9.049773755656109406e-03,9.049773755656109406e-03,8.144796380090497945e-02,2.262443438914027091e-02,1.900452488687782715e-01,2.262443438914027091e-02,9.049773755656109406e-03,6.334841628959275717e-02,1.809954751131221881e-02,1.357466063348416324e-02,9.049773755656109406e-03,1.357466063348416324e-02,9.049773755656109406e-03,4.524886877828054703e-03,0.000000000000000000e+00,4.524886877828054703e-03,3.619909502262443762e-02,2.714932126696832648e-02,0.000000000000000000e+00,1.357466063348416324e-02,0.000000000000000000e+00,0.000000000000000000e+00,0.000000000000000000e+00,0.000000000000000000e+00,4.524886877828054703e-03,0.000000000000000000e+00,9.049773755656109406e-03,0.000000000000000000e+00,6.334841628959275717e-02,4.524886877828054703e-03,1.357466063348416324e-02,3.167420814479637858e-02,9.049773755656109406e-03,0.000000000000000000e+00,0.000000000000000000e+00,9.049773755656109406e-03,0.000000000000000000e+00,2.714932126696832648e-02,0.000000000000000000e+00,9.049773755656109406e-03,0.000000000000000000e+00,0.000000000000000000e+00,0.000000000000000000e+00
0.000000000000000000e+00,4.897959183673469136e-02,1.714285714285714302e-01,9.387755102040816479e-02,8.163265306122448328e-02,1.632653061224489943e-02,0.000000000000000000e+00,2.040816326530612082e-02,1.142857142857142821e-01,4.081632653061224858e-03,6.530612244897959773e-02,0.000000000000000000e+00,1.224489795918367284e-02,2.448979591836734568e-02,0.000000000000000000e+00,2.040816326530612082e-02,4.081632653061224164e-02,2.857142857142857054e-02,0.000000000000000000e+00,0.000000000000000000e+00,4.081632653061224858e-03,4.081632653061224858e-03,0.000000000000000000e+00,0.000000000000000000e+00,1.224489795918367284e-02,0.000000000000000000e+00,3.265306122448979886e-02,1.183673469387755139e-01,0.000000000000000000e+00,4.081632653061224858e-03,1.632653061224489943e-02,0.000000000000000000e+00,8.163265306122449716e-03,0.000000000000000000e+00,1.632653061224489943e-02,0.000000000000000000e+00,0.000000000000000000e+00,0.000000000000000000e+00,4.081632653061224858e-03,0.000000000000000000e+00,0.000000000000000000e+00,0.000000000000000000e+00,0.000000000000000000e+00,0.000000000000000000e+00,0.000000000000000000e+00,0.000000000000000000e+00,0.000000000000000000e+00,1.632653061224489943e-02,0.000000000000000000e+00,2.040816326530612082e-02,0.000000000000000000e+00,0.000000000000000000e+00,0.000000000000000000e+00
1.863354037267080793e-02,6.211180124223602064e-03,0.000000000000000000e+00,6.211180124223602064e-03,7.453416149068323171e-02,0.000000000000000000e+00,2.484472049689440826e-02,6.211180124223602064e-03,0.000000000000000000e+00,6.211180124223602064e-03,2.049689440993788803e-01,8.074534161490683204e-02,6.211180124223602064e-03,6.832298136645963138e-02,0.000000000000000000e+00,1.055900621118012472e-01,0.000000000000000000e+00,5.590062111801242378e-02,0.000000000000000000e+00,1.242236024844720413e-02,0.000000000000000000e+00,0.000000000000000000e+00,2.484472049689440826e-02,4.347826086956521618e-02,0.000000000000000000e+00,8.074534161490683204e-02,3.726708074534161586e-02,0.000000000000000000e+00,6.211180124223602064e-03,0.000000000000000000e+00,6.211180124223602064e-03,0.000000000000000000e+00,0.000000000000000000e+00,6.211180124223602064e-03,6.211180124223602064e-03,0.000000000000000000e+00,3.105590062111801206e-02,0.000000000000000000e+00,0.000000000000000000e+00,6.211180124223602064e-03,0.000000000000000000e+00,3.726708074534161586e-02,0.000000000000000000e+00,0.000000000000000000e+00,0.000000000000000000e+00,0.000000000000000000e+00,0.000000000000000000e+00,1.863354037267080793e-02,0.000000000000000000e+00,0.000000000000000000e+00,1.242236024844720413e-02,0.000000000000000000e+00,6.211180124223602064e-03
4.455445544554455239e-02,9.900990099009901457e-02,3.960396039603960444e-02,3.960396039603960444e-02,2.475247524752475364e-02,1.980198019801980222e-02,1.980198019801980222e-02,0.000000000000000000e+00,6.435643564356435808e-02,3.960396039603960444e-02,9.900990099009901110e-03,0.000000000000000000e+00,1.435643564356435531e-01,1.485148514851485080e-02,9.900990099009901110e-03,4.950495049504950555e-03,2.970297029702970160e-02,4.950495049504950729e-02,0.000000000000000000e+00,4.950495049504950555e-03,1.485148514851485080e-02,1.485148514851485080e-02,0.000000000000000000e+00,1.089108910891089105e-01,0.000000000000000000e+00,1.485148514851485080e-02,0.000000000000000000e+00,9.900990099009901110e-03,4.950495049504950555e-03,1.980198019801980222e-02,0.000000000000000000e+00,1.485148514851485080e-02,0.000000000000000000e+00,0.000000000000000000e+00,4.950495049504950729e-02,0.000000000000000000e+00,0.000000000000000000e+00,0.000000000000000000e+00,0.000000000000000000e+00,4.950495049504950555e-03,9.900990099009901110e-03,4.950495049504950555e-03,0.000000000000000000e+00,0.000000000000000000e+00,0.000000000000000000e+00,4.950495049504950555e-03,0.000000000000000000e+00,0.000000000000000000e+00,0.000000000000000000e+00,0.000000000000000000e+00,6.435643564356435808e-02,0.000000000000000000e+00,0.000000000000000000e+00
0.000000000000000000e+00,5.797101449275362389e-02,1.594202898550724501e-01,4.830917874396135035e-03,7.246376811594203160e-02,1.449275362318840597e-02,3.381642512077294438e-02,0.000000000000000000e+00,1.111111111111111049e-01,0.000000000000000000e+00,0.000000000000000000e+00,0.000000000000000000e+00,4.830917874396135035e-03,0.000000000000000000e+00,2.415458937198067604e-02,0.000000000000000000e+00,2.898550724637681195e-02,6.280193236714975979e-02,0.000000000000000000e+00,0.000000000000000000e+00,9.661835748792270070e-03,2.415458937198067604e-02,0.000000000000000000e+00,3.381642512077294438e-02,0.000000000000000000e+00,0.000000000000000000e+00,4.830917874396135035e-03,1.062801932367149760e-01,1.449275362318840597e-02,4.830917874396135035e-03,9.661835748792270070e-03,4.830917874396135035e-03,4.830917874396135035e-03,4.830917874396135035e-03,0.000000000000000000e+00,0.000000000000000000e+00,0.000000000000000000e+00,1.932367149758454014e-02,1.449275362318840597e-02,4.830917874396135035e-03,2.898550724637681195e-02,4.830917874396135035e-03,1.449275362318840597e-02,0.000000000000000000e+00,0.000000000000000000e+00,0.000000000000000000e+00,0.000000000000000000e+00,0.000000000000000000e+00,9.661835748792270417e-02,1.449275362318840597e-02,4.830917874396135035e-03,0.000000000000000000e+00,0.000000000000000000e+00
0.000000000000000000e+00,0.000000000000000000e+00,0.000000000000000000e+00,0.000000000000000000e+00,0.000000000000000000e+00,0.000000000000000000e+00,0.000000000000000000e+00,0.000000000000000000e+00,0.000000000000000000e+00,0.000000000000000000e+00,0.000000000000000000e+00,0.000000000000000000e+00,0.000000000000000000e+00,0.000000000000000000e+00,0.000000000000000000e+00,0.000000000000000000e+00,0.000000000000000000e+00,3.643724696356274995e-02,2.267206477732793546e-01,1.497975708502024272e-01,0.000000000000000000e+00,0.000000000000000000e+00,0.000000000000000000e+00,0.000000000000000000e+00,0.000000000000000000e+00,0.000000000000000000e+00,0.000000000000000000e+00,0.000000000000000000e+00,0.000000000000000000e+00,0.000000000000000000e+00,4.048582995951417046e-03,1.214574898785425114e-02,0.000000000000000000e+00,0.000000000000000000e+00,0.000000000000000000e+00,0.000000000000000000e+00,2.429149797570850228e-02,2.469635627530364363e-01,0.000000000000000000e+00,0.000000000000000000e+00,0.000000000000000000e+00,0.000000000000000000e+00,0.000000000000000000e+00,1.659919028340081093e-01,0.000000000000000000e+00,0.000000000000000000e+00,6.072874493927125222e-02,0.000000000000000000e+00,0.000000000000000000e+00,0.000000000000000000e+00,8.097165991902834092e-03,3.643724696356274995e-02,2.834008097165991932e-02
0.000000000000000000e+00,0.000000000000000000e+00,0.000000000000000000e+00,0.000000000000000000e+00,0.000000000000000000e+00,0.000000000000000000e+00,0.000000000000000000e+00,0.000000000000000000e+00,0.000000000000000000e+00,1.106557377049180307e-01,0.000000000000000000e+00,0.000000000000000000e+00,8.196721311475410263e-03,4.098360655737705131e-03,2.868852459016393505e-02,0.000000000000000000e+00,0.000000000000000000e+00,2.049180327868852305e-02,9.016393442622951115e-02,4.508196721311475419e-01,0.000000000000000000e+00,0.000000000000000000e+00,0.000000000000000000e+00,0.000000000000000000e+00,0.000000000000000000e+00,0.000000000000000000e+00,0.000000000000000000e+00,0.000000000000000000e+00,0.000000000000000000e+00,0.000000000000000000e+00,0.000000000000000000e+00,4.098360655737705131e-03,0.000000000000000000e+00,0.000000000000000000e+00,0.000000000000000000e+00,4.098360655737704611e-02,0.000000000000000000e+00,1.229508196721311453e-02,0.000000000000000000e+00,4.098360655737705131e-03,0.000000000000000000e+00,0.000000000000000000e+00,0.000000000000000000e+00,6.557377049180328210e-02,9.836065573770491621e-02,0.000000000000000000e+00,1.229508196721311453e-02,0.000000000000000000e+00,0.000000000000000000e+00,0.000000000000000000e+00,4.098360655737705131e-03,8.196721311475410263e-03,3.688524590163934358e-02
0.000000000000000000e+00,3.861003861003861094e-03,0.000000000000000000e+00,0.000000000000000000e+00,0.000000000000000000e+00,0.000000000000000000e+00,7.722007722007722189e-03,0.000000000000000000e+00,0.000000000000000000e+00,0.000000000000000000e+00,0.000000000000000000e+00,0.000000000000000000e+00,0.000000000000000000e+00,0.000000000000000000e+00,3.088803088803088875e-02,0.000000000000000000e+00,0.000000000000000000e+00,4.247104247104246944e-02,4.942084942084942201e-01,5.791505791505791728e-02,0.000000000000000000e+00,1.158301158301158242e-02,3.861003861003861094e-03,0.000000000000000000e+00,0.000000000000000000e+00,0.000000000000000000e+00,0.000000000000000000e+00,0.000000000000000000e+00,0.000000000000000000e+00,0.000000000000000000e+00,7.722007722007722189e-03,3.861003861003860921e-02,0.000000000000000000e+00,0.000000000000000000e+00,3.861003861003861094e-03,6.177606177606177751e-02,3.861003861003861094e-03,0.000000000000000000e+00,0.000000000000000000e+00,0.000000000000000000e+00,0.000000000000000000e+00,3.861003861003861094e-03,0.000000000000000000e+00,1.158301158301158242e-02,7.722007722007722189e-03,7.722007722007722189e-03,7.722007722007722189e-03,0.000000000000000000e+00,3.861003861003861094e-03,0.000000000000000000e+00,0.000000000000000000e+00,1.776061776061776121e-01,1.158301158301158242e-02
2.666666666666666838e-02,1.199999999999999956e-01,1.333333333333333419e-02,1.533333333333333215e-01,1.133333333333333276e-01,6.666666666666667095e-03,0.000000000000000000e+00,8.000000000000000167e-02,1.333333333333333419e-02,0.000000000000000000e+00,0.000000000000000000e+00,6.666666666666667095e-03,4.666666666666666879e-02,4.666666666666666879e-02,0.000000000000000000e+00,1.333333333333333419e-02,0.000000000000000000e+00,6.666666666666667095e-03,0.000000000000000000e+00,0.000000000000000000e+00,2.666666666666666838e-02,6.666666666666667095e-03,0.000000000000000000e+00,1.333333333333333419e-02,0.000000000000000000e+00,0.000000000000000000e+00,6.666666666666667095e-03,2.666666666666666838e-02,3.333333333333333287e-02,0.000000000000000000e+00,2.666666666666666838e-02,6.666666666666667095e-03,3.333333333333333287e-02,0.000000000000000000e+00,5.999999999999999778e-02,0.000000000000000000e+00,0.000000000000000000e+00,0.000000000000000000e+00,0.000000000000000000e+00,0.000000000000000000e+00,6.666666666666667095e-03,2.666666666666666838e-02,0.000000000000000000e+00,0.000000000000000000e+00,0.000000000000000000e+00,0.000000000000000000e+00,0.000000000000000000e+00,4.666666666666666879e-02,0.000000000000000000e+00,2.666666666666666838e-02,6.666666666666667095e-03,0.000000000000000000e+00,0.000000000000000000e+00
0.000000000000000000e+00,0.000000000000000000e+00,0.000000000000000000e+00,0.000000000000000000e+00,0.000000000000000000e+00,0.000000000000000000e+00,6.622516556291390723e-03,0.000000000000000000e+00,0.000000000000000000e+00,0.000000000000000000e+00,6.622516556291390723e-03,0.000000000000000000e+00,6.622516556291390723e-03,1.324503311258278145e-02,4.900662251655629187e-01,6.622516556291390723e-03,0.000000000000000000e+00,1.986754966887417304e-02,1.324503311258278145e-02,3.973509933774834607e-02,0.000000000000000000e+00,0.000000000000000000e+00,0.000000000000000000e+00,1.324503311258278145e-02,0.000000000000000000e+00,1.986754966887417304e-02,0.000000000000000000e+00,0.000000000000000000e+00,0.000000000000000000e+00,5.298013245033112578e-02,0.000000000000000000e+00,7.284768211920529535e-02,0.000000000000000000e+00,0.000000000000000000e+00,0.000000000000000000e+00,0.000000000000000000e+00,0.000000000000000000e+00,0.000000000000000000e+00,0.000000000000000000e+00,0.000000000000000000e+00,0.000000000000000000e+00,6.622516556291390723e-03,1.324503311258278249e-01,5.960264900662251564e-02,0.000000000000000000e+00,6.622516556291390723e-03,0.000000000000000000e+00,0.000000000000000000e+00,3.311258278145695622e-02,0.000000000000000000e+00,0.000000000000000000e+00,0.000000000000000000e+00,0.000000000000000000e+00
0.000000000000000000e+00,0.000000000000000000e+00,1.860465116279069742e-02,9.302325581395348708e-03,0.000000000000000000e+00,0.000000000000000000e+00,2.790697674418604612e-02,0.000000000000000000e+00,1.488372093023255793e-01,0.000000000000000000e+00,0.000000000000000000e+00,0.000000000000000000e+00,1.860465116279069742e-02,0.000000000000000000e+00,1.395348837209302306e-01,0.000000000000000000e+00,4.651162790697674354e-03,4.186046511627906919e-02,1.860465116279069742e-02,1.395348837209302306e-02,0.000000000000000000e+00,4.651162790697674354e-03,0.000000000000000000e+00,4.651162790697674354e-03,0.000000000000000000e+00,0.000000000000000000e+00,0.000000000000000000e+00,1.860465116279069742e-02,0.000000000000000000e+00,4.651162790697674354e-02,9.302325581395348708e-03,8.837209302325581273e-02,0.000000000000000000e+00,0.000000000000000000e+00,1.860465116279069742e-02,4.651162790697674354e-03,0.000000000000000000e+00,2.325581395348837177e-02,0.000000000000000000e+00,0.000000000000000000e+00,0.000000000000000000e+00,0.000000000000000000e+00,5.116279069767441789e-02,2.325581395348837177e-02,0.000000000000000000e+00,1.395348837209302306e-02,0.000000000000000000e+00,0.000000000000000000e+00,2.372093023255814059e-01,9.302325581395348708e-03,4.651162790697674354e-03,0.000000000000000000e+00,0.000000000000000000e+00
0.000000000000000000e+00,2.666666666666666838e-02,6.666666666666666574e-02,1.333333333333333419e-02,8.666666666666666963e-02,1.333333333333333419e-02,1.333333333333333419e-02,0.000000000000000000e+00,0.000000000000000000e+00,0.000000000000000000e+00,2.333333333333333370e-01,5.999999999999999778e-02,0.000000000000000000e+00,2.666666666666666838e-02,6.666666666666667095e-03,7.333333333333333370e-02,0.000000000000000000e+00,3.333333333333333287e-02,0.000000000000000000e+00,0.000000000000000000e+00,0.000000000000000000e+00,0.000000000000000000e+00,3.333333333333333287e-02,2.000000000000000042e-02,0.000000000000000000e+00,2.666666666666666838e-02,8.000000000000000167e-02,6.666666666666667095e-03,0.000000000000000000e+00,6.666666666666667095e-03,2.666666666666666838e-02,0.000000000000000000e+00,1.333333333333333419e-02,0.000000000000000000e+00,6.666666666666667095e-03,0.000000000000000000e+00,0.000000000000000000e+00,6.666666666666667095e-03,0.000000000000000000e+00,2.000000000000000042e-02,0.000000000000000000e+00,0.000000000000000000e+00,5.999999999999999778e-02,0.000000000000000000e+00,0.000000000000000000e+00,2.000000000000000042e-02,0.000000000000000000e+00,2.000000000000000042e-02,0.000000000000000000e+00,0.000000000000000000e+00,0.000000000000000000e+00,0.000000000000000000e+00,0.000000000000000000e+00
0.000000000000000000e+00,0.000000000000000000e+00,0.000000000000000000e+00,0.000000000000000000e+00,0.000000000000000000e+00,0.000000000000000000e+00,2.127659574468085055e-02,0.000000000000000000e+00,0.000000000000000000e+00,0.000000000000000000e+00,0.000000000000000000e+00,0.000000000000000000e+00,0.000000000000000000e+00,0.000000000000000000e+00,3.120567375886524886e-01,0.000000000000000000e+00,0.000000000000000000e+00,3.546099290780142105e-02,0.000000000000000000e+00,0.000000000000000000e+00,0.000000000000000000e+00,7.092198581560283516e-03,0.000000000000000000e+00,0.000000000000000000e+00,0.000000000000000000e+00,0.000000000000000000e+00,0.000000000000000000e+00,0.000000000000000000e+00,0.000000000000000000e+00,0.000000000000000000e+00,0.000000000000000000e+00,3.262411347517730764e-01,0.000000000000000000e+00,0.000000000000000000e+00,0.000000000000000000e+00,0.000000000000000000e+00,7.092198581560283516e-03,0.000000000000000000e+00,0.000000000000000000e+00,6.382978723404254817e-02,2.836879432624113406e-02,0.000000000000000000e+00,0.000000000000000000e+00,0.000000000000000000e+00,0.000000000000000000e+00,7.092198581560283516e-03,1.914893617021276584e-01,0.000000000000000000e+00,0.000000000000000000e+00,0.000000000000000000e+00,0.000000000000000000e+00,0.000000000000000000e+00,0.000000000000000000e+00
0.000000000000000000e+00,0.000000000000000000e+00,0.000000000000000000e+00,0.000000000000000000e+00,0.000000000000000000e+00,0.000000000000000000e+00,0.000000000000000000e+00,0.000000000000000000e+00,0.000000000000000000e+00,0.000000000000000000e+00,0.000000000000000000e+00,0.000000000000000000e+00,9.756097560975609748e-03,0.000000000000000000e+00,1.951219512195121950e-02,0.000000000000000000e+00,0.000000000000000000e+00,1.951219512195121950e-02,6.829268292682927344e-02,4.195121951219512035e-01,0.000000000000000000e+00,0.000000000000000000e+00,0.000000000000000000e+00,0.000000000000000000e+00,0.000000000000000000e+00,0.000000000000000000e+00,0.000000000000000000e+00,0.000000000000000000e+00,0.000000000000000000e+00,4.878048780487804874e-03,0.000000000000000000e+00,8.780487804878048252e-02,0.000000000000000000e+00,0.000000000000000000e+00,0.000000000000000000e+00,5.853658536585366196e-02,1.658536585365853744e-01,4.390243902439024126e-02,0.000000000000000000e+00,1.463414634146341549e-02,0.000000000000000000e+00,0.000000000000000000e+00,1.463414634146341549e-02,0.000000000000000000e+00,4.878048780487804874e-03,0.000000000000000000e+00,3.902439024390243899e-02,0.000000000000000000e+00,4.878048780487804874e-03,0.000000000000000000e+00,4.878048780487804874e-03,0.000000000000000000e+00,1.951219512195121950e-02
0.000000000000000000e+00,0.000000000000000000e+00,0.000000000000000000e+00,0.000000000000000000e+00,0.000000000000000000e+00,0.000000000000000000e+00,0.000000000000000000e+00,0.000000000000000000e+00,0.000000000000000000e+00,0.000000000000000000e+00,0.000000000000000000e+00,0.000000000000000000e+00,0.000000000000000000e+00,0.000000000000000000e+00,0.000000000000000000e+00,0.000000000000000000e+00,0.000000000000000000e+00,3.539823008849557473e-02,3.230088495575221264e-01,2.256637168141592820e-01,0.000000000000000000e+00,0.000000000000000000e+00,0.000000000000000000e+00,8.849557522123893682e-03,0.000000000000000000e+00,0.000000000000000000e+00,0.000000000000000000e+00,0.000000000000000000e+00,0.000000000000000000e+00,0.000000000000000000e+00,0.000000000000000000e+00,4.424778761061946841e-03,0.000000000000000000e+00,0.000000000000000000e+00,0.000000000000000000e+00,9.734513274336283051e-02,4.424778761061946841e-02,1.106194690265486780e-01,0.000000000000000000e+00,0.000000000000000000e+00,0.000000000000000000e+00,0.000000000000000000e+00,0.000000000000000000e+00,5.309734513274336209e-02,0.000000000000000000e+00,1.327433628318584052e-02,1.327433628318584052e-02,0.000000000000000000e+00,0.000000000000000000e+00,0.000000000000000000e+00,8.849557522123893682e-03,4.424778761061946841e-03,5.752212389380530894e-02
0.000000000000000000e+00,0.000000000000000000e+00,0.000000000000000000e+00,0.000000000000000000e+00,0.000000000000000000e+00,0.000000000000000000e+00,0.000000000000000000e+00,0.000000000000000000e+00,0.000000000000000000e+00,0.000000000000000000e+00,6.060606060606060601e-03,0.000000000000000000e+00,0.000000000000000000e+00,0.000000000000000000e+00,8.484848484848485362e-02,0.000000000000000000e+00,0.000000000000000000e+00,1.818181818181818094e-02,3.939393939393939226e-01,8.484848484848485362e-02,0.000000000000000000e+00,0.000000000000000000e+00,1.212121212121212120e-02,1.212121212121212120e-02,0.000000000000000000e+00,6.060606060606060601e-03,0.000000000000000000e+00,0.000000000000000000e+00,0.000000000000000000e+00,0.000000000000000000e+00,0.000000000000000000e+00,0.000000000000000000e+00,0.000000000000000000e+00,0.000000000000000000e+00,0.000000000000000000e+00,1.818181818181818094e-02,2.424242424242424240e-02,3.636363636363636187e-02,0.000000000000000000e+00,6.060606060606060601e-03,0.000000000000000000e+00,0.000000000000000000e+00,1.212121212121212120e-02,1.818181818181818094e-02,1.818181818181818232e-01,0.000000000000000000e+00,0.000000000000000000e+00,0.000000000000000000e+00,0.000000000000000000e+00,0.000000000000000000e+00,1.212121212121212120e-02,4.242424242424242681e-02,3.030303030303030387e-02
0.000000000000000000e+00,0.000000000000000000e+00,0.000000000000000000e+00,0.000000000000000000e+00,0.000000000000000000e+00,0.000000000000000000e+00,0.000000000000000000e+00,0.000000000000000000e+00,0.000000000000000000e+00,0.000000000000000000e+00,0.000000000000000000e+00,0.000000000000000000e+00,0.000000000000000000e+00,0.000000000000000000e+00,4.000000000000000083e-02,0.000000000000000000e+00,0.000000000000000000e+00,4.000000000000000083e-02,1.280000000000000027e-01,1.360000000000000098e-01,0.000000000000000000e+00,0.000000000000000000e+00,0.000000000000000000e+00,0.000000000000000000e+00,0.000000000000000000e+00,0.000000000000000000e+00,0.000000000000000000e+00,0.000000000000000000e+00,0.000000000000000000e+00,0.000000000000000000e+00,8.000000000000000167e-03,3.599999999999999867e-01,0.000000000000000000e+00,0.000000000000000000e+00,0.000000000000000000e+00,0.000000000000000000e+00,8.000000000000000167e-03,1.360000000000000098e-01,0.000000000000000000e+00,0.000000000000000000e+00,8.000000000000000167e-03,0.000000000000000000e+00,8.000000000000000167e-03,7.199999999999999456e-02,0.000000000000000000e+00,0.000000000000000000e+00,0.000000000000000000e+00,0.000000000000000000e+00,8.000000000000000167e-03,0.000000000000000000e+00,1.600000000000000033e-02,2.400000000000000050e-02,8.000000000000000167e-03
4.761904761904761640e-02,1.587301587301587213e-02,0.000000000000000000e+00,0.000000000000000000e+00,6.349206349206348854e-02,0.000000000000000000e+00,0.000000000000000000e+00,1.587301587301587213e-02,0.000000000000000000e+00,0.000000000000000000e+00,4.761904761904761640e-02,4.761904761904761640e-02,4.761904761904761640e-02,3.174603174603174427e-02,3.174603174603174427e-02,0.000000000000000000e+00,0.000000000000000000e+00,6.349206349206348854e-02,0.000000000000000000e+00,0.000000000000000000e+00,0.000000000000000000e+00,1.587301587301587213e-02,0.000000000000000000e+00,9.523809523809523281e-02,0.000000000000000000e+00,1.587301587301587213e-02,1.111111111111111049e-01,0.000000000000000000e+00,0.000000000000000000e+00,0.000000000000000000e+00,7.936507936507936067e-02,0.000000000000000000e+00,7.936507936507936067e-02,0.000000000000000000e+00,3.174603174603174427e-02,0.000000000000000000e+00,1.587301587301587213e-02,0.000000000000000000e+00,0.000000000000000000e+00,1.587301587301587213e-02,0.000000000000000000e+00,4.761904761904761640e-02,6.349206349206348854e-02,0.000000000000000000e+00,0.000000000000000000e+00,0.000000000000000000e+00,0.000000000000000000e+00,0.000000000000000000e+00,0.000000000000000000e+00,0.000000000000000000e+00,1.587301587301587213e-02,0.000000000000000000e+00,0.000000000000000000e+00
0.000000000000000000e+00,0.000000000000000000e+00,0.000000000000000000e+00,0.000000000000000000e+00,0.000000000000000000e+00,0.000000000000000000e+00,0.000000000000000000e+00,0.000000000000000000e+00,9.900990099009901110e-03,0.000000000000000000e+00,0.000000000000000000e+00,0.000000000000000000e+00,0.000000000000000000e+00,0.000000000000000000e+00,1.683168316831683275e-01,0.000000000000000000e+00,0.000000000000000000e+00,3.960396039603960444e-02,0.000000000000000000e+00,0.000000000000000000e+00,0.000000000000000000e+00,0.000000000000000000e+00,0.000000000000000000e+00,0.000000000000000000e+00,0.000000000000000000e+00,0.000000000000000000e+00,0.000000000000000000e+00,9.900990099009901110e-03,0.000000000000000000e+00,9.900990099009901110e-03,0.000000000000000000e+00,3.663366336633663289e-01,0.000000000000000000e+00,0.000000000000000000e+00,9.900990099009901110e-03,0.000000000000000000e+00,0.000000000000000000e+00,9.900990099009901110e-03,0.000000000000000000e+00,9.900990099009901110e-03,1.386138613861386260e-01,0.000000000000000000e+00,9.900990099009901110e-03,0.000000000000000000e+00,0.000000000000000000e+00,0.000000000000000000e+00,2.178217821782178210e-01,0.000000000000000000e+00,0.000000000000000000e+00,0.000000000000000000e+00,0.000000000000000000e+00,0.000000000000000000e+00,0.000000000000000000e+00
0.000000000000000000e+00,0.000000000000000000e+00,1.204819277108433798e-02,8.433734939759035543e-02,0.000000000000000000e+00,0.000000000000000000e+00,0.000000000000000000e+00,0.000000000000000000e+00,1.686746987951807109e-01,0.000000000000000000e+00,0.000000000000000000e+00,0.000000000000000000e+00,1.204819277108433798e-02,0.000000000000000000e+00,0.000000000000000000e+00,0.000000000000000000e+00,1.204819277108433798e-02,6.024096385542168641e-02,0.000000000000000000e+00,0.000000000000000000e+00,1.204819277108433798e-02,1.204819277108433798e-02,0.000000000000000000e+00,1.686746987951807109e-01,0.000000000000000000e+00,0.000000000000000000e+00,0.000000000000000000e+00,1.807228915662650592e-01,1.204819277108433798e-02,0.000000000000000000e+00,2.409638554216867595e-02,3.614457831325301046e-02,0.000000000000000000e+00,2.409638554216867595e-02,3.614457831325301046e-02,0.000000000000000000e+00,0.000000000000000000e+00,0.000000000000000000e+00,0.000000000000000000e+00,1.204819277108433798e-02,7.228915662650602092e-02,0.000000000000000000e+00,0.000000000000000000e+00,0.000000000000000000e+00,0.000000000000000000e+00,0.000000000000000000e+00,0.000000000000000000e+00,0.000000000000000000e+00,3.614457831325301046e-02,0.000000000000000000e+00,1.204819277108433798e-02,0.000000000000000000e+00,1.204819277108433798e-02
0.000000000000000000e+00,9.803921568627450844e-03,6.862745098039216285e-02,1.960784313725490169e-02,0.000000000000000000e+00,1.960784313725490169e-02,9.803921568627450844e-03,0.000000000000000000e+00,4.901960784313725422e-02,1.960784313725490169e-02,0.000000000000000000e+00,0.000000000000000000e+00,2.941176470588235253e-02,0.000000000000000000e+00,0.000000000000000000e+00,2.941176470588235253e-02,2.941176470588235253e-02,6.862745098039216285e-02,3.921568627450980338e-02,3.921568627450980338e-02,0.000000000000000000e+00,2.941176470588235253e-02,9.803921568627450844e-03,4.901960784313725422e-02,0.000000000000000000e+00,9.803921568627450844e-03,0.000000000000000000e+00,0.000000000000000000e+00,0.000000000000000000e+00,0.000000000000000000e+00,2.941176470588235253e-02,0.000000000000000000e+00,0.000000000000000000e+00,9.803921568627450844e-02,9.803921568627450844e-03,9.803921568627450844e-03,2.941176470588235253e-02,0.000000000000000000e+00,1.960784313725490169e-02,0.000000000000000000e+00,0.000000000000000000e+00,0.000000000000000000e+00,0.000000000000000000e+00,9.803921568627450844e-03,9.803921568627450844e-03,9.803921568627450844e-03,2.941176470588235253e-02,2.941176470588235253e-02,9.803921568627450844e-03,0.000000000000000000e+00,0.000000000000000000e+00,7.843137254901960675e-02,9.803921568627450844e-02
2.439024390243902524e-02,8.130081300813008990e-03,2.439024390243902524e-02,0.000000000000000000e+00,1.626016260162601798e-02,5.691056910569105426e-02,4.878048780487805047e-02,0.000000000000000000e+00,0.000000000000000000e+00,4.065040650406503975e-02,4.878048780487805047e-02,2.439024390243902524e-02,0.000000000000000000e+00,0.000000000000000000e+00,0.000000000000000000e+00,2.439024390243902524e-02,0.000000000000000000e+00,4.065040650406503975e-02,4.878048780487805047e-02,0.000000000000000000e+00,8.130081300813008990e-03,1.626016260162601798e-02,3.658536585365853577e-01,0.000000000000000000e+00,0.000000000000000000e+00,8.130081300813008990e-03,0.000000000000000000e+00,0.000000000000000000e+00,0.000000000000000000e+00,0.000000000000000000e+00,1.626016260162601798e-02,0.000000000000000000e+00,0.000000000000000000e+00,0.000000000000000000e+00,0.000000000000000000e+00,8.130081300813008990e-03,2.439024390243902524e-02,6.504065040650407192e-02,0.000000000000000000e+00,0.000000000000000000e+00,0.000000000000000000e+00,0.000000000000000000e+00,0.000000000000000000e+00,0.000000000000000000e+00,8.130081300813008990e-03,8.130081300813008990e-03,0.000000000000000000e+00,0.000000000000000000e+00,0.000000000000000000e+00,0.000000000000000000e+00,6.504065040650407192e-02,0.000000000000000000e+00,0.000000000000000000e+00
1.379310344827586188e-02,6.896551724137930939e-03,2.068965517241379282e-02,0.000000000000000000e+00,0.000000000000000000e+00,1.379310344827586188e-02,0.000000000000000000e+00,2.068965517241379282e-02,1.379310344827586188e-02,2.758620689655172376e-02,2.068965517241379282e-02,6.896551724137930939e-03,6.896551724137930939e-03,0.000000000000000000e+00,6.896551724137930939e-03,0.000000000000000000e+00,0.000000000000000000e+00,4.137931034482758563e-02,1.517241379310344807e-01,1.379310344827586188e-01,6.896551724137930939e-03,0.000000000000000000e+00,2.068965517241379282e-02,0.000000000000000000e+00,0.000000000000000000e+00,6.896551724137930939e-03,0.000000000000000000e+00,0.000000000000000000e+00,0.000000000000000000e+00,0.000000000000000000e+00,0.000000000000000000e+00,0.000000000000000000e+00,0.000000000000000000e+00,0.000000000000000000e+00,0.000000000000000000e+00,5.517241379310344751e-02,6.896551724137930939e-03,4.137931034482758563e-02,0.000000000000000000e+00,0.000000000000000000e+00,0.000000000000000000e+00,0.000000000000000000e+00,0.000000000000000000e+00,4.137931034482758563e-02,1.379310344827586188e-02,1.379310344827586188e-02,2.551724137931034586e-01,0.000000000000000000e+00,0.000000000000000000e+00,0.000000000000000000e+00,1.379310344827586188e-02,3.448275862068965469e-02,0.000000000000000000e+00
